caller,site,callee,kind
0x80000400,0x8000040C,,jr
0x80000450,0x800004F4,0x8002F4D0,call
0x800005B4,0x80000660,0x80015538,call
0x800005B4,0x800006B0,0x80015538,call
0x800005B4,0x800006C0,0x80015538,call
0x800005B4,0x800006D0,0x80015538,call
0x80000B00,0x80000BB8,0x80081A2C,call
0x80000B00,0x80000BCC,0x80081A2C,call
0x80000B00,0x80000BE0,0x80081A2C,call
0x80000B00,0x80000D5C,0x8000097C,call
0x80000D80,0x80000DC8,0x800154D0,call
0x80000E94,0x80000F28,0x8000097C,call
0x80000E94,0x800010A0,0x80000D80,call
0x80000E94,0x800010BC,0x80000D80,call
0x80000E94,0x800010E0,0x80000B00,call
0x80000E94,0x80001100,0x80000B00,call
0x80000E94,0x8000112C,0x80000D80,call
0x80000E94,0x80001148,0x80000D80,call
0x80000E94,0x8000116C,0x80000B00,call
0x80000E94,0x8000118C,0x80000B00,call
0x80000E94,0x800011AC,0x80000D80,call
0x80000E94,0x800011C8,0x80000D80,call
0x80000E94,0x800011EC,0x80000B00,call
0x80000E94,0x80001208,0x80000B00,call
0x80000E94,0x80001234,0x80000D80,call
0x80000E94,0x80001250,0x80000D80,call
0x80000E94,0x80001274,0x80000B00,call
0x80000E94,0x800012A0,0x80000D80,call
0x80000E94,0x800012BC,0x80000D80,call
0x80000E94,0x800012E0,0x80000B00,call
0x80000E94,0x80001300,0x80000D80,call
0x80000E94,0x8000131C,0x80000D80,call
0x80000E94,0x80001340,0x80000B00,call
0x80000E94,0x80001380,0x80000D80,call
0x80000E94,0x800013A0,0x80000D80,call
0x80000E94,0x800013D4,0x80000D80,call
0x80000E94,0x800013F4,0x80000D80,call
0x80000E94,0x80001414,0x80000D80,call
0x80000E94,0x80001434,0x80000D80,call
0x80000E94,0x80001478,0x80000D80,call
0x80000E94,0x80001498,0x80000D80,call
0x80000E94,0x800014CC,0x80000D80,call
0x80000E94,0x800014EC,0x80000D80,call
0x80000E94,0x8000150C,0x80000D80,call
0x80000E94,0x8000152C,0x80000D80,call
0x80000E94,0x80001564,0x80000D80,call
0x80000E94,0x80001584,0x80000D80,call
0x80000E94,0x800015B8,0x80000D80,call
0x80000E94,0x800015D8,0x80000D80,call
0x80000E94,0x800015F8,0x80000D80,call
0x80000E94,0x80001618,0x80000D80,call
0x80000E94,0x8000163C,0x80000B00,call
0x80000E94,0x80001658,0x80000B00,call
0x80000E94,0x80001674,0x80000B00,call
0x80000E94,0x80001698,0x80000D80,call
0x80000E94,0x800016B8,0x80000D80,call
0x80000E94,0x800016D8,0x80000D80,call
0x80000E94,0x800016F8,0x80000D80,call
0x80000E94,0x80001720,0x80000D80,call
0x80000E94,0x80001740,0x80000D80,call
0x80000E94,0x80001760,0x80000D80,call
0x80000E94,0x80001780,0x80000D80,call
0x80000E94,0x8000179C,0x80000D80,call
0x80000E94,0x800017BC,0x80000D80,call
0x80000E94,0x800017DC,0x80000D80,call
0x80000E94,0x800017FC,0x80000D80,call
0x80000E94,0x80001820,0x80000B00,call
0x80000E94,0x80001840,0x80000B00,call
0x80001864,0x8000192C,0x800819A4,call
0x80001864,0x80001A3C,0x800005B4,call
0x80001864,0x80001A54,0x80081A2C,call
0x80001864,0x80001A68,0x80081A2C,call
0x80001864,0x80001A7C,0x80081A2C,call
0x80001864,0x80001CAC,0x80000E94,call
0x80001864,0x80001CC8,0x80000E94,call
0x80001E80,0x80001F20,0x80001D34,call
0x80001E80,0x80002014,0x800005B4,call
0x800020D8,0x8000247C,0x800179EC,call
0x800020D8,0x8000249C,0x80001E80,call
0x800020D8,0x800024B0,0x800179EC,call
0x800020D8,0x800024D0,0x80001E80,call
0x800020D8,0x8000264C,0x800179EC,call
0x800020D8,0x8000266C,0x80001E80,call
0x800020D8,0x80002684,0x800179EC,call
0x800020D8,0x800026A4,0x80001E80,call
0x800026BC,0x80002994,0x800179EC,call
0x800026BC,0x800029B4,0x80001E80,call
0x800026BC,0x800029C8,0x800179EC,call
0x800026BC,0x800029E8,0x80001E80,call
0x800026BC,0x80002B64,0x800179EC,call
0x800026BC,0x80002B84,0x80001E80,call
0x800026BC,0x80002B9C,0x800179EC,call
0x800026BC,0x80002BBC,0x80001E80,call
0x80002FFC,0x8000320C,0x80002BD4,call
0x80002FFC,0x8000322C,0x800179EC,call
0x80002FFC,0x8000324C,0x80001864,call
0x80002FFC,0x80003260,0x800179EC,call
0x80002FFC,0x80003280,0x80001864,call
0x80002FFC,0x80003298,0x80002E2C,call
0x80002FFC,0x800032C4,0x800179EC,call
0x80002FFC,0x800032E4,0x80001864,call
0x80002FFC,0x80003300,0x800179EC,call
0x80002FFC,0x80003320,0x80001864,call
0x80003348,0x8000348C,0x80002BD4,call
0x80003348,0x800034A8,0x800179EC,call
0x80003348,0x800034C8,0x80001864,call
0x80003348,0x800034DC,0x800179EC,call
0x80003348,0x800034FC,0x80001864,call
0x80003348,0x80003510,0x80002E2C,call
0x80003348,0x8000353C,0x800179EC,call
0x80003348,0x8000355C,0x80001864,call
0x80003348,0x80003578,0x800179EC,call
0x80003348,0x80003598,0x80001864,call
0x800035BC,0x800035F0,0x80017DE4,call
0x800035BC,0x800035FC,0x80017DDC,call
0x800035BC,0x80003614,0x80017DF4,call
0x800035BC,0x8000365C,0x80017DEC,call
0x800035BC,0x800036B0,,jalr
0x800035BC,0x80003718,,jalr
0x800035BC,0x80003758,,jalr
0x800035BC,0x80003798,0x80017DEC,call
0x800035BC,0x800037EC,,jalr
0x800035BC,0x8000385C,,jalr
0x800035BC,0x800038A0,,jalr
0x800038E8,0x80003914,0x800059A8,call
0x800038E8,0x80003934,0x800160BC,call
0x800038E8,0x80003944,0x80016CAC,call
0x800038E8,0x80003964,0x80016BF4,call
0x80003B44,0x80003B5C,0x800059A8,call
0x80003B44,0x80003B88,0x80016CAC,call
0x80003B44,0x80003BAC,0x80016BF4,call
0x80003BF8,0x80003C54,0x800038E8,call
0x80003BF8,0x80003D44,0x80017E54,call
0x80003BF8,0x80003DF8,0x800035BC,call
0x80003BF8,0x80003E24,0x80003B44,call
0x80003E4C,0x80003E80,0x80017DA4,call
0x80003E4C,0x80003E9C,0x80003BF8,call
0x80003E4C,0x80003EF4,0x80017C98,call
0x80003E4C,0x80003F04,0x80017C18,call
0x80003E4C,0x80003F0C,0x8000556C,call
0x80003E4C,0x80003F20,0x80017DAC,call
0x80003E4C,0x80003F58,0x800182FC,call
0x80003E4C,0x80003F74,0x800182FC,call
0x80003E4C,0x80003F94,0x80003E4C,call
0x80003E4C,0x80003FBC,0x80005AFC,call
0x80004000,0x80004148,0x8000550C,call
0x80004160,0x800041F8,0x800154D0,call
0x80004160,0x80004208,0x80015538,call
0x80004160,0x80004218,0x80015538,call
0x80004160,0x80004220,0x800153C0,call
0x80004160,0x800042B0,0x800155C0,call
0x80004160,0x800042DC,0x800155C0,call
0x80004160,0x80004354,0x800155C0,call
0x80004160,0x80004380,0x800155C0,call
0x80004160,0x80004394,0x800155EC,call
0x80004160,0x800043C0,0x800155C0,call
0x80004160,0x800043D4,0x800155EC,call
0x80004160,0x800043E4,0x80015538,call
0x80004160,0x800043F4,0x80015538,call
0x80004160,0x8000445C,0x800155C0,call
0x80004160,0x80004598,0x800154D0,call
0x80004160,0x80004608,0x800155EC,call
0x80004670,0x800046A8,0x80004000,call
0x80004670,0x800046B8,0x80003E4C,call
0x80004670,0x800046EC,0x80004160,call
0x80004704,0x80004744,0x800059A8,call
0x80004704,0x8000476C,0x800160BC,call
0x80004704,0x8000479C,0x80016CAC,call
0x80004704,0x800047AC,0x80016BF4,call
0x800049FC,0x80004A68,0x80004704,call
0x800049FC,0x80004A88,0x800155EC,call
0x800049FC,0x80004C54,0x80017E54,call
0x800049FC,0x80004D48,0x80017EDC,call
0x800049FC,0x80004D54,0x80017E88,call
0x800049FC,0x80004D94,0x800035BC,call
0x800049FC,0x80004DC4,0x80003B44,call
0x80004DFC,0x80004E30,0x80017DA4,call
0x80004DFC,0x80004E4C,0x800049FC,call
0x80004DFC,0x80004EA4,0x80017C98,call
0x80004DFC,0x80004EB4,0x80017C18,call
0x80004DFC,0x80004EBC,0x8000556C,call
0x80004DFC,0x80004ED0,0x80017DAC,call
0x80004DFC,0x80004F08,0x800182FC,call
0x80004DFC,0x80004F24,0x800182FC,call
0x80004DFC,0x80004F44,0x80004DFC,call
0x80004DFC,0x80004F6C,0x80005AFC,call
0x80004FB0,0x80005078,0x8000550C,call
0x80004FB0,0x80005088,0x80004DFC,call
0x80005134,0x800051E8,0x8000550C,call
0x80005134,0x800051F8,0x80004DFC,call
0x80005240,0x80005304,0x800155EC,call
0x80005240,0x80005404,0x80017EDC,call
0x80005240,0x80005410,0x80017E88,call
0x80005240,0x80005460,0x800035BC,call
0x80005C54,0x80005C94,0x80005B80,call
0x80005CD4,0x80005D58,0x80005CAC,call
0x80005DA8,0x80005E84,0x80005CAC,call
0x80005DA8,0x80005F34,0x800155EC,call
0x80005F54,0x8000603C,0x80005CAC,call
0x80005F54,0x800060D4,0x80082B38,call
0x80005F54,0x800060E4,0x80082B38,call
0x80005F54,0x800060F8,0x800827E0,call
0x80005F54,0x80006104,0x800829F4,call
0x80006120,0x8000613C,0x80005DA8,call
0x80006120,0x80006170,0x80005DA8,call
0x80006120,0x800061C8,0x800155EC,call
0x80006120,0x800061E4,0x80017B7C,call
0x80006200,0x8000621C,0x80005DA8,call
0x80006200,0x80006250,0x80005DA8,call
0x80006200,0x800062A8,0x800155EC,call
0x80006200,0x800062BC,0x80017C18,call
0x80006200,0x800062D0,0x80081814,call
0x80006200,0x800062E4,0x80081948,call
0x80006200,0x800062F0,0x80017BA8,call
0x8000630C,0x80006328,0x80005F54,call
0x8000630C,0x8000635C,0x80005F54,call
0x8000630C,0x80006368,0x80082B38,call
0x8000630C,0x80006374,0x80082B38,call
0x8000630C,0x80006388,0x800827E0,call
0x8000630C,0x80006394,0x800829F4,call
0x8000630C,0x800063F0,0x80017B34,call
0x8000630C,0x80006400,0x80017C18,call
0x8000630C,0x80006414,0x80081814,call
0x8000630C,0x80006430,0x800175E0,call
0x8000630C,0x80006444,0x80081948,call
0x8000630C,0x80006450,0x80017BA8,call
0x8000646C,0x800064EC,0x80017E70,call
0x8000651C,0x8000653C,0x80005CD4,call
0x8000651C,0x80006574,0x80005DA8,call
0x80006790,0x800067FC,0x80006704,call
0x80006790,0x80006824,0x80006704,call
0x80006790,0x80006830,0x80006848,call
0x80006848,0x80006A50,0x80006790,call
0x80006848,0x80006A98,0x80006704,call
0x80006848,0x80006ADC,0x80006790,call
0x80006848,0x80006B24,0x80006704,call
0x80006C00,0x80006C68,0x80006848,call
0x80006C00,0x80006CA0,0x8000646C,call
0x80006C00,0x80006CC0,0x8000651C,call
0x80006C00,0x80006CD0,0x8000651C,call
0x80006C00,0x80006CE4,0x8000630C,call
0x80006C00,0x80006CF8,0x80006120,call
0x80006C00,0x80006D0C,0x80006200,call
0x80006E74,0x80006E84,0x80006704,call
0x80006EC0,0x80006F08,0x80006704,call
0x80006F60,0x80006F78,0x80087CC0,call
0x80006F60,0x80006FA8,0x80087D70,call
0x80006F60,0x80006FBC,0x80087E80,call
0x80006FE4,0x80007010,0x80087FC0,call
0x80006FE4,0x80007018,0x80006FD4,call
0x80007034,0x800070FC,0x800880AC,call
0x80007034,0x80007128,0x80006FE4,call
0x80007034,0x80007188,0x80006FE4,call
0x80007034,0x800071A8,0x80006FE4,call
0x80007034,0x800071DC,0x800880E0,call
0x80007218,0x8000728C,0x80088110,call
0x80007218,0x800072BC,0x80088020,call
0x80007218,0x800072F0,0x80088050,call
0x80007218,0x80007304,0x80006FE4,call
0x80007218,0x80007358,0x80088150,call
0x80007218,0x80007368,0x80007034,call
0x80007218,0x80007370,0x80007B10,call
0x800073A4,0x800073D0,0x80008090,call
0x800073A4,0x800073DC,0x80007728,call
0x800073A4,0x80007404,0x8002E644,call
0x800073A4,0x8000740C,0x80007488,call
0x800073A4,0x80007414,0x8002E6E0,call
0x800073A4,0x8000742C,0x800882B0,call
0x800073A4,0x80007470,0x80008530,call
0x80007488,0x80007494,0x80006FDC,call
0x80007488,0x8000749C,0x80088360,call
0x80007488,0x800074A4,0x800883E0,call
0x80007488,0x80007508,0x80088538,call
0x80007488,0x80007568,0x80088AD0,call
0x80007488,0x80007570,0x8002E5D4,call
0x80007594,0x800075F4,0x80088360,call
0x80007594,0x80007624,0x80088020,call
0x80007594,0x80007640,0x80088050,call
0x80007594,0x800076E4,0x80087D70,call
0x80007594,0x800076EC,0x80088360,call
0x80007728,0x80007764,0x80087E80,call
0x80007728,0x800077C0,0x80088020,call
0x80007728,0x800077D4,0x80088050,call
0x80007818,0x80007858,0x80088B00,call
0x80007818,0x80007864,0x80088B20,call
0x80007A80,0x80007ADC,0x80088B00,call
0x80007A80,0x80007AE4,0x80088B20,call
0x80007B10,0x80007B40,0x80006FE4,call
0x80007B10,0x80007B60,0x80006F60,call
0x80007B10,0x80007B90,0x80089144,call
0x80007B10,0x80007BA4,0x80089384,call
0x80007D44,0x80007E20,0x8002FEE4,call
0x80007D44,0x80007E48,0x80011D60,call
0x80007D44,0x80007E54,0x80089384,call
0x80007E80,0x80007EB8,0x80007A80,call
0x80007E80,0x80007EC0,0x80007A44,call
0x80007E80,0x80007EF4,0x80007A80,call
0x80007E80,0x80007EFC,0x80007A44,call
0x80007E80,0x80007F2C,0x80008F28,call
0x80007F5C,0x80007F64,0x80007CE4,call
0x80007FC8,0x80007FD8,0x80007CE4,call
0x80007FC8,0x8000801C,0x800894D0,call
0x80008090,0x80008218,0x80088B00,call
0x80008090,0x80008220,0x80089570,call
0x80008090,0x80008234,0x80089570,call
0x80008090,0x80008260,0x80089590,call
0x80008090,0x80008278,0x8000803C,call
0x80008090,0x8000828C,0x80088B00,call
0x80008090,0x80008294,0x80088B20,call
0x80008090,0x800082A4,0x800895E0,call
0x80008090,0x800082D0,0x80088B00,call
0x80008090,0x800082E8,0x80089610,call
0x80008090,0x80008338,0x80089670,call
0x80008090,0x80008384,0x800896D0,call
0x80008090,0x800083A8,0x80089730,call
0x80008090,0x800083D8,0x80088B00,call
0x80008090,0x800083E0,0x80088B20,call
0x80008090,0x800083F0,0x800895E0,call
0x80008090,0x8000840C,0x80007FC8,call
0x80008090,0x80008420,0x80088B00,call
0x80008090,0x80008450,0x800896D0,call
0x80008090,0x80008460,0x800895E0,call
0x80008090,0x8000848C,0x80089670,call
0x80008090,0x80008498,0x80089730,call
0x80008090,0x800084A4,0x80089610,call
0x80008090,0x800084AC,0x80089790,call
0x80008548,0x80008594,0x8002F054,call
0x80008548,0x800085A4,0x8002F060,call
0x80008548,0x800085F8,0x80008B68,call
0x80008610,0x80008618,0x80007218,call
0x800086F8,0x80008700,0x80007A44,call
0x80008760,0x800087EC,0x80008718,call
0x80008760,0x8000887C,0x80008718,call
0x80008B14,0x80008B50,0x80008760,call
0x80008B68,0x80008BAC,0x80008760,call
0x80008BC4,0x80008C2C,0x80008C58,call
0x80008C58,0x80008C74,0x8000B98C,call
0x80008C58,0x80008C84,0x80017AC0,call
0x80008C58,0x80008DB4,0x800819A4,call
0x80008C58,0x80008E50,0x800154D0,call
0x80008C58,0x80008E60,0x80015538,call
0x80008C58,0x80008E68,0x800153C0,call
0x80008C58,0x80008F10,0x80008760,call
0x80008F28,0x80008F40,0x8002E124,call
0x800091B0,0x800091C8,0x80007F5C,call
0x800092EC,0x80009304,0x8003F7B8,call
0x800092EC,0x80009314,0x80051FF4,call
0x800092EC,0x80009328,0x80007D44,call
0x800092EC,0x80009334,0x80009134,call
0x800092EC,0x80009348,0x80008F6C,call
0x800092EC,0x8000935C,0x800092B0,call
0x800092EC,0x8000936C,0x80009278,call
0x800092EC,0x80009384,0x80008B14,call
0x800092EC,0x80009398,0x800091B0,call
0x800093B0,0x800093D0,0x80008F6C,call
0x800093B0,0x800093FC,0x80008F6C,call
0x800093B0,0x80009420,0x80008F6C,call
0x800093B0,0x80009444,0x80008F6C,call
0x800093B0,0x80009468,0x80008F6C,call
0x800093B0,0x80009488,0x80082BE0,call
0x800093B0,0x80009508,0x800092EC,call
0x80009580,0x800095A4,0x8002F060,call
0x80009580,0x80009648,0x800092EC,call
0x80009580,0x800096C0,0x800092EC,call
0x80009704,0x8000970C,0x800092EC,call
0x80009744,0x800097C0,0x8003F7B8,call
0x80009820,0x80009860,0x8000787C,call
0x80009820,0x80009868,0x8002F060,call
0x80009820,0x80009888,0x8002F060,call
0x80009820,0x8000997C,0x80008B14,call
0x80009820,0x800099BC,0x8002F060,call
0x80009820,0x80009A50,0x80008B14,call
0x80009820,0x80009ACC,0x80008B14,call
0x80009820,0x80009AE4,0x80009744,call
0x80009820,0x80009B44,0x80009744,call
0x80009820,0x80009B74,0x80008B14,call
0x80009B8C,0x80009B9C,0x8003F7B8,call
0x80009B8C,0x80009BAC,0x80051FF4,call
0x80009C0C,0x80009C9C,0x80082BE0,call
0x80009C0C,0x80009CF4,0x80008B14,call
0x80009C0C,0x80009E40,0x80082BE0,call
0x80009C0C,0x80009E88,0x80008B14,call
0x80009C0C,0x80009F1C,0x80008B14,call
0x80009F6C,0x80009F74,0x80007A44,call
0x80009FA0,0x8000A098,0x8003D4F4,call
0x80009FA0,0x8000A144,0x8003D4F4,call
0x80009FA0,0x8000A314,0x8003D4F4,call
0x8000A330,0x8000A3C4,0x80009FA0,call
0x8000A4D8,0x8000A508,0x8000A44C,call
0x8000A53C,0x8000A550,0x8003D444,call
0x8000A53C,0x8000A55C,0x8003D49C,call
0x8000A53C,0x8000A634,0x8003D4F4,call
0x8000A53C,0x8000A6A4,0x8003D4F4,call
0x8000A53C,0x8000A6D4,0x80009FA0,call
0x8000A53C,0x8000A6F4,0x8000A330,call
0x8000A53C,0x8000A788,0x8003D4F4,call
0x8000A53C,0x8000A7F8,0x8003D4F4,call
0x8000A53C,0x8000A878,0x8003D4F4,call
0x8000A53C,0x8000A8F8,0x8003D4F4,call
0x8000A53C,0x8000A900,0x8003D370,call
0x8000AC90,0x8000ACA0,0x8003D488,call
0x8000ACC0,0x8000AE9C,0x8000AED4,call
0x8000B0E0,0x8000B100,0x80017EE4,call
0x8000B0E0,0x8000B118,0x80017EE4,call
0x8000B0E0,0x8000B164,0x80017EEC,call
0x8000B254,0x8000B26C,0x80017C98,call
0x8000B254,0x8000B288,0x80017C18,call
0x8000B254,0x8000B2A0,0x80017DA4,call
0x8000B254,0x8000B2BC,0x80017C98,call
0x8000B254,0x8000B2D4,0x80017DA4,call
0x8000B254,0x8000B2F0,0x80017C18,call
0x8000B254,0x8000B300,0x80017874,call
0x8000B318,0x8000B358,0x80016F0C,call
0x8000B318,0x8000B380,0x80016F0C,call
0x8000B318,0x8000B3FC,0x80016F0C,call
0x8000B318,0x8000B440,0x800155EC,call
0x8000B318,0x8000B694,0x800155EC,call
0x8000B318,0x8000B6A4,0x800174B8,call
0x8000B318,0x8000B6D8,0x80082624,call
0x8000B318,0x8000B788,0x80082624,call
0x8000B318,0x8000B798,0x8000B254,call
0x8000B318,0x8000B7B8,0x80082624,call
0x8000B318,0x8000B844,0x80017FD0,call
0x8000B318,0x8000B880,0x800181BC,call
0x8000B318,0x8000B8C0,0x800181BC,call
0x8000B318,0x8000B930,0x800181BC,call
0x8000B318,0x8000B944,0x8000B1B0,call
0x8000B98C,0x8000B9B0,0x80017F28,call
0x8000B98C,0x8000B9BC,0x80017F28,call
0x8000B98C,0x8000B9C8,0x80017EF4,call
0x8000B98C,0x8000B9D4,0x80017EF4,call
0x8000B98C,0x8000B9F4,0x80017EE4,call
0x8000B98C,0x8000BA70,0x80017EE4,call
0x8000B98C,0x8000BB14,0x80017874,call
0x8000B98C,0x8000BB38,0x800156DC,call
0x8000B98C,0x8000BB5C,0x800156DC,call
0x8000BB78,0x8000BB90,0x80017F20,call
0x8000BB78,0x8000BBA4,0x80017F28,call
0x8000BB78,0x8000BBB4,0x80017EF4,call
0x8000BB78,0x8000BBC8,0x80017EE4,call
0x8000BC10,0x8000BC8C,0x80017F20,call
0x8000BC10,0x8000BC9C,0x80017F28,call
0x8000BC10,0x8000BCAC,0x80017EE4,call
0x8000BC10,0x8000BCB8,0x80017EF4,call
0x8000BC10,0x8000BD00,0x80017F20,call
0x8000BC10,0x8000BE10,0x800174B8,call
0x8000BC10,0x8000BE20,0x8000B254,call
0x8000BC10,0x8000BE78,0x80016BF4,call
0x8000BC10,0x8000BF08,0x8001745C,call
0x8000BC10,0x8000BF14,0x80015C30,call
0x8000BC10,0x8000BF44,0x80016F0C,call
0x8000BC10,0x8000C064,0x8000B254,call
0x8000BC10,0x8000C188,0x80082624,call
0x8000BC10,0x8000C2B0,0x80017F20,call
0x8000BC10,0x8000C2D4,0x8000B318,call
0x8000BC10,0x8000C394,0x80017FD0,call
0x8000BC10,0x8000C3B0,0x80017F64,call
0x8000BC10,0x8000C3C0,0x80017F20,call
0x8000BC10,0x8000C3D4,0x80017F28,call
0x8000BC10,0x8000C3E4,0x80017EE4,call
0x8000BC10,0x8000C3F0,0x80017EF4,call
0x8000BC10,0x8000C40C,0x8000B318,call
0x8000BC10,0x8000C4C0,0x80017FD0,call
0x8000BC10,0x8000C4C8,0x80017F20,call
0x8000BC10,0x8000C4F0,0x80017F64,call
0x8000C540,0x8000C550,0x80089800,call
0x8000C540,0x8000C568,0x80089870,call
0x8000C540,0x8000C5B0,0x80089BB0,call
0x8000C540,0x8000C5C0,0x80087E80,call
0x8000C540,0x8000C5C8,0x80089C34,call
0x8000C77C,0x8000C7A0,0x8003F714,call
0x8000C77C,0x8000C804,0x8008A6B4,call
0x8000C77C,0x8000C828,0x8008A6B4,call
0x8000C77C,0x8000C864,0x8008A6B4,call
0x8000C77C,0x8000C8A0,0x8008A6B4,call
0x8000C77C,0x8000C8DC,0x8008A6B4,call
0x8000C77C,0x8000C918,0x8008A6B4,call
0x8000C77C,0x8000C954,0x8008A6B4,call
0x8000C77C,0x8000C990,0x8008A6B4,call
0x8000C77C,0x8000C9CC,0x8008A6B4,call
0x8000C77C,0x8000CA08,0x8008A6B4,call
0x8000C77C,0x8000CA44,0x8008A6B4,call
0x8000C77C,0x8000CA80,0x8008A6B4,call
0x8000C77C,0x8000CABC,0x8008A6B4,call
0x8000C77C,0x8000CAF8,0x8008A6B4,call
0x8000C77C,0x8000CB34,0x8008A6B4,call
0x8000C77C,0x8000CB70,0x8008A6B4,call
0x8000C77C,0x8000CBAC,0x8008A6B4,call
0x8000C77C,0x8000CBE8,0x8008A6B4,call
0x8000CC1C,0x8000CC54,0x8003F714,call
0x8000CC1C,0x8000CCE0,0x8003F714,call
0x8000CC1C,0x8000CD38,0x8003F714,call
0x8000CC1C,0x8000CDB4,0x8000C6C8,call
0x8000CC1C,0x8000CDE8,0x8000C6C8,call
0x8000CC1C,0x8000CE1C,0x8000C6C8,call
0x8000CC1C,0x8000CE58,0x8000C6C8,call
0x8000CC1C,0x8000CE8C,0x8000C6C8,call
0x8000CC1C,0x8000CEC0,0x8000C6C8,call
0x8000CC1C,0x8000CEF4,0x8000C6C8,call
0x8000CC1C,0x8000CF28,0x8000C6C8,call
0x8000CC1C,0x8000CF64,0x8000C6C8,call
0x8000CC1C,0x8000CFA0,0x8000C6C8,call
0x8000CC1C,0x8000CFDC,0x8000C6C8,call
0x8000CC1C,0x8000D014,0x8000C6C8,call
0x8000CC1C,0x8000D050,0x8000C6C8,call
0x8000CC1C,0x8000D088,0x8000C6C8,call
0x8000CC1C,0x8000D0C4,0x8000C6C8,call
0x8000CC1C,0x8000D108,0x8000C6C8,call
0x8000D130,0x8000D188,0x8008A6B4,call
0x8000D130,0x8000D1C0,0x8008A6B4,call
0x8000D130,0x8000D1EC,0x8008A6B4,call
0x8000D130,0x8000D1FC,0x8008A6B4,call
0x8000D130,0x8000D230,0x8008A6B4,call
0x8000D130,0x8000D240,0x8008A6B4,call
0x8000D130,0x8000D28C,0x8008A6B4,call
0x8000D130,0x8000D29C,0x8008A6B4,call
0x8000D130,0x8000D2DC,0x8008A6B4,call
0x8000D130,0x8000D2EC,0x8008A6B4,call
0x8000D130,0x8000D32C,0x8008A6B4,call
0x8000D130,0x8000D33C,0x8008A6B4,call
0x8000D130,0x8000D374,0x8008A6B4,call
0x8000D130,0x8000D3A0,0x8008A6B4,call
0x8000D130,0x8000D3B0,0x8008A6B4,call
0x8000D130,0x8000D3E8,0x8008A6B4,call
0x8000D130,0x8000D418,0x8008A6B4,call
0x8000D130,0x8000D428,0x8008A6B4,call
0x8000D130,0x8000D468,0x8008A6B4,call
0x8000D130,0x8000D478,0x8003F714,call
0x8000D130,0x8000D4A8,0x8008A6B4,call
0x8000D130,0x8000D4C0,0x8008A6B4,call
0x8000D4E8,0x8000D54C,0x8008A6B4,call
0x8000D4E8,0x8000D560,0x8008A6B4,call
0x8000D4E8,0x8000D574,0x8008A6B4,call
0x8000D4E8,0x8000D5A0,0x8008A6B4,call
0x8000D4E8,0x8000D5B0,0x8008A6B4,call
0x8000D4E8,0x8000D5C4,0x8008A6B4,call
0x8000D5EC,0x8000D630,0x8000C724,call
0x8000D5EC,0x8000D6A0,0x8000C6C8,call
0x8000D5EC,0x8000D6DC,0x8000C6C8,call
0x8000D5EC,0x8000D718,0x8000C6C8,call
0x8000D5EC,0x8000D754,0x8000C6C8,call
0x8000D7DC,0x8000D800,0x8000C5F0,call
0x8000D818,0x8000D82C,0x8002F144,call
0x8000D818,0x8000D84C,0x8002F144,call
0x8000D818,0x8000D86C,0x8002F144,call
0x8000D818,0x8000D884,0x8000C5F0,call
0x8000D89C,0x8000D8B8,0x8000D130,call
0x8000D89C,0x8000D8D0,0x8000C77C,call
0x8000D89C,0x8000D8EC,0x8000D4E8,call
0x8000D90C,0x8000D928,0x8000D5EC,call
0x8000D90C,0x8000D948,0x8000CC1C,call
0x8000D960,0x8000D978,0x8000D7DC,call
0x8000D960,0x8000D990,0x8000D818,call
0x8000D9A8,0x8000DA08,0x8003F800,call
0x8000DA78,0x8000DB2C,0x8002F060,call
0x8000DA78,0x8000DB34,0x80082BE0,call
0x8000DA78,0x8000DC6C,0x80053220,call
0x8000DA78,0x8000DCA8,0x80008B14,call
0x8000DA78,0x8000DCB8,0x80053220,call
0x8000DA78,0x8000DCE0,0x8000D89C,call
0x8000DA78,0x8000DD0C,0x80008B14,call
0x8000DA78,0x8000DD14,0x80053220,call
0x8000DA78,0x8000DD24,0x8000D960,call
0x8000DA78,0x8000DD2C,0x80053220,call
0x8000DA78,0x8000DD3C,0x8000D960,call
0x8000DA78,0x8000DD94,0x8000D89C,call
0x8000DA78,0x8000DDC0,0x8000D89C,call
0x8000DA78,0x8000DE1C,0x8000D89C,call
0x8000DA78,0x8000DE44,0x8000D90C,call
0x8000DA78,0x8000DE64,0x8000D90C,call
0x8000DA78,0x8000DE84,0x8000D90C,call
0x8000DA78,0x8000DEAC,0x8000D90C,call
0x8000DA78,0x8000DECC,0x8000D90C,call
0x8000DA78,0x8000DEEC,0x8000D90C,call
0x8000DA78,0x8000DF08,0x8000D960,call
0x8000DA78,0x8000DF24,0x8002F144,call
0x8000DA78,0x8000DF40,0x8000C658,call
0x8000DA78,0x8000DF7C,0x8000D89C,call
0x8000DA78,0x8000DFCC,0x8008A6B4,call
0x8000DA78,0x8000E004,0x8008A6B4,call
0x8000DA78,0x8000E014,0x8008A6B4,call
0x8000DA78,0x8000E0A0,0x8002F060,call
0x8000DA78,0x8000E128,0x8008A6B4,call
0x8000DA78,0x8000E36C,0x8003EDD4,call
0x8000DA78,0x8000E418,0x8008A6B4,call
0x8000DA78,0x8000E544,0x8003EC40,call
0x8000DA78,0x8000E56C,0x8008A6B4,call
0x8000DA78,0x8000E5A4,0x8003EC40,call
0x8000DA78,0x8000E5E8,0x8008A6B4,call
0x8000DA78,0x8000E610,0x8003EC40,call
0x8000E680,0x8000E720,0x8000AA04,call
0x8000E738,0x8000E7D8,0x8000AA78,call
0x8000E7F0,0x8000E8AC,0x8003EC40,call
0x8000E8C4,0x8000E8E0,0x80017DA4,call
0x8000E8C4,0x8000E944,0x80017DA4,call
0x8000E8C4,0x8000E958,0x80017DAC,call
0x8000E8C4,0x8000E970,0x8000E8C4,call
0x8000E8C4,0x8000E98C,0x80017DAC,call
0x8000EA4C,0x8000EAA4,0x80017DA4,call
0x8000EA4C,0x8000EB0C,0x8000E9BC,call
0x8000EA4C,0x8000EB34,0x80017DA4,call
0x8000EA4C,0x8000EB48,0x80017DAC,call
0x8000EA4C,0x8000EB94,0x8000EA4C,call
0x8000EA4C,0x8000EBA4,0x80017DAC,call
0x8000EBE8,0x8000EDA8,0x80081730,call
0x8000EBE8,0x8000EDC0,0x80081730,call
0x8000EEE0,0x8000EFAC,0x8000E680,call
0x8000EEE0,0x8000F060,0x8000AB24,call
0x8000EEE0,0x8000F0AC,0x8000AAC0,call
0x8000EEE0,0x8000F0C0,0x8000A920,call
0x8000F0DC,0x8000F134,0x8000A920,call
0x8000F0DC,0x8000F16C,0x8000A920,call
0x8000F0DC,0x8000F2FC,0x8000A920,call
0x8000F0DC,0x8000F30C,0x8000E680,call
0x8000F0DC,0x8000F324,0x8000AAC0,call
0x8000F0DC,0x8000F32C,0x8002F054,call
0x8000F0DC,0x8000F33C,0x8002F060,call
0x8000F0DC,0x8000F3A8,0x8000AB24,call
0x8000F0DC,0x8000F3CC,0x8001F464,call
0x8000F0DC,0x8000F408,0x8000A920,call
0x8000F0DC,0x8000F424,0x8002F060,call
0x8000F0DC,0x8000F51C,0x8000A920,call
0x8000F0DC,0x8000F558,0x8000EEE0,call
0x8000FA2C,0x8000FA60,0x8000A920,call
0x8000FA2C,0x8000FB68,0x8000EBE8,call
0x8000FA2C,0x8000FB90,0x8000F0DC,call
0x8000FA2C,0x8000FC6C,0x8000AB24,call
0x80010080,0x80010150,0x80015470,call
0x80010080,0x800101D8,0x8002F054,call
0x80010080,0x80010214,0x8000EBE8,call
0x80010080,0x800103A4,0x8001004C,call
0x80010080,0x800103B4,0x8001004C,call
0x80010080,0x800103EC,0x8008A6B4,call
0x80010080,0x800104AC,0x8000E7F0,call
0x80010080,0x800104BC,0x8008A6B4,call
0x80010080,0x80010584,0x8000E7F0,call
0x800105DC,0x80010638,0x8000A920,call
0x800105DC,0x80010644,0x8000A920,call
0x800105DC,0x800106D0,0x80015470,call
0x800105DC,0x800106F0,0x8002F054,call
0x800105DC,0x80010738,0x8000EBE8,call
0x800105DC,0x80010864,0x8001004C,call
0x800105DC,0x800108D0,0x8000A920,call
0x800105DC,0x80010900,0x8000E680,call
0x800105DC,0x8001090C,0x8000AAF8,call
0x800105DC,0x8001091C,0x8000AAC0,call
0x800105DC,0x800109B4,0x8000AB24,call
0x800105DC,0x80010A60,0x8000A920,call
0x800105DC,0x80010A90,0x8000E680,call
0x800105DC,0x80010A9C,0x8000AAF8,call
0x800105DC,0x80010AAC,0x8000AAC0,call
0x800105DC,0x80010AC4,0x8000AB24,call
0x80010B34,0x80010BE0,0x80015470,call
0x80010B34,0x80010C24,0x8000EBE8,call
0x80010B34,0x80010D00,0x8001004C,call
0x80010B34,0x80010DC8,0x8000A920,call
0x80010B34,0x80010DF8,0x8000E680,call
0x80010B34,0x80010E04,0x8000AAF8,call
0x80010B34,0x80010E14,0x8000AAC0,call
0x80010B34,0x80010E2C,0x8000AB24,call
0x80010EA0,0x80010F7C,0x8000A920,call
0x80010EA0,0x80010F84,0x80082BE0,call
0x80010EA0,0x80010FF4,0x80082BE0,call
0x80010EA0,0x80011020,0x80082BE0,call
0x80010EA0,0x8001104C,0x80082BE0,call
0x80010EA0,0x80011078,0x80082BE0,call
0x80010EA0,0x800110D4,0x80082BE0,call
0x80010EA0,0x80011100,0x80082BE0,call
0x80010EA0,0x8001112C,0x80082BE0,call
0x80010EA0,0x80011224,0x8000EBE8,call
0x80010EA0,0x80011300,0x8001004C,call
0x80010EA0,0x80011498,0x8000A920,call
0x80010EA0,0x800114C8,0x8000E680,call
0x80010EA0,0x800114F0,0x8000A920,call
0x80010EA0,0x800115F0,0x8000AC60,call
0x80010EA0,0x80011600,0x8000E738,call
0x80010EA0,0x8001160C,0x8000AC34,call
0x80010EA0,0x8001161C,0x8000AAC0,call
0x80010EA0,0x80011624,0x8002F054,call
0x80010EA0,0x8001166C,0x8000AB24,call
0x800116E8,0x80011730,0x8000A920,call
0x800117A4,0x800117CC,0x800116E8,call
0x800117F0,0x800117FC,0x800116E8,call
0x80011888,0x800118A8,0x8000FA2C,call
0x80011888,0x800118B0,0x800105DC,call
0x80011888,0x800118B8,0x80010B34,call
0x80011888,0x800118C0,0x80010EA0,call
0x80011888,0x800118DC,0x80010080,call
0x800118F8,0x80011900,0x8000F5A0,call
0x80011B18,0x80011B44,0x8002E034,call
0x80011B18,0x80011B58,0x80087CC0,call
0x80011B18,0x80011B84,0x80087D70,call
0x80011B18,0x80011B98,0x80087E80,call
0x80011B18,0x80011BA8,0x80008F28,call
0x80011B18,0x80011BB8,0x80087E80,call
0x80011BDC,0x80011C18,0x8002E034,call
0x80011BDC,0x80011C2C,0x80087CC0,call
0x80011BDC,0x80011C50,0x80008F28,call
0x80011BDC,0x80011C60,0x8008A710,call
0x80011BDC,0x80011C90,0x8008A710,call
0x80011CDC,0x80011CFC,0x80008F28,call
0x80011CDC,0x80011D24,0x80011B18,call
0x80011CDC,0x80011D34,0x80008F28,call
0x80011D60,0x80011D80,0x80008F28,call
0x80011D60,0x80011DA8,0x80011BDC,call
0x80011D60,0x80011DB8,0x80008F28,call
0x80011EA4,0x80011EB4,0x80011E54,call
0x800129B8,0x800129CC,0x800129E4,call
0x80012BF0,0x80012C58,0x800125E4,call
0x80012BF0,0x80012D18,0x800129E4,call
0x80012BF0,0x80012D58,0x800129E4,call
0x80012BF0,0x80012E1C,0x80011F04,call
0x80012BF0,0x800130C0,0x80011F38,call
0x80012BF0,0x80013120,0x80011F38,call
0x80012BF0,0x80013170,0x80011F38,call
0x80012BF0,0x800131C0,0x80011F38,call
0x80012BF0,0x80013208,0x80011F38,call
0x80012BF0,0x80013250,0x80011F38,call
0x80012BF0,0x80013298,0x80011F38,call
0x80012BF0,0x800132E0,0x80011F38,call
0x80012BF0,0x800133B0,0x80011F38,call
0x80012BF0,0x8001348C,0x80011F38,call
0x80012BF0,0x800134D8,0x80011F38,call
0x80012BF0,0x80013520,0x80011F38,call
0x80012BF0,0x80013568,0x80011F38,call
0x80012BF0,0x80013794,0x80011F38,call
0x80012BF0,0x800137E4,0x80011F38,call
0x80012BF0,0x80013834,0x80011F38,call
0x80012BF0,0x80013884,0x80011F38,call
0x80012BF0,0x800138CC,0x80011F38,call
0x80012BF0,0x80013914,0x80011F38,call
0x80012BF0,0x8001395C,0x80011F38,call
0x80012BF0,0x800139A4,0x80011F38,call
0x80012BF0,0x80013A74,0x80011F38,call
0x80012BF0,0x80013B5C,0x80011F38,call
0x80012BF0,0x80013BA4,0x80011F38,call
0x80012BF0,0x80013BEC,0x80011F38,call
0x80012BF0,0x80013C34,0x80011F38,call
0x80012BF0,0x80013CBC,0x80011F38,call
0x80012BF0,0x80013D08,0x80011F38,call
0x80013DC0,0x80013DE4,0x80011E54,call
0x80013DC0,0x80013E94,0x80011E54,call
0x80013DC0,0x80014138,0x80012BF0,call
0x80013DC0,0x800141A8,0x80087814,call
0x800141EC,0x8001454C,0x800125E4,call
0x80014568,0x8001469C,0x80011F38,call
0x80014568,0x800146F8,0x80011F38,call
0x80014568,0x80014734,0x80011F38,call
0x80014568,0x80014770,0x80011F38,call
0x80014568,0x800147B0,0x80011F38,call
0x80014568,0x800147EC,0x80011F38,call
0x80014568,0x8001482C,0x80011F38,call
0x80014568,0x80014868,0x80011F38,call
0x80014568,0x8001496C,0x80011F38,call
0x80014568,0x80014A68,0x80011F38,call
0x80014568,0x80014AB0,0x80011F38,call
0x80014568,0x80014AFC,0x80011F38,call
0x80014568,0x80014B44,0x80011F38,call
0x80014568,0x80014C60,0x80011F38,call
0x80014CC0,0x80014CF0,0x8008A750,call
0x80014CC0,0x80014D00,0x8008A8C0,call
0x80014D20,0x80014D2C,0x80014CC0,call
0x80014F2C,0x80014F34,0x80014D4C,call
0x800151E0,0x800151E8,0x800151C0,call
0x800154D0,0x800154D8,0x800153C0,call
0x80016A20,0x80016A5C,0x80016260,call
0x80016A20,0x80016AAC,0x800167E4,call
0x80016F0C,0x80016FA0,0x800153C0,call
0x80016F0C,0x80016FD8,0x80014F2C,call
0x80016F0C,0x80017064,0x80014F2C,call
0x80016F0C,0x80017108,0x80014F2C,call
0x80016F0C,0x8001715C,0x800153C0,call
0x80016F0C,0x800171F8,0x80014F2C,call
0x8001723C,0x80017258,0x80014CC0,call
0x8001723C,0x80017268,0x80014CC0,call
0x8001723C,0x80017278,0x80014CC0,call
0x8001734C,0x80017368,0x80014CC0,call
0x8001734C,0x80017378,0x80014CC0,call
0x8001734C,0x80017388,0x80014CC0,call
0x8001745C,0x800174A0,0x8001723C,call
0x800174B8,0x80017504,0x8001723C,call
0x800175E0,0x80017604,0x80014CC0,call
0x80017824,0x8001784C,0x800175E0,call
0x80017824,0x8001785C,0x80015724,call
0x800178C4,0x800178F0,0x800175E0,call
0x800178C4,0x80017900,0x80015724,call
0x800179EC,0x80017A68,0x80015538,call
0x800179EC,0x80017A70,0x800154D0,call
0x80017AC0,0x80017AE4,0x800154D0,call
0x80017B34,0x80017B54,0x8001734C,call
0x80017D18,0x80017D24,0x800174B8,call
0x80017D18,0x80017D30,0x80017BA8,call
0x80017F64,0x80017F80,0x80016F0C,call
0x80017FD0,0x80018068,0x80015724,call
0x800181BC,0x8001827C,0x80017DA4,call
0x800181BC,0x80018290,0x80017DAC,call
0x800181BC,0x800182A0,0x80017DB4,call
0x800181BC,0x800182B8,0x800181BC,call
0x800181BC,0x800182C4,0x80017DAC,call
0x80018480,0x80018504,0x80014CC0,call
0x80018480,0x800185D0,0x800833B4,call
0x80018480,0x800185E4,0x800833B4,call
0x80018480,0x800185F8,0x800833B4,call
0x80018480,0x8001860C,0x800833B4,call
0x80018480,0x80018620,0x800833B4,call
0x80018480,0x80018678,0x800156DC,call
0x80018480,0x80018690,0x80017918,call
0x80018480,0x800186AC,0x80017D48,call
0x80018480,0x800186CC,0x800181BC,call
0x80018480,0x80018714,0x80017D48,call
0x80018480,0x80018734,0x800181BC,call
0x80018480,0x80018754,0x800156DC,call
0x80018480,0x80018778,0x80017918,call
0x80018480,0x800187AC,0x800155EC,call
0x80018480,0x800187B8,0x80017BA8,call
0x80018480,0x800187D8,0x800181BC,call
0x80018480,0x800187F8,0x800156DC,call
0x80018480,0x80018828,0x80015288,call
0x80018480,0x80018838,0x80016BF4,call
0x80018480,0x80018848,0x80015328,call
0x80018480,0x8001887C,0x800155EC,call
0x80018480,0x80018888,0x80015288,call
0x80018480,0x80018890,0x800154D0,call
0x80018480,0x800188C4,0x80017824,call
0x80018480,0x800188D0,0x80017BA8,call
0x80018480,0x800188F0,0x800181BC,call
0x80018480,0x80018914,0x80015288,call
0x80018480,0x80018924,0x80016BF4,call
0x80018480,0x80018934,0x80015328,call
0x80018480,0x80018968,0x800155EC,call
0x80018480,0x80018974,0x80015288,call
0x80018480,0x8001897C,0x800154D0,call
0x80018480,0x800189B0,0x80017824,call
0x80018480,0x800189BC,0x80017BA8,call
0x80018480,0x800189DC,0x800181BC,call
0x80018480,0x800189FC,0x80015288,call
0x80018480,0x80018A10,0x80017520,call
0x80018480,0x80018A1C,0x80015288,call
0x80018480,0x80018A44,0x80017918,call
0x80018480,0x80018A50,0x80017BA8,call
0x80018480,0x80018A70,0x800181BC,call
0x80018480,0x80018ABC,0x800156DC,call
0x80018480,0x80018AC8,0x80015288,call
0x80018480,0x80018AE4,0x80016BF4,call
0x80018480,0x80018AF4,0x80015328,call
0x80018480,0x80018B28,0x800155EC,call
0x80018480,0x80018B34,0x80015288,call
0x80018480,0x80018B3C,0x800154D0,call
0x80018480,0x80018B70,0x80017824,call
0x80018480,0x80018B7C,0x80017BA8,call
0x80018480,0x80018B9C,0x800181BC,call
0x80018480,0x80018BC0,0x80015288,call
0x80018480,0x80018BDC,0x80016BF4,call
0x80018480,0x80018BEC,0x80015328,call
0x80018480,0x80018C20,0x800155EC,call
0x80018480,0x80018C2C,0x80015288,call
0x80018480,0x80018C34,0x800154D0,call
0x80018480,0x80018C68,0x80017824,call
0x80018480,0x80018C74,0x80017BA8,call
0x80018480,0x80018C94,0x800181BC,call
0x80018480,0x80018CB4,0x80015288,call
0x80018480,0x80018CC8,0x80017520,call
0x80018480,0x80018CD4,0x80015288,call
0x80018480,0x80018CFC,0x80017918,call
0x80018480,0x80018D08,0x80017BA8,call
0x80018480,0x80018D2C,0x800181BC,call
0x80018480,0x80018D74,0x800156DC,call
0x80018480,0x80018D80,0x80015288,call
0x80018480,0x80018D90,0x80016BF4,call
0x80018480,0x80018DA0,0x80015328,call
0x80018480,0x80018E24,0x800155EC,call
0x80018480,0x80018E30,0x80015288,call
0x80018480,0x80018E38,0x800154D0,call
0x80018480,0x80018E6C,0x80017824,call
0x80018480,0x80018E78,0x80017BA8,call
0x80018480,0x80018E9C,0x800181BC,call
0x80018480,0x80018ECC,0x80017BA8,call
0x80018480,0x80018EE4,0x80017BA8,call
0x80018480,0x80018F04,0x80015288,call
0x80018480,0x80018F18,0x80017520,call
0x80018480,0x80018F24,0x80015288,call
0x80018480,0x80018F48,0x80017918,call
0x80018480,0x80018F54,0x80017BA8,call
0x80018480,0x80018F78,0x800181BC,call
0x80018480,0x80018F8C,0x80076180,call
0x80018480,0x80018FB0,0x800181BC,call
0x80018480,0x80018FD4,0x800181BC,call
0x80018480,0x80018FF8,0x800181BC,call
0x80018480,0x8001901C,0x800181BC,call
0x80018480,0x80019040,0x800181BC,call
0x80018480,0x80019064,0x800181BC,call
0x80018480,0x80019088,0x800181BC,call
0x80018480,0x800190AC,0x800181BC,call
0x80018480,0x80019104,0x80017C18,call
0x80018480,0x80019110,0x80015288,call
0x80018480,0x80019120,0x80017C18,call
0x80018480,0x8001912C,0x80015288,call
0x80018480,0x8001913C,0x80015288,call
0x80018480,0x8001914C,0x80016BF4,call
0x80018480,0x8001915C,0x80015328,call
0x80018480,0x8001916C,0x80015288,call
0x80018480,0x8001917C,0x80016BF4,call
0x80018480,0x8001918C,0x80015328,call
0x80018480,0x8001919C,0x8001535C,call
0x80018480,0x800191A4,0x800153C0,call
0x80018480,0x800191B0,0x800154D0,call
0x80018480,0x800191C4,0x80017580,call
0x80018480,0x800191D0,0x80015288,call
0x80018480,0x800191EC,0x80015268,call
0x80018480,0x800191FC,0x80015538,call
0x80018480,0x8001920C,0x80015538,call
0x80018480,0x80019254,0x80017918,call
0x80018480,0x8001926C,0x80017BA8,call
0x80018480,0x80019298,0x80015268,call
0x80018480,0x800192B4,0x80015268,call
0x80018480,0x80019310,0x800834F0,call
0x80018480,0x80019338,0x800181BC,call
0x80018480,0x800193AC,0x80017C18,call
0x80018480,0x800193B8,0x80015288,call
0x80018480,0x800193C8,0x80017C18,call
0x80018480,0x800193D4,0x80015288,call
0x80018480,0x800193E0,0x80015288,call
0x80018480,0x800193FC,0x80016BF4,call
0x80018480,0x8001940C,0x80015328,call
0x80018480,0x80019418,0x80015288,call
0x80018480,0x80019434,0x80016BF4,call
0x80018480,0x80019444,0x80015328,call
0x80018480,0x80019454,0x8001535C,call
0x80018480,0x8001945C,0x800153C0,call
0x80018480,0x80019468,0x800154D0,call
0x80018480,0x8001947C,0x80017580,call
0x80018480,0x80019488,0x80015288,call
0x80018480,0x800194A4,0x80015268,call
0x80018480,0x800194B4,0x80015538,call
0x80018480,0x800194C4,0x80015538,call
0x80018480,0x800194F0,0x80017918,call
0x80018480,0x80019508,0x80017BA8,call
0x80018480,0x80019534,0x80015268,call
0x80018480,0x80019550,0x80015268,call
0x80018480,0x800195AC,0x800834F0,call
0x80018480,0x800195D4,0x800181BC,call
0x80018480,0x80019648,0x80017C18,call
0x80018480,0x80019654,0x80015288,call
0x80018480,0x80019664,0x80017C18,call
0x80018480,0x80019670,0x80015288,call
0x80018480,0x8001967C,0x80015288,call
0x80018480,0x8001968C,0x80016BF4,call
0x80018480,0x8001969C,0x80015328,call
0x80018480,0x800196A8,0x80015288,call
0x80018480,0x800196B8,0x80016BF4,call
0x80018480,0x800196C8,0x80015328,call
0x80018480,0x800196D8,0x8001535C,call
0x80018480,0x800196E0,0x800153C0,call
0x80018480,0x800196EC,0x800154D0,call
0x80018480,0x80019700,0x80017580,call
0x80018480,0x8001970C,0x80015288,call
0x80018480,0x80019728,0x80015268,call
0x80018480,0x80019738,0x80015538,call
0x80018480,0x80019748,0x80015538,call
0x80018480,0x80019774,0x80017918,call
0x80018480,0x8001978C,0x80017BA8,call
0x80018480,0x800197B8,0x80015268,call
0x80018480,0x800197D4,0x80015268,call
0x80018480,0x80019830,0x800834F0,call
0x80018480,0x80019858,0x800181BC,call
0x80018480,0x800198CC,0x80017C18,call
0x80018480,0x800198D8,0x80015288,call
0x80018480,0x800198E8,0x80017C18,call
0x80018480,0x800198F4,0x80015288,call
0x80018480,0x80019900,0x80015288,call
0x80018480,0x8001991C,0x80016BF4,call
0x80018480,0x8001992C,0x80015328,call
0x80018480,0x80019938,0x80015288,call
0x80018480,0x80019954,0x80016BF4,call
0x80018480,0x80019964,0x80015328,call
0x80018480,0x80019974,0x8001535C,call
0x80018480,0x8001997C,0x800153C0,call
0x80018480,0x80019988,0x800154D0,call
0x80018480,0x8001999C,0x80017580,call
0x80018480,0x800199A8,0x80015288,call
0x80018480,0x800199BC,0x80015268,call
0x80018480,0x800199CC,0x80015538,call
0x80018480,0x800199DC,0x80015538,call
0x80018480,0x80019A08,0x80017918,call
0x80018480,0x80019A20,0x80017BA8,call
0x80018480,0x80019A40,0x80015268,call
0x80018480,0x80019A54,0x80015268,call
0x80018480,0x80019AB0,0x800834F0,call
0x80018480,0x80019AD8,0x800181BC,call
0x80018480,0x80019AF8,0x80029494,call
0x80018480,0x80019B1C,0x800181BC,call
0x80018480,0x80019B68,0x800181BC,call
0x80019B80,0x80019B9C,0x8004A6A4,call
0x80019BB4,0x80019C14,0x8003ECB0,call
0x80019BB4,0x80019C6C,0x80008B14,call
0x80019BB4,0x80019CA8,0x8002E8D4,call
0x80019BB4,0x80019D8C,0x8003EC40,call
0x80019BB4,0x80019DA8,0x8000AAC0,call
0x80019BB4,0x80019DB8,0x8000AA04,call
0x80019BB4,0x80019DC4,0x8000A920,call
0x80019BB4,0x80019E30,0x8003ECB0,call
0x80019BB4,0x80019E54,0x8003ECB0,call
0x80019BB4,0x80019E7C,0x8003ECB0,call
0x80019BB4,0x80019EA4,0x8003ECB0,call
0x80019BB4,0x80019ECC,0x8003ECB0,call
0x80019BB4,0x80019EF4,0x8003ECB0,call
0x80019BB4,0x80019F1C,0x8003ECB0,call
0x80019BB4,0x80019F44,0x8003ECB0,call
0x80019BB4,0x80019F80,0x8003ECB0,call
0x80019BB4,0x80019FAC,0x8003ECB0,call
0x80019BB4,0x80019FD0,0x8003ECB0,call
0x80019BB4,0x80019FE0,0x8000AA04,call
0x80019BB4,0x80019FFC,0x8000AAC0,call
0x80019BB4,0x8001A008,0x8000A920,call
0x80019BB4,0x8001A024,0x8000AA04,call
0x80019BB4,0x8001A040,0x8000AAC0,call
0x80019BB4,0x8001A04C,0x8000A920,call
0x80019BB4,0x8001A0E4,0x8000AB24,call
0x80019BB4,0x8001A0F4,0x800469B4,call
0x80019BB4,0x8001A10C,0x8000AA04,call
0x80019BB4,0x8001A128,0x8000AAC0,call
0x80019BB4,0x8001A144,0x8000A920,call
0x80019BB4,0x8001A1E4,0x8000AB24,call
0x80019BB4,0x8001A204,0x8000AA04,call
0x80019BB4,0x8001A220,0x8000AAC0,call
0x80019BB4,0x8001A22C,0x8000A920,call
0x80019BB4,0x8001A2E4,0x8000AB24,call
0x80019BB4,0x8001A300,0x8000AB24,call
0x8001A408,0x8001A45C,0x8004CA50,call
0x8001A408,0x8001A484,0x80033DC4,call
0x8001A408,0x8001A52C,0x8002E8D4,call
0x8001A408,0x8001A630,0x80009744,call
0x8001A408,0x8001A694,0x8000AA04,call
0x8001A408,0x8001A6A4,0x8000AAC0,call
0x8001A408,0x8001A6C4,0x8000AAC0,call
0x8001A408,0x8001A6D0,0x8000A920,call
0x8001A408,0x8001A6EC,0x8000AB24,call
0x8001A408,0x8001A740,0x8000AA04,call
0x8001A408,0x8001A74C,0x8000A920,call
0x8001A408,0x8001A768,0x8000AB24,call
0x8001A408,0x8001A7A0,0x8000AA04,call
0x8001A408,0x8001A7AC,0x8000A920,call
0x8001A408,0x8001A7C8,0x8000AB24,call
0x8001A408,0x8001A7F0,0x8003ECB0,call
0x8001A408,0x8001A800,0x8000AA04,call
0x8001A408,0x8001A80C,0x8000A920,call
0x8001A408,0x8001A8C4,0x8000AB24,call
0x8001A408,0x8001A900,0x8000AA04,call
0x8001A408,0x8001A90C,0x8000A920,call
0x8001A408,0x8001A928,0x8000AB24,call
0x8001A408,0x8001A950,0x8003ECB0,call
0x8001A408,0x8001A9CC,0x8008A6B4,call
0x8001A408,0x8001A9E4,0x8008A6B4,call
0x8001A408,0x8001A9FC,0x8008A6B4,call
0x8001A408,0x8001AA14,0x8008A6B4,call
0x8001A408,0x8001AA5C,0x8008A6B4,call
0x8001A408,0x8001AA78,0x8008A6B4,call
0x8001A408,0x8001AA94,0x8008A6B4,call
0x8001A408,0x8001AABC,0x8002BBA4,call
0x8001A408,0x8001AB2C,0x8002E8D4,call
0x8001A408,0x8001AB58,0x8002D4C4,call
0x8001A408,0x8001ABB8,0x8002D4C4,call
0x8001A408,0x8001AC38,0x80033DC4,call
0x8001A408,0x8001AC40,0x8002D4C4,call
0x8001A408,0x8001AC9C,0x8002D4C4,call
0x8001A408,0x8001ACE4,0x8002D4C4,call
0x8001A408,0x8001AD30,0x80033DC4,call
0x8001A408,0x8001AD38,0x8002D4C4,call
0x8001A408,0x8001AD68,0x80033DC4,call
0x8001A408,0x8001AD70,0x8002D4C4,call
0x8001A408,0x8001ADB4,0x800280D8,call
0x8001ADD4,0x8001AE10,0x80029298,call
0x8001ADD4,0x8001AE58,0x800503E8,call
0x8001ADD4,0x8001AF74,0x800281F0,call
0x8001ADD4,0x8001B00C,0x800519C0,call
0x8001ADD4,0x8001B1F8,0x8003398C,call
0x8001ADD4,0x8001B200,0x8004A5B4,call
0x8001ADD4,0x8001B264,0x8003398C,call
0x8001ADD4,0x8001B280,0x80064A88,call
0x8001ADD4,0x8001B2A0,0x80063AA0,call
0x8001ADD4,0x8001B2A8,0x800399F0,call
0x8001ADD4,0x8001B2B8,0x800469B4,call
0x8001ADD4,0x8001B328,0x80064A88,call
0x8001ADD4,0x8001B33C,0x80064A88,call
0x8001ADD4,0x8001B430,0x8003ECB0,call
0x8001ADD4,0x8001B478,0x8008A6B4,call
0x8001ADD4,0x8001B4A0,0x8002BBA4,call
0x8001ADD4,0x8001B4D0,0x8002BBA4,call
0x8001ADD4,0x8001B518,0x8002BBA4,call
0x8001ADD4,0x8001B594,0x80046DC4,call
0x8001ADD4,0x8001B5A8,0x8003ECB0,call
0x8001ADD4,0x8001B5FC,0x8008A6B4,call
0x8001ADD4,0x8001B620,0x8003EC40,call
0x8001ADD4,0x8001B62C,0x800129B8,call
0x8001ADD4,0x8001B63C,0x800129B8,call
0x8001ADD4,0x8001B67C,0x8002CC28,call
0x8001ADD4,0x8001B6D4,0x8008A6B4,call
0x8001ADD4,0x8001B6E4,0x8003ECB0,call
0x8001ADD4,0x8001B7A0,0x80005B80,call
0x8001ADD4,0x8001B7A8,0x80051898,call
0x8001ADD4,0x8001B7F0,0x80046670,call
0x8001ADD4,0x8001B808,0x80018470,call
0x8001ADD4,0x8001B858,0x800517D8,call
0x8001ADD4,0x8001B86C,0x800467F8,call
0x8001ADD4,0x8001B874,0x8002932C,call
0x8001ADD4,0x8001B88C,0x800519C0,call
0x8001ADD4,0x8001B904,0x80064A88,call
0x8001ADD4,0x8001B998,0x80028D60,call
0x8001ADD4,0x8001B9D0,0x8004E034,call
0x8001ADD4,0x8001B9F4,0x8001745C,call
0x8001ADD4,0x8001BA44,0x8004E034,call
0x8001ADD4,0x8001BA6C,0x8001745C,call
0x8001ADD4,0x8001BAB8,0x8004E034,call
0x8001ADD4,0x8001BAE8,0x8001745C,call
0x8001ADD4,0x8001BB08,0x8004E034,call
0x8001ADD4,0x8001BB24,0x8001745C,call
0x8001ADD4,0x8001BB3C,0x80015288,call
0x8001ADD4,0x8001BB90,0x80015630,call
0x8001ADD4,0x8001BBF4,0x80018480,call
0x8001ADD4,0x8001BC20,0x800181BC,call
0x8001ADD4,0x8001BC74,0x8001CCC4,call
0x8001ADD4,0x8001BCEC,0x8002D4C4,call
0x8001ADD4,0x8001BD0C,0x80029A3C,call
0x8001ADD4,0x8001BD6C,0x800469B4,call
0x8001ADD4,0x8001BD90,0x800281F0,call
0x8001ADD4,0x8001BDB4,0x800519C0,call
0x8001ADD4,0x8001BDD4,0x80039914,call
0x8001ADD4,0x8001BDDC,0x800281F0,call
0x8001ADD4,0x8001BE4C,0x800519C0,call
0x8001ADD4,0x8001BE70,0x8002D4C4,call
0x8001ADD4,0x8001BF58,0x8002DCF4,call
0x8001ADD4,0x8001BF94,0x8002D4C4,call
0x8001ADD4,0x8001BFCC,0x8002D4C4,call
0x8001ADD4,0x8001BFF4,0x8002D4C4,call
0x8001ADD4,0x8001C064,0x80064B44,call
0x8001ADD4,0x8001C090,0x800519C0,call
0x8001ADD4,0x8001C0C8,0x8002D4C4,call
0x8001ADD4,0x8001C138,0x8002D4C4,call
0x8001ADD4,0x8001C15C,0x8002D4C4,call
0x8001ADD4,0x8001C1EC,0x80029298,call
0x8001ADD4,0x8001C2E4,0x8005163C,call
0x8001ADD4,0x8001C3B4,0x80015288,call
0x8001ADD4,0x8001C3BC,0x80082BE0,call
0x8001C404,0x8001C5D8,0x8000A920,call
0x8001C404,0x8001C5F8,0x8000AA04,call
0x8001C404,0x8001C610,0x8000AAC0,call
0x8001C404,0x8001C660,0x8000AB24,call
0x8001C404,0x8001C684,0x8000AB24,call
0x8001C404,0x8001C6A8,0x8000AB24,call
0x8001C404,0x8001C6CC,0x8000AB24,call
0x8001C404,0x8001C6E8,0x8002DAD0,call
0x8001C404,0x8001C710,0x8000AB24,call
0x8001C404,0x8001C73C,0x8000AB24,call
0x8001C404,0x8001C754,0x8008A6B4,call
0x8001C404,0x8001C770,0x8002DA0C,call
0x8001C404,0x8001C78C,0x8002DAD0,call
0x8001C404,0x8001C7C0,0x8003EC40,call
0x8001C404,0x8001C7F4,0x8003EC40,call
0x8001C404,0x8001C85C,0x8003EC40,call
0x8001C404,0x8001C890,0x8003EC40,call
0x8001C404,0x8001C8C4,0x8003EC40,call
0x8001C404,0x8001C8F8,0x8003EC40,call
0x8001C404,0x8001C92C,0x8003EC40,call
0x8001C404,0x8001C960,0x8003EC40,call
0x8001C404,0x8001C994,0x8003EC40,call
0x8001C404,0x8001C9C8,0x8003EC40,call
0x8001C404,0x8001C9F0,0x8002DA0C,call
0x8001C404,0x8001CA5C,0x8003EC40,call
0x8001C404,0x8001CA94,0x8003EC40,call
0x8001C404,0x8001CACC,0x8003EC40,call
0x8001C404,0x8001CB04,0x8003EC40,call
0x8001C404,0x8001CB1C,0x8000A920,call
0x8001C404,0x8001CB34,0x8000AA04,call
0x8001C404,0x8001CB4C,0x8000AAC0,call
0x8001C404,0x8001CB6C,0x8000AB24,call
0x8001C404,0x8001CB84,0x8002DAD0,call
0x8001C404,0x8001CBA8,0x8000AB24,call
0x8001C404,0x8001CBC8,0x8002DB20,call
0x8001C404,0x8001CBE4,0x8000A920,call
0x8001C404,0x8001CBF0,0x8000A920,call
0x8001C404,0x8001CC08,0x8000AA04,call
0x8001C404,0x8001CC18,0x8000AAC0,call
0x8001C404,0x8001CC30,0x8000AB24,call
0x8001CCC4,0x8001CD04,0x8003EC40,call
0x8001CCC4,0x8001CD6C,0x8008A6B4,call
0x8001CCC4,0x8001CD98,0x8003EC40,call
0x8001CCC4,0x8001CDD8,0x8003EC40,call
0x8001CCC4,0x8001CE08,0x8003EC40,call
0x8001CCC4,0x8001CE38,0x8003EC40,call
0x8001CCC4,0x8001CE6C,0x8002BBA4,call
0x8001CCC4,0x8001CEA4,0x8002BBA4,call
0x8001CCC4,0x8001CED4,0x8002D4C4,call
0x8001CCC4,0x8001CF5C,0x8003964C,call
0x8001CCC4,0x8001CF6C,0x80029A3C,call
0x8001CCC4,0x8001CF7C,0x80029A3C,call
0x8001CCC4,0x8001CF84,0x800399F0,call
0x8001CCC4,0x8001CFA4,0x8002D4C4,call
0x8001CCC4,0x8001CFF0,0x8002D4C4,call
0x8001CCC4,0x8001D038,0x8002D4C4,call
0x8001D05C,0x8001D2C4,0x8002D4C4,call
0x8001D05C,0x8001D2D4,0x8003E1EC,call
0x8001D05C,0x8001D3C8,0x8002D4C4,call
0x8001D05C,0x8001D3D4,0x8003E1EC,call
0x8001D05C,0x8001D44C,0x8008A6B4,call
0x8001D05C,0x8001D45C,0x8003ECB0,call
0x8001D05C,0x8001D580,0x8008A6B4,call
0x8001D05C,0x8001D5B4,0x8008A6B4,call
0x8001D05C,0x8001D5CC,0x8008A6B4,call
0x8001D05C,0x8001D694,0x8003EC40,call
0x8001D05C,0x8001D73C,0x8003EC40,call
0x8001D05C,0x8001D78C,0x8003EC40,call
0x8001D05C,0x8001D7B0,0x8003ECB0,call
0x8001D05C,0x8001D7C8,0x8008A6B4,call
0x8001D05C,0x8001D824,0x8008A6B4,call
0x8001D05C,0x8001D84C,0x8003EC40,call
0x8001D05C,0x8001D8D0,0x800156DC,call
0x8001D05C,0x8001D8E0,0x800156DC,call
0x8001D05C,0x8001D8F8,0x80015268,call
0x8001D05C,0x8001D908,0x80016BF4,call
0x8001D05C,0x8001D934,0x800178C4,call
0x8001D05C,0x8001D948,0x80015328,call
0x8001D05C,0x8001D954,0x80015288,call
0x8001D05C,0x8001D9A0,0x80018480,call
0x8001D05C,0x8001D9BC,0x80082BE0,call
0x8001D05C,0x8001D9C4,0x80082BE0,call
0x8001D05C,0x8001D9CC,0x80082BE0,call
0x8001D05C,0x8001DA6C,0x8003EC40,call
0x8001D05C,0x8001DA88,0x80064B44,call
0x8001D05C,0x8001DAC8,0x80033C70,call
0x8001D05C,0x8001DAE4,0x80033D30,call
0x8001D05C,0x8001DB0C,0x8002D4C4,call
0x8001D05C,0x8001DB1C,0x8002D4C4,call
0x8001D05C,0x8001DBD8,0x8002D968,call
0x8001D05C,0x8001DC5C,0x80039984,call
0x8001D05C,0x8001DC64,0x800399F0,call
0x8001D05C,0x8001DCA8,0x800469B4,call
0x8001D05C,0x8001DCD8,0x8002D4C4,call
0x8001D05C,0x8001DD28,0x800469B4,call
0x8001DD48,0x8001DD80,0x8001DDA8,call
0x8001DD48,0x8001DD90,0x8001E6C0,call
0x8001DDA8,0x8001DE0C,0x8001535C,call
0x8001DDA8,0x8001DE14,0x800153C0,call
0x8001DDA8,0x8001DE24,0x800154D0,call
0x8001DDA8,0x8001DE34,0x80014F54,call
0x8001DDA8,0x8001DE44,0x80014D4C,call
0x8001DDA8,0x8001E08C,0x8003ECB0,call
0x8001DDA8,0x8001E0E0,0x8008A6B4,call
0x8001DDA8,0x8001E0F8,0x8008A6B4,call
0x8001DDA8,0x8001E110,0x8008A6B4,call
0x8001DDA8,0x8001E128,0x8008A6B4,call
0x8001DDA8,0x8001E140,0x8008A6B4,call
0x8001DDA8,0x8001E158,0x8008A6B4,call
0x8001DDA8,0x8001E170,0x8008A6B4,call
0x8001DDA8,0x8001E188,0x8008A6B4,call
0x8001DDA8,0x8001E1AC,0x8002BBA4,call
0x8001DDA8,0x8001E248,0x8002D4C4,call
0x8001DDA8,0x8001E2A4,0x8002D4C4,call
0x8001DDA8,0x8001E42C,0x8001745C,call
0x8001DDA8,0x8001E454,0x800155EC,call
0x8001DDA8,0x8001E480,0x80015470,call
0x8001DDA8,0x8001E49C,0x800156DC,call
0x8001DDA8,0x8001E4B8,0x8002D4C4,call
0x8001DDA8,0x8001E4E0,0x8002D4C4,call
0x8001DDA8,0x8001E55C,0x8002D968,call
0x8001DDA8,0x8001E57C,0x8002DD7C,call
0x8001DDA8,0x8001E5BC,0x8004DFEC,call
0x8001DDA8,0x8001E5DC,0x8004DFEC,call
0x8001DDA8,0x8001E684,0x800469B4,call
0x8001E6C0,0x8001E768,0x8002BBA4,call
0x8001E6C0,0x8001E798,0x8000A920,call
0x8001E6C0,0x8001E7D8,0x8000AA04,call
0x8001E6C0,0x8001E840,0x8000AAC0,call
0x8001E6C0,0x8001E864,0x8000AB24,call
0x8001E6C0,0x8001E8E0,0x80087814,call
0x8001E6C0,0x8001E91C,0x8002BBA4,call
0x8001E6C0,0x8001E978,0x8002BBA4,call
0x8001E6C0,0x8001E99C,0x8000A920,call
0x8001E6C0,0x8001E9EC,0x8000AA04,call
0x8001E6C0,0x8001EA54,0x8000AAC0,call
0x8001E6C0,0x8001EA78,0x8000AB24,call
0x8001E6C0,0x8001EAF0,0x80087814,call
0x8001E6C0,0x8001EB30,0x8002BBA4,call
0x8001E6C0,0x8001EB70,0x8002BBA4,call
0x8001E6C0,0x8001EBC8,0x8002BBA4,call
0x8001E6C0,0x8001EC04,0x8002BBA4,call
0x8001E6C0,0x8001EC44,0x8002BBA4,call
0x8001E6C0,0x8001EC9C,0x8002BBA4,call
0x8001E6C0,0x8001ECD8,0x8002BBA4,call
0x8001E6C0,0x8001ED18,0x8002BBA4,call
0x8001E6C0,0x8001ED80,0x8002BBA4,call
0x8001E6C0,0x8001EDC0,0x8002BBA4,call
0x8001E6C0,0x8001EE00,0x8002BBA4,call
0x8001E6C0,0x8001EE58,0x8002D4C4,call
0x8001E6C0,0x8001EE70,0x8002D4C4,call
0x8001E6C0,0x8001EE80,0x800399F0,call
0x8001E6C0,0x8001EECC,0x8002D4C4,call
0x8001E6C0,0x8001EF08,0x8002D4C4,call
0x8001E6C0,0x8001EF9C,0x8002D4C4,call
0x8001E6C0,0x8001EFDC,0x8002D4C4,call
0x8001E6C0,0x8001F1F0,0x80008B14,call
0x8001E6C0,0x8001F408,0x80008B14,call
0x8001F48C,0x8001F49C,0x80009524,call
0x8001F48C,0x8001F4AC,0x80009524,call
0x8001F48C,0x8001F4BC,0x8000955C,call
0x8001F48C,0x8001F4DC,0x80009524,call
0x8001F48C,0x8001F4F0,0x8000953C,call
0x8001F48C,0x8001F500,0x800092EC,call
0x8001F48C,0x8001F530,0x800093B0,call
0x8001F48C,0x8001F540,0x80009524,call
0x8001F48C,0x8001F554,0x8000953C,call
0x8001F48C,0x8001F564,0x800092EC,call
0x8001F48C,0x8001F594,0x800093B0,call
0x8001F5AC,0x8001F5FC,0x80028320,call
0x8001F5AC,0x8001F63C,0x8004E4F4,call
0x8001F5AC,0x8001F688,0x800503E8,call
0x8001F5AC,0x8001F69C,0x800511B0,call
0x8001F5AC,0x8001F6F4,0x800519C0,call
0x8001F5AC,0x8001F748,0x8002DBD8,call
0x8001F5AC,0x8001F764,0x800503E8,call
0x8001F5AC,0x8001F78C,0x8001F48C,call
0x8001F5AC,0x8001F7EC,0x800519C0,call
0x8001F5AC,0x8001F7F4,0x80029C24,call
0x8001F5AC,0x8001F86C,0x80063AA0,call
0x8001F5AC,0x8001F884,0x80029D38,call
0x8001F5AC,0x8001F894,0x80046DC4,call
0x8001F5AC,0x8001F8A4,0x8002A7D4,call
0x8001F5AC,0x8001F928,0x8008A6B4,call
0x8001F5AC,0x8001F950,0x8003EC40,call
0x8001F5AC,0x8001F95C,0x800129B8,call
0x8001F5AC,0x8001F96C,0x800129B8,call
0x8001F5AC,0x8001F9AC,0x8002CC28,call
0x8001F5AC,0x8001F9B4,0x80028498,call
0x8001F5AC,0x8001F9BC,0x8004850C,call
0x8001F5AC,0x8001FA4C,0x8002D4C4,call
0x8001F5AC,0x8001FAC4,0x80029C24,call
0x8001F5AC,0x8001FAE8,0x80063AA0,call
0x8001F5AC,0x8001FAF0,0x8002D6EC,call
0x8001F5AC,0x8001FB00,0x80063AA0,call
0x8001F5AC,0x8001FB6C,0x80063AA0,call
0x8001F5AC,0x8001FBA8,0x80063AA0,call
0x8001F5AC,0x8001FBE8,0x800469B4,call
0x8001F5AC,0x8001FC20,0x80033590,call
0x8001F5AC,0x8001FC30,0x80015288,call
0x8001F5AC,0x8001FC60,0x80014F54,call
0x8001F5AC,0x8001FC84,0x80063084,call
0x8001F5AC,0x8001FD08,0x800469B4,call
0x8001F5AC,0x8001FD24,0x80063AA0,call
0x8001F5AC,0x8001FD3C,0x8002D4C4,call
0x8001F5AC,0x8001FD68,0x80063AA0,call
0x8001F5AC,0x8001FDA8,0x800469B4,call
0x8001F5AC,0x8001FDCC,0x80063AA0,call
0x8001F5AC,0x8001FE1C,0x800469B4,call
0x8001F5AC,0x8001FE3C,0x80064B44,call
0x80020030,0x800201C8,0x8001745C,call
0x80020030,0x800201DC,0x80015268,call
0x80020030,0x800201FC,0x8003F800,call
0x80020030,0x80020248,0x80082BE0,call
0x80020030,0x80020378,0x80018480,call
0x80020030,0x80020418,0x800181BC,call
0x80020030,0x80020438,0x80015268,call
0x80020030,0x8002044C,0x80015268,call
0x80020030,0x80020468,0x80015268,call
0x80020030,0x8002047C,0x80015268,call
0x80020030,0x80020488,0x800174B8,call
0x80020030,0x800204A0,0x80017918,call
0x80020030,0x800204AC,0x80017BA8,call
0x80020030,0x800204CC,0x800181BC,call
0x80020030,0x80020534,0x80015288,call
0x80020030,0x80020548,0x80015288,call
0x80020030,0x80020580,0x80014F54,call
0x80020030,0x800205B8,0x80014F54,call
0x80020030,0x800205D8,0x80063084,call
0x80020030,0x800205FC,0x80082BE0,call
0x80020030,0x8002063C,0x80082BE0,call
0x80020030,0x80020858,0x80082BE0,call
0x80020030,0x80020898,0x80082BE0,call
0x80020030,0x800208A0,0x80051934,call
0x80020030,0x800208DC,0x80015268,call
0x80020030,0x80020948,0x80084A3C,call
0x80020030,0x80020960,0x80084BDC,call
0x80020030,0x800209B4,0x80017C18,call
0x80020030,0x800209C0,0x80015288,call
0x80020030,0x800209DC,0x80014F54,call
0x80020030,0x800209FC,0x80063084,call
0x80020030,0x80020A50,0x80017C18,call
0x80020030,0x80020A58,0x80051934,call
0x80020030,0x80020A60,0x80082BE0,call
0x80020030,0x80020AB4,0x80015268,call
0x80020030,0x80020AD4,0x80084A3C,call
0x80020030,0x80020AEC,0x80084BDC,call
0x80020030,0x80020AF8,0x80015288,call
0x80020030,0x80020BA4,0x80017C18,call
0x80020030,0x80020BAC,0x80082BE0,call
0x80020030,0x80020C10,0x80015268,call
0x80020030,0x80020C30,0x80084A3C,call
0x80020030,0x80020C48,0x80084BDC,call
0x80020030,0x80020C54,0x80015288,call
0x80020030,0x80020CD0,0x80017C18,call
0x80020030,0x80020CD8,0x80082BE0,call
0x80020030,0x80020D40,0x80015268,call
0x80020030,0x80020D60,0x80084A3C,call
0x80020030,0x80020D78,0x80084BDC,call
0x80020030,0x80020D84,0x80015288,call
0x80020030,0x80020DD0,0x80015288,call
0x80020030,0x80020E08,0x80014F54,call
0x80020030,0x80020E24,0x80063084,call
0x80020030,0x80020E4C,0x80082BE0,call
0x80020030,0x80020E54,0x80082BE0,call
0x80020030,0x80020EC4,0x80015268,call
0x80020030,0x80020ECC,0x80082BE0,call
0x80020030,0x80020F00,0x80063084,call
0x80020030,0x80020F08,0x80082BE0,call
0x80020030,0x80020F10,0x80082BE0,call
0x80020030,0x80020F70,0x80015268,call
0x80020030,0x80020F78,0x80082BE0,call
0x80020030,0x80020FA4,0x80063084,call
0x80020030,0x80020FE4,0x8003F800,call
0x80020030,0x80021000,0x80084BDC,call
0x80020030,0x80021010,0x80015288,call
0x80020030,0x80021118,0x80033878,call
0x80020030,0x80021144,0x80048A50,call
0x80020030,0x800211EC,0x80021294,call
0x80020030,0x80021244,0x80021F84,call
0x80021294,0x80021314,0x8008A6B4,call
0x80021294,0x80021340,0x80015268,call
0x80021294,0x80021358,0x8002AFFC,call
0x80021294,0x80021370,0x8001535C,call
0x80021294,0x80021378,0x800153C0,call
0x80021294,0x80021388,0x800154D0,call
0x80021294,0x80021398,0x80014F54,call
0x80021294,0x800213A8,0x80014D4C,call
0x80021294,0x80021524,0x8008A6B4,call
0x80021294,0x8002153C,0x8008A6B4,call
0x80021294,0x80021554,0x8008A6B4,call
0x80021294,0x8002156C,0x8008A6B4,call
0x80021294,0x80021584,0x8008A6B4,call
0x80021294,0x8002159C,0x8008A6B4,call
0x80021294,0x800215E0,0x8008A6B4,call
0x80021294,0x800215F8,0x8008A6B4,call
0x80021294,0x80021610,0x8008A6B4,call
0x80021294,0x80021628,0x8008A6B4,call
0x80021294,0x80021640,0x8008A6B4,call
0x80021294,0x80021688,0x8003EC40,call
0x80021294,0x800216D0,0x8002D4C4,call
0x80021294,0x800216E8,0x800469B4,call
0x80021294,0x80021710,0x8002D4C4,call
0x80021294,0x80021734,0x800469B4,call
0x80021294,0x80021C68,0x8002AFFC,call
0x80021294,0x80021C78,0x8002B3C8,call
0x80021294,0x80021CB0,0x8001745C,call
0x80021294,0x80021CD4,0x800155EC,call
0x80021294,0x80021D3C,0x800155EC,call
0x80021294,0x80021DA4,0x800155EC,call
0x80021294,0x80021DD0,0x80015470,call
0x80021294,0x80021DFC,0x800156DC,call
0x80021294,0x80021E44,0x8002AFFC,call
0x80021294,0x80021E5C,0x8001535C,call
0x80021294,0x80021E64,0x800153C0,call
0x80021294,0x80021E74,0x800154D0,call
0x80021294,0x80021E84,0x80014F54,call
0x80021294,0x80021E94,0x80014D4C,call
0x80021F84,0x80021FC4,0x8004E4F4,call
0x80021F84,0x80022008,0x800519C0,call
0x80021F84,0x80022010,0x800479A4,call
0x80021F84,0x80022018,0x80047920,call
0x80021F84,0x80022070,0x80017C18,call
0x80021F84,0x80022080,0x80015288,call
0x80021F84,0x80022090,0x80015288,call
0x80021F84,0x800220F0,0x80017C18,call
0x80021F84,0x80022100,0x80015288,call
0x80021F84,0x80022110,0x80015288,call
0x80021F84,0x80022160,0x80017C18,call
0x80021F84,0x80022170,0x80015288,call
0x80021F84,0x80022180,0x80015288,call
0x80021F84,0x800221E0,0x80017C18,call
0x80021F84,0x800221F0,0x80015288,call
0x80021F84,0x80022200,0x80015288,call
0x80021F84,0x8002227C,0x800503E8,call
0x80021F84,0x800222CC,0x8008A6B4,call
0x80021F84,0x8002230C,0x8008A6B4,call
0x80021F84,0x8002231C,0x8008A6B4,call
0x80021F84,0x800223E8,0x8003EC40,call
0x80021F84,0x8002244C,0x8002D4C4,call
0x80021F84,0x80022464,0x800469B4,call
0x80021F84,0x80022498,0x8002D4C4,call
0x80021F84,0x800224EC,0x8002D4C4,call
0x80021F84,0x80022544,0x8002D4C4,call
0x80021F84,0x8002259C,0x8002D4C4,call
0x80021F84,0x800225D0,0x80047920,call
0x80021F84,0x80022628,0x800519C0,call
0x80021F84,0x80022668,0x800503E8,call
0x80021F84,0x80022684,0x800519C0,call
0x80021F84,0x800226A8,0x8002AFFC,call
0x80021F84,0x80022708,0x8002D4C4,call
0x80022798,0x800227E4,0x8008A6B4,call
0x80022798,0x800228A8,0x8003EC40,call
0x800228C0,0x80022960,0x8003ECB0,call
0x800228C0,0x80022ECC,0x800469B4,call
0x800228C0,0x80022FA0,0x800469B4,call
0x800228C0,0x800233AC,0x800399F0,call
0x800228C0,0x800233CC,0x800469B4,call
0x800228C0,0x800233E0,0x8002D9D0,call
0x800228C0,0x80023448,0x8002DA0C,call
0x800228C0,0x8002358C,0x80027D24,call
0x800228C0,0x800235C4,0x8002DD7C,call
0x800228C0,0x80023764,0x800399F0,call
0x800228C0,0x800237C0,0x80008B14,call
0x800228C0,0x800239CC,0x8000A920,call
0x800228C0,0x800239EC,0x8000AA04,call
0x800228C0,0x80023A08,0x8000AAC0,call
0x800228C0,0x80023AAC,0x8000AB24,call
0x800228C0,0x80023AF8,0x8008A6B4,call
0x800228C0,0x80023B34,0x8003EC40,call
0x800228C0,0x80023B78,0x8008A6B4,call
0x800228C0,0x80023BB8,0x8003EC40,call
0x800228C0,0x80023BF4,0x8003EFDC,call
0x800228C0,0x80023C30,0x8008A6B4,call
0x800228C0,0x80023C4C,0x8008A6B4,call
0x800228C0,0x80023C78,0x8003EC40,call
0x800228C0,0x80023C98,0x8008A6B4,call
0x800228C0,0x80023CD4,0x8003EC40,call
0x800228C0,0x80023D18,0x8008A6B4,call
0x800228C0,0x80023D58,0x8003EC40,call
0x800228C0,0x80023D94,0x8003EFDC,call
0x800228C0,0x80023DD8,0x8002C780,call
0x800228C0,0x80023E00,0x8008A6B4,call
0x800228C0,0x80023E10,0x8003ECB0,call
0x800228C0,0x80023E24,0x8004A36C,call
0x800228C0,0x80023E7C,0x8002D4C4,call
0x80024070,0x800240B4,0x80028320,call
0x80024070,0x8002410C,0x8004E4F4,call
0x80024070,0x80024170,0x800519C0,call
0x80024070,0x80024178,0x80029C24,call
0x80024070,0x80024180,0x8002DBD8,call
0x80024070,0x8002419C,0x800503E8,call
0x80024070,0x800241C0,0x80009524,call
0x80024070,0x800241D0,0x80009524,call
0x80024070,0x800241E0,0x8000955C,call
0x80024070,0x800241EC,0x80009524,call
0x80024070,0x80024200,0x8000953C,call
0x80024070,0x80024210,0x800092EC,call
0x80024070,0x80024240,0x800093B0,call
0x80024070,0x80024248,0x80029D38,call
0x80024070,0x80024264,0x80046DC4,call
0x80024070,0x800242D0,0x8008A6B4,call
0x80024070,0x800242F8,0x8003EC40,call
0x80024070,0x80024310,0x800129B8,call
0x80024070,0x80024320,0x800129B8,call
0x80024070,0x80024360,0x8002CC28,call
0x80024070,0x8002436C,0x80028498,call
0x80024070,0x80024374,0x8004850C,call
0x80024070,0x80024424,0x800511B0,call
0x80024070,0x8002447C,0x8002D4C4,call
0x80024070,0x80024498,0x800511B0,call
0x80024070,0x800244DC,0x8002D6EC,call
0x80024070,0x80024528,0x8002D4C4,call
0x80024070,0x80024570,0x800469B4,call
0x80024070,0x8002461C,0x80050290,call
0x80024070,0x80024638,0x8002D4C4,call
0x80024070,0x800246A0,0x800519C0,call
0x80024070,0x800246A8,0x80029C24,call
0x80024874,0x800248F4,0x8002DAD0,call
0x80024954,0x80024988,0x800503E8,call
0x80024954,0x800249D0,0x80024704,call
0x80024954,0x80024A04,0x8002DA0C,call
0x80024954,0x80024A24,0x80024874,call
0x80024954,0x80024A30,0x8004BAC8,call
0x80024954,0x80024A80,0x80064A88,call
0x80024954,0x80024AD4,0x80064A88,call
0x80024954,0x80024AE0,0x8002DB20,call
0x80024954,0x80024B50,0x800494D0,call
0x80024954,0x80024BA8,0x8008A6B4,call
0x80024954,0x80024BB0,0x80082BE0,call
0x80024954,0x80024BB8,0x80082BE0,call
0x80024954,0x80024BC0,0x80082BE0,call
0x80024954,0x80024C50,0x8003EC40,call
0x80024954,0x80024C5C,0x8002D598,call
0x80024954,0x80024C70,0x8008A6B4,call
0x80024954,0x80024C98,0x8003EC40,call
0x80024954,0x80024CA4,0x800129B8,call
0x80024954,0x80024CB4,0x800129B8,call
0x80024954,0x80024CF4,0x8002CC28,call
0x80024954,0x80024D58,0x8003EC40,call
0x80024954,0x80024D8C,0x8003EC40,call
0x80024954,0x80024DC0,0x8003EC40,call
0x80024954,0x80024DF4,0x8003EC40,call
0x80024954,0x80024E10,0x8008A6B4,call
0x80024954,0x80024E34,0x8008A6B4,call
0x80024954,0x80024E60,0x8008A6B4,call
0x80024954,0x80024E70,0x8008A6B4,call
0x80024954,0x80024E9C,0x8003EC40,call
0x80024954,0x80024EAC,0x8001C404,call
0x80024954,0x80024EE8,0x8000A920,call
0x80024954,0x80024F00,0x8000AA04,call
0x80024954,0x80024F20,0x8000AAC0,call
0x80024954,0x80024F44,0x8000AB24,call
0x80024954,0x80024FA8,0x8003EC40,call
0x80024954,0x80024FB8,0x8002C780,call
0x80024954,0x80024FD8,0x80064B44,call
0x80024954,0x80025008,0x8002D4C4,call
0x80024954,0x80025014,0x8004BAC8,call
0x80024954,0x80025020,0x800469B4,call
0x80024954,0x80025054,0x8002D4C4,call
0x80024954,0x80025060,0x8004BAC8,call
0x80024954,0x8002506C,0x800469B4,call
0x80024954,0x800250B4,0x8002D4C4,call
0x80024954,0x800250BC,0x80024704,call
0x80024954,0x800250CC,0x8002D4C4,call
0x80024954,0x800250FC,0x8002D4C4,call
0x80024954,0x80025104,0x80024704,call
0x80024954,0x80025114,0x8002D4C4,call
0x80025148,0x800251D0,0x800503E8,call
0x80025148,0x80025204,0x80024704,call
0x80025148,0x8002521C,0x80024874,call
0x80025148,0x80025274,0x8002DC7C,call
0x80025148,0x800252B0,0x8002DB20,call
0x80025148,0x800252BC,0x8002DA0C,call
0x80025148,0x80025378,0x8002DB20,call
0x80025148,0x80025384,0x8002D9D0,call
0x80025148,0x80025424,0x8002BBA4,call
0x80025148,0x80025468,0x8002BBA4,call
0x80025148,0x80025494,0x8002BBA4,call
0x80025148,0x800254D4,0x8008A6B4,call
0x80025148,0x800254F8,0x8008A6B4,call
0x80025148,0x8002550C,0x8008A6B4,call
0x80025148,0x8002553C,0x8002BBA4,call
0x80025148,0x80025564,0x8002BBA4,call
0x80025148,0x80025594,0x8002BBA4,call
0x80025148,0x800255C4,0x8002BBA4,call
0x80025148,0x800255F4,0x8002BBA4,call
0x80025148,0x8002562C,0x8002BBA4,call
0x80025148,0x8002568C,0x8008A6B4,call
0x80025148,0x800256B4,0x8002BBA4,call
0x80025148,0x800256E4,0x8008A6B4,call
0x80025148,0x80025714,0x8002BBA4,call
0x80025148,0x8002573C,0x8002BBA4,call
0x80025148,0x80025760,0x8008A6B4,call
0x80025148,0x80025784,0x8008A6B4,call
0x80025148,0x800257B4,0x8002BBA4,call
0x80025148,0x800257DC,0x8002BBA4,call
0x80025148,0x80025804,0x8008A6B4,call
0x80025148,0x80025828,0x8008A6B4,call
0x80025148,0x8002583C,0x8008A6B4,call
0x80025148,0x8002586C,0x8002BBA4,call
0x80025148,0x80025894,0x8002BBA4,call
0x80025148,0x800258D4,0x8002BBA4,call
0x80025148,0x80025918,0x8002BBA4,call
0x80025148,0x80025944,0x8002BBA4,call
0x80025148,0x80025974,0x8008A6B4,call
0x80025148,0x80025984,0x8008A6B4,call
0x80025148,0x800259B4,0x8002BBA4,call
0x80025148,0x800259DC,0x8002BBA4,call
0x80025148,0x80025A24,0x80064A88,call
0x80025148,0x80025A38,0x80064A88,call
0x80025148,0x80025A94,0x800494D0,call
0x80025148,0x80025AB8,0x80049C14,call
0x80025148,0x80025B08,0x8008A6B4,call
0x80025148,0x80025B10,0x80082BE0,call
0x80025148,0x80025B18,0x80082BE0,call
0x80025148,0x80025B20,0x80082BE0,call
0x80025148,0x80025BA8,0x8003EC40,call
0x80025148,0x80025BB4,0x8002D598,call
0x80025148,0x80025BC8,0x8008A6B4,call
0x80025148,0x80025BEC,0x8003EC40,call
0x80025148,0x80025BF8,0x800129B8,call
0x80025148,0x80025C08,0x800129B8,call
0x80025148,0x80025C3C,0x8002CC28,call
0x80025148,0x80025C84,0x8002D048,call
0x80025148,0x80025CC4,0x8002D048,call
0x80025148,0x80025D40,0x8008A6B4,call
0x80025148,0x80025D70,0x8003EC40,call
0x80025148,0x80025D90,0x8000A920,call
0x80025148,0x80025DB0,0x8000AA04,call
0x80025148,0x80025DD0,0x8000AAC0,call
0x80025148,0x80025DF4,0x8000AB24,call
0x80025148,0x80025E88,0x8008A6B4,call
0x80025148,0x80025EB8,0x8003EC40,call
0x80025148,0x80025ED8,0x8000A920,call
0x80025148,0x80025EF8,0x8000AA04,call
0x80025148,0x80025F10,0x8000AAC0,call
0x80025148,0x80025F34,0x8000AB24,call
0x80025148,0x80025F7C,0x8003EC40,call
0x80025148,0x80025FB4,0x8008A6B4,call
0x80025148,0x80025FDC,0x8003EC40,call
0x80025148,0x80025FFC,0x8000A920,call
0x80025148,0x80026014,0x8000AA04,call
0x80025148,0x80026034,0x8000AAC0,call
0x80025148,0x80026058,0x8000AB24,call
0x80025148,0x80026074,0x8002DB20,call
0x80025148,0x80026080,0x8002DA0C,call
0x80025148,0x800260C4,0x8003EC40,call
0x80025148,0x800260F8,0x8003EC40,call
0x80025148,0x8002616C,0x8002D4C4,call
0x80025148,0x80026200,0x8004BAC8,call
0x80025148,0x80026214,0x800503E8,call
0x80025148,0x80026248,0x8002D4C4,call
0x80025148,0x80026254,0x8004BAC8,call
0x80025148,0x80026260,0x800469B4,call
0x80025148,0x800262A0,0x8002D4C4,call
0x80025148,0x800262C8,0x8002D4C4,call
0x80025148,0x80026434,0x8002D4C4,call
0x80025148,0x8002655C,0x8002D4C4,call
0x80026644,0x8002666C,0x80007A80,call
0x80026644,0x800266A4,0x8005058C,call
0x80026644,0x800266AC,0x80082BE0,call
0x80026644,0x800266F0,0x8003F800,call
0x80026644,0x80026724,0x80064A88,call
0x80026644,0x80026774,0x80015288,call
0x80026644,0x800267D4,0x80033878,call
0x80026644,0x800267E0,0x80060DE4,call
0x80026644,0x80026854,0x800494D0,call
0x80026644,0x80026870,0x800469B4,call
0x80026644,0x8002693C,0x8005058C,call
0x80026644,0x8002699C,0x80033590,call
0x80026644,0x800269C0,0x8005058C,call
0x80026644,0x800269D4,0x80015288,call
0x80026644,0x800269FC,0x80060DE4,call
0x80026644,0x80026A0C,0x80060DE4,call
0x80026644,0x80026A9C,0x8005058C,call
0x80026644,0x80026AE4,0x8005058C,call
0x80026644,0x80026B1C,0x800469B4,call
0x80026B3C,0x80026BB0,0x80033590,call
0x80026B3C,0x80026BC8,0x80015288,call
0x80026B3C,0x80026C6C,0x80033590,call
0x80026B3C,0x80026C7C,0x80015288,call
0x80026B3C,0x80026CFC,0x80015268,call
0x80026B3C,0x80026D1C,0x80015268,call
0x80026B3C,0x80026D3C,0x80015268,call
0x80026B3C,0x80026D54,0x80015268,call
0x80026B3C,0x80026D64,0x80015288,call
0x80026B3C,0x80026D74,0x80015288,call
0x80026B3C,0x80026D9C,0x80008B14,call
0x80026B3C,0x80026EB0,0x8001745C,call
0x80026B3C,0x80026EC8,0x80015268,call
0x80026B3C,0x80026F0C,0x80018480,call
0x80026B3C,0x80026FB0,0x80063AA0,call
0x80026B3C,0x80026FE4,0x80008B14,call
0x80026B3C,0x80027038,0x8003EC40,call
0x80026B3C,0x80027094,0x80063AA0,call
0x80026B3C,0x800270A8,0x80015288,call
0x80026B3C,0x800270BC,0x80015288,call
0x80026B3C,0x800270DC,0x80008B14,call
0x80026B3C,0x80027118,0x8003EC40,call
0x80027150,0x800271F4,0x80082BE0,call
0x80027150,0x80027250,0x80015268,call
0x80027150,0x8002726C,0x80015268,call
0x80027150,0x8002727C,0x80015288,call
0x80027150,0x8002728C,0x80015288,call
0x80027150,0x80027298,0x8000955C,call
0x80027150,0x800272D8,0x80009704,call
0x80027150,0x800272F8,0x80009134,call
0x80027150,0x80027308,0x80009134,call
0x80027150,0x80027330,0x80009524,call
0x80027150,0x80027344,0x800092EC,call
0x80027150,0x80027350,0x8000953C,call
0x80027150,0x8002736C,0x80008B14,call
0x80027150,0x80027388,0x80015268,call
0x80027150,0x800273A8,0x80015268,call
0x80027150,0x80027450,0x8005058C,call
0x80027150,0x8002749C,0x80015268,call
0x80027150,0x800274B0,0x80015268,call
0x80027150,0x800274CC,0x8005058C,call
0x80027150,0x80027518,0x80015268,call
0x80027150,0x80027534,0x8005058C,call
0x80027150,0x80027580,0x80015268,call
0x80027150,0x80027594,0x80015268,call
0x80027150,0x800275B0,0x8005058C,call
0x80027150,0x800275FC,0x80015268,call
0x80027150,0x80027610,0x80015268,call
0x80027150,0x8002762C,0x8005058C,call
0x80027150,0x8002767C,0x80015268,call
0x80027150,0x80027694,0x80015268,call
0x80027150,0x800276B0,0x8005058C,call
0x80027150,0x80027748,0x800181BC,call
0x80027150,0x80027758,0x800174B8,call
0x80027150,0x8002777C,0x80017918,call
0x80027150,0x80027788,0x80017BA8,call
0x80027150,0x800277A8,0x800181BC,call
0x80027150,0x800277C4,0x80015268,call
0x80027150,0x8002784C,0x80014CC0,call
0x80027150,0x8002785C,0x8003F800,call
0x80027150,0x800278A0,0x80033878,call
0x80027150,0x800278F4,0x800181BC,call
0x80027150,0x80027900,0x800174B8,call
0x80027150,0x80027918,0x80017918,call
0x80027150,0x80027924,0x80015288,call
0x80027150,0x80027930,0x80017BA8,call
0x80027150,0x80027950,0x800181BC,call
0x80027150,0x800279BC,0x8002D968,call
0x80027A0C,0x80027A64,0x80015268,call
0x80027A0C,0x80027A80,0x80015268,call
0x80027A0C,0x80027A94,0x80033590,call
0x80027A0C,0x80027AB8,0x80015288,call
0x80027A0C,0x80027AF0,0x80008B14,call
0x80027A0C,0x80027B44,0x80015288,call
0x80027A0C,0x80027B64,0x80015268,call
0x80027A0C,0x80027B78,0x80015288,call
0x80027A0C,0x80027B8C,0x80015288,call
0x80027A0C,0x80027BF4,0x800174B8,call
0x80027A0C,0x80027C3C,0x80018480,call
0x80027A0C,0x80027C68,0x800181BC,call
0x80027D24,0x80027DB4,0x80082BE0,call
0x80027D24,0x80027E0C,0x80082BE0,call
0x80027D24,0x80027E64,0x80082BE0,call
0x80027D24,0x80027F5C,0x80082BE0,call
0x80027D24,0x80027F98,0x80082BE0,call
0x80027D24,0x80028000,0x80082BE0,call
0x80027D24,0x8002803C,0x800399F0,call
0x80028070,0x8002808C,0x80029A3C,call
0x80028070,0x800280B0,0x80029A3C,call
0x800280D8,0x800280EC,0x8003E1EC,call
0x800280D8,0x800281D8,0x800399F0,call
0x80028320,0x80028474,0x800469B4,call
0x80028498,0x80028660,0x80014F54,call
0x80028498,0x800286A8,0x80014CC0,call
0x80028498,0x8002879C,0x80014CC0,call
0x80028498,0x800287EC,0x80014F54,call
0x80028498,0x80028818,0x80014CC0,call
0x80028498,0x80028864,0x80028D60,call
0x80028498,0x80028870,0x80015288,call
0x80028498,0x80028888,0x800155EC,call
0x80028498,0x800288A0,0x800155EC,call
0x80028498,0x800288B8,0x800155EC,call
0x80028498,0x800288C4,0x80015288,call
0x80028498,0x800288E4,0x80015630,call
0x80028498,0x800288F4,0x80015288,call
0x80028498,0x80028910,0x80014F54,call
0x80028498,0x80028944,0x80015630,call
0x80028498,0x80028950,0x80015288,call
0x80028498,0x800289D8,0x80028D60,call
0x80028498,0x800289F0,0x80015288,call
0x80028498,0x80028A10,0x800155EC,call
0x80028498,0x80028A28,0x800155EC,call
0x80028498,0x80028A40,0x800155EC,call
0x80028498,0x80028A68,0x80015288,call
0x80028498,0x80028A98,0x80015630,call
0x80028498,0x80028AD0,0x80015288,call
0x80028498,0x80028B18,0x80015630,call
0x80028498,0x80028B34,0x80015288,call
0x80028498,0x80028CD4,0x80015288,call
0x80028498,0x80028CF8,0x80015288,call
0x80028D60,0x80028D70,0x80015288,call
0x80028D60,0x80028D88,0x8001535C,call
0x80028D60,0x80028D90,0x800154D0,call
0x80028D60,0x80028DA0,0x80014F54,call
0x80028D60,0x80028DAC,0x80014D4C,call
0x80028D60,0x80028E50,0x8001745C,call
0x80028D60,0x80028E60,0x80015288,call
0x80028E78,0x80028FA4,0x8000AB24,call
0x80028E78,0x80028FF8,0x8003F800,call
0x80028E78,0x80029008,0x80060DE4,call
0x80028E78,0x80029024,0x80039CD8,call
0x80028E78,0x8002902C,0x80039B70,call
0x80028E78,0x80029034,0x800399F0,call
0x80028E78,0x80029044,0x800469B4,call
0x80028E78,0x80029054,0x8000A920,call
0x80028E78,0x80029070,0x80039CD8,call
0x80028E78,0x80029078,0x80039B70,call
0x80028E78,0x80029080,0x800399F0,call
0x800290A4,0x800290EC,0x8000AB24,call
0x800290A4,0x8002922C,0x8000AB24,call
0x800290A4,0x80029244,0x8000A920,call
0x8002932C,0x80029360,0x80015268,call
0x8002932C,0x80029380,0x80063084,call
0x8002932C,0x8002938C,0x80063AA0,call
0x8002932C,0x80029398,0x80063AA0,call
0x8002932C,0x800293A4,0x80063AA0,call
0x8002932C,0x800293E4,0x8003F800,call
0x8002932C,0x8002942C,0x80063AA0,call
0x8002932C,0x8002944C,0x80063AA0,call
0x80029494,0x800294BC,0x80083D80,call
0x80029494,0x800294E0,0x80015268,call
0x80029494,0x80029504,0x80015268,call
0x80029494,0x80029558,0x80015268,call
0x80029494,0x80029570,0x80083D80,call
0x80029494,0x80029584,0x80015288,call
0x80029494,0x80029598,0x80015288,call
0x80029494,0x800295B0,0x80083D80,call
0x80029494,0x800295C4,0x80015288,call
0x80029494,0x800295D8,0x80015288,call
0x8002963C,0x800299C0,0x80046670,call
0x8002963C,0x80029A0C,0x80046670,call
0x80029D38,0x80029DBC,0x8000AB24,call
0x80029D38,0x80029DC8,0x8000A920,call
0x80029D38,0x80029DE0,0x8000AA04,call
0x80029D38,0x80029DFC,0x8000AB24,call
0x80029D38,0x80029E08,0x8000A920,call
0x80029D38,0x80029E20,0x8000AA04,call
0x80029D38,0x80029E68,0x8008A6B4,call
0x80029D38,0x80029E9C,0x8003EC40,call
0x80029D38,0x80029EB8,0x8000AB24,call
0x80029D38,0x80029EC4,0x8000A920,call
0x80029D38,0x80029EDC,0x8000AA04,call
0x80029D38,0x80029F5C,0x80047A78,call
0x80029D38,0x80029F78,0x8000AB24,call
0x80029D38,0x80029F84,0x8000A920,call
0x80029D38,0x80029F9C,0x8000AA04,call
0x80029D38,0x80029FE0,0x8003EC40,call
0x80029D38,0x80029FF8,0x8008A6B4,call
0x80029D38,0x8002A02C,0x8003EC40,call
0x80029D38,0x8002A048,0x8000AB24,call
0x80029D38,0x8002A054,0x8000A920,call
0x80029D38,0x8002A06C,0x8000AA04,call
0x80029D38,0x8002A0B0,0x8000AB24,call
0x80029D38,0x8002A0BC,0x8000A920,call
0x80029D38,0x8002A0D4,0x8000AA04,call
0x80029D38,0x8002A0F0,0x8000AB24,call
0x80029D38,0x8002A0FC,0x8000A920,call
0x80029D38,0x8002A114,0x8000AA04,call
0x80029D38,0x8002A14C,0x8003EC40,call
0x80029D38,0x8002A168,0x8000AB24,call
0x80029D38,0x8002A174,0x8000A920,call
0x80029D38,0x8002A18C,0x8000AA04,call
0x80029D38,0x8002A1A8,0x8000AB24,call
0x80029D38,0x8002A1B4,0x8000A920,call
0x80029D38,0x8002A1CC,0x8000AA04,call
0x80029D38,0x8002A220,0x8008A6B4,call
0x80029D38,0x8002A254,0x8003EC40,call
0x80029D38,0x8002A270,0x8000AB24,call
0x80029D38,0x8002A27C,0x8000A920,call
0x80029D38,0x8002A294,0x8000AA04,call
0x80029D38,0x8002A300,0x80047A78,call
0x80029D38,0x8002A33C,0x8000AB24,call
0x80029D38,0x8002A350,0x8000A920,call
0x80029D38,0x8002A370,0x8000AA04,call
0x80029D38,0x8002A3A0,0x8000AB24,call
0x80029D38,0x8002A3B4,0x8000A920,call
0x80029D38,0x8002A3D4,0x8000AA04,call
0x80029D38,0x8002A400,0x8008A6B4,call
0x80029D38,0x8002A440,0x8003EC40,call
0x80029D38,0x8002A458,0x8008A6B4,call
0x80029D38,0x8002A498,0x8003EC40,call
0x80029D38,0x8002A4B4,0x8008A6B4,call
0x80029D38,0x8002A4CC,0x8008A6B4,call
0x80029D38,0x8002A4FC,0x8003EC40,call
0x80029D38,0x8002A51C,0x8008A6B4,call
0x80029D38,0x8002A530,0x8008A6B4,call
0x80029D38,0x8002A560,0x8003EC40,call
0x80029D38,0x8002A5C8,0x8002BBA4,call
0x80029D38,0x8002A5F8,0x8002BBA4,call
0x80029D38,0x8002A630,0x8003EC40,call
0x80029D38,0x8002A670,0x8004A36C,call
0x80029D38,0x8002A688,0x8008A6B4,call
0x80029D38,0x8002A6C8,0x8003EC40,call
0x80029D38,0x8002A718,0x8003EC40,call
0x80029D38,0x8002A78C,0x8002D4C4,call
0x80029D38,0x8002A79C,0x8002D4C4,call
0x8002A7D4,0x8002A82C,0x8000AB24,call
0x8002A7D4,0x8002A838,0x8000A920,call
0x8002A7D4,0x8002A850,0x8000AA04,call
0x8002A7D4,0x8002A86C,0x8000AB24,call
0x8002A7D4,0x8002A878,0x8000A920,call
0x8002A7D4,0x8002A890,0x8000AA04,call
0x8002A7D4,0x8002A8AC,0x8000AB24,call
0x8002A7D4,0x8002A8B8,0x8000A920,call
0x8002A7D4,0x8002A8D0,0x8000AA04,call
0x8002A7D4,0x8002A908,0x8003EC40,call
0x8002A7D4,0x8002A940,0x8003EC40,call
0x8002A7D4,0x8002A978,0x8003EC40,call
0x8002A7D4,0x8002A9B0,0x8003EC40,call
0x8002A7D4,0x8002A9CC,0x8000AB24,call
0x8002A7D4,0x8002A9D8,0x8000A920,call
0x8002A7D4,0x8002A9F0,0x8000AA04,call
0x8002A7D4,0x8002AA04,0x8008A6B4,call
0x8002A7D4,0x8002AA1C,0x8008A6B4,call
0x8002A7D4,0x8002AA50,0x8003EC40,call
0x8002A7D4,0x8002AA88,0x8000AB24,call
0x8002A7D4,0x8002AA9C,0x8000A920,call
0x8002A7D4,0x8002AABC,0x8000AA04,call
0x8002A7D4,0x8002AAE4,0x8008A6B4,call
0x8002A7D4,0x8002AB10,0x8003EC40,call
0x8002A7D4,0x8002AB48,0x8002BBA4,call
0x8002A7D4,0x8002AB78,0x8002BBA4,call
0x8002A7D4,0x8002ABB0,0x8003EC40,call
0x8002A7D4,0x8002AC18,0x8004A36C,call
0x8002A7D4,0x8002AC34,0x8008A6B4,call
0x8002A7D4,0x8002AC74,0x8003EC40,call
0x8002A7D4,0x8002ACB0,0x8003EC40,call
0x8002A7D4,0x8002AD04,0x8002D4C4,call
0x8002A7D4,0x8002AD1C,0x8002D4C4,call
0x8002AD70,0x8002ADB8,0x80082BE0,call
0x8002AD70,0x8002AE14,0x8002B3C8,call
0x8002AD70,0x8002AE6C,0x80082BE0,call
0x8002AD70,0x8002AED8,0x80082BE0,call
0x8002AD70,0x8002AFC0,0x8002AFFC,call
0x8002AFFC,0x8002B04C,0x80015268,call
0x8002AFFC,0x8002B068,0x80017C18,call
0x8002AFFC,0x8002B074,0x80015288,call
0x8002AFFC,0x8002B090,0x80017C18,call
0x8002AFFC,0x8002B09C,0x80015288,call
0x8002AFFC,0x8002B0B8,0x80017C18,call
0x8002AFFC,0x8002B0C4,0x80015288,call
0x8002AFFC,0x8002B0E0,0x80017C18,call
0x8002AFFC,0x8002B0EC,0x80015288,call
0x8002AFFC,0x8002B108,0x80017C18,call
0x8002AFFC,0x8002B114,0x80015288,call
0x8002AFFC,0x8002B12C,0x80033590,call
0x8002AFFC,0x8002B194,0x80033590,call
0x8002AFFC,0x8002B200,0x8005058C,call
0x8002AFFC,0x8002B210,0x80082BE0,call
0x8002AFFC,0x8002B218,0x80082BE0,call
0x8002AFFC,0x8002B294,0x80015268,call
0x8002AFFC,0x8002B2B4,0x80051934,call
0x8002AFFC,0x8002B2BC,0x80082BE0,call
0x8002AFFC,0x8002B2C4,0x80051934,call
0x8002AFFC,0x8002B2CC,0x80082BE0,call
0x8002AFFC,0x8002B34C,0x80015268,call
0x8002AFFC,0x8002B3B0,0x8005058C,call
0x8002B3C8,0x8002B404,0x80033590,call
0x8002B3C8,0x8002B46C,0x80033590,call
0x8002B3C8,0x8002B4E4,0x8005058C,call
0x8002B3C8,0x8002B518,0x8005058C,call
0x8002B3C8,0x8002B534,0x8001535C,call
0x8002B3C8,0x8002B544,0x80015288,call
0x8002B3C8,0x8002B55C,0x80015328,call
0x8002B574,0x8002B618,0x8008A6B4,call
0x8002B574,0x8002B688,0x8008A6B4,call
0x8002B574,0x8002B6A8,0x8008A6B4,call
0x8002B574,0x8002B6C8,0x8008A6B4,call
0x8002B574,0x8002B710,0x8008A6B4,call
0x8002B574,0x8002B8A4,0x8000A920,call
0x8002B574,0x8002B8B4,0x8000AA04,call
0x8002B574,0x8002B950,0x8000AB24,call
0x8002B574,0x8002B990,0x8000A920,call
0x8002B574,0x8002B9A0,0x8000AA04,call
0x8002B574,0x8002B9BC,0x8000AA04,call
0x8002B574,0x8002B9EC,0x8000AA04,call
0x8002B574,0x8002BA88,0x8000AB24,call
0x8002B574,0x8002BAD8,0x8008A6B4,call
0x8002B574,0x8002BB88,0x8003EC40,call
0x8002BBA4,0x8002BC78,0x80014CC0,call
0x8002BBA4,0x8002BCDC,0x80015630,call
0x8002BBA4,0x8002BD08,0x80082BE0,call
0x8002BBA4,0x8002BD10,0x80082BE0,call
0x8002BBA4,0x8002BD18,0x80082BE0,call
0x8002BBA4,0x8002BDCC,0x80015268,call
0x8002BBA4,0x8002BDEC,0x80015268,call
0x8002BBA4,0x8002C004,0x8003EC40,call
0x8002BBA4,0x8002C210,0x8000AB24,call
0x8002BBA4,0x8002C3DC,0x8000AB24,call
0x8002BBA4,0x8002C5B0,0x8003EC40,call
0x8002BBA4,0x8002C768,0x8003EC40,call
0x8002C780,0x8002C874,0x8000A920,call
0x8002C780,0x8002C8A0,0x8000AA04,call
0x8002C780,0x8002C8BC,0x8000AB24,call
0x8002C780,0x8002C8C8,0x8000A920,call
0x8002C780,0x8002C8F4,0x8000AA04,call
0x8002C780,0x8002C990,0x8000AB24,call
0x8002C780,0x8002C99C,0x8000A920,call
0x8002C780,0x8002C9C4,0x8000AA04,call
0x8002C780,0x8002C9E0,0x8000AB24,call
0x8002C780,0x8002C9EC,0x8000A920,call
0x8002C780,0x8002CA08,0x8000AA04,call
0x8002C780,0x8002CAA8,0x8000AB24,call
0x8002C780,0x8002CAB4,0x8000A920,call
0x8002C780,0x8002CADC,0x8000AA04,call
0x8002C780,0x8002CAF8,0x8000AB24,call
0x8002C780,0x8002CB24,0x8000AAC0,call
0x8002C780,0x8002CB54,0x8000A920,call
0x8002C780,0x8002CB7C,0x8000AA04,call
0x8002C780,0x8002CB98,0x8000AB24,call
0x8002C780,0x8002CBD8,0x8000A920,call
0x8002C780,0x8002CBF4,0x8000AA04,call
0x8002C780,0x8002CC10,0x8000AB24,call
0x8002CC28,0x8002CD1C,0x8000A920,call
0x8002CC28,0x8002CD3C,0x8000AA04,call
0x8002CC28,0x8002CD58,0x8000AB24,call
0x8002CC28,0x8002CD64,0x8000A920,call
0x8002CC28,0x8002CD84,0x8000AA04,call
0x8002CC28,0x8002CE20,0x8000AB24,call
0x8002CC28,0x8002CE2C,0x8000A920,call
0x8002CC28,0x8002CE3C,0x8000AA04,call
0x8002CC28,0x8002CE58,0x8000AB24,call
0x8002CC28,0x8002CE64,0x8000A920,call
0x8002CC28,0x8002CE74,0x8000AA04,call
0x8002CC28,0x8002CF14,0x8000AB24,call
0x8002CC28,0x8002CF20,0x8000A920,call
0x8002CC28,0x8002CF3C,0x8000AA04,call
0x8002CC28,0x8002CF58,0x8000AB24,call
0x8002CC28,0x8002CF84,0x8000AAC0,call
0x8002CC28,0x8002CFA0,0x8000A920,call
0x8002CC28,0x8002CFBC,0x8000AA04,call
0x8002CC28,0x8002CFD8,0x8000AB24,call
0x8002CC28,0x8002D004,0x8000A920,call
0x8002CC28,0x8002D014,0x8000AA04,call
0x8002CC28,0x8002D030,0x8000AB24,call
0x8002D048,0x8002D1E0,0x8003EC40,call
0x8002D048,0x8002D2B0,0x8003EC40,call
0x8002D048,0x8002D344,0x8003EFDC,call
0x8002D048,0x8002D394,0x80022798,call
0x8002D048,0x8002D3B4,0x8003EC40,call
0x8002D048,0x8002D438,0x8003EFDC,call
0x8002D048,0x8002D488,0x80022798,call
0x8002D048,0x8002D4A8,0x8003EC40,call
0x8002D4C4,0x8002D580,0x80008B14,call
0x8002D6EC,0x8002D870,0x80015288,call
0x8002D6EC,0x8002D8A4,0x80015288,call
0x8002D6EC,0x8002D8B0,0x80015288,call
0x8002D6EC,0x8002D8EC,0x80051994,call
0x8002D6EC,0x8002D944,0x800519C0,call
0x8002D6EC,0x8002D94C,0x80029C24,call
0x8002DA0C,0x8002DA68,0x8002D9D0,call
0x8002DB20,0x8002DB74,0x8002DAD0,call
0x8002DBD8,0x8002DC00,0x800152CC,call
0x8002DBD8,0x8002DC30,0x800152CC,call
0x8002DBD8,0x8002DC5C,0x800152CC,call
0x8002DCF4,0x8002DD08,0x8002D968,call
0x8002DCF4,0x8002DD20,0x8002D968,call
0x8002DCF4,0x8002DD38,0x8002D968,call
0x8002DCF4,0x8002DD50,0x8002D968,call
0x8002DD7C,0x8002DDF8,0x8002D968,call
0x8002DD7C,0x8002DE60,0x80082BE0,call
0x8002DD7C,0x8002DE84,0x80082BE0,call
0x8002DFBC,0x8002DFCC,0x8002DFB0,call
0x8002DFBC,0x8002DFE8,0x8002E2FC,call
0x8002DFBC,0x8002DFF0,0x8002E124,call
0x8002DFBC,0x8002E008,0x8002DFB0,call
0x8002E034,0x8002E044,0x8002DFB0,call
0x8002E034,0x8002E060,0x8002E2FC,call
0x8002E034,0x8002E068,0x8002E124,call
0x8002E034,0x8002E088,0x8002DFB0,call
0x8002E0B4,0x8002E0E4,0x80087E80,call
0x8002E0B4,0x8002E0F0,0x80089C34,call
0x8002E0B4,0x8002E0F8,0x800316A8,call
0x8002E0B4,0x8002E104,0x80089BB0,call
0x8002E124,0x8002E144,0x800811DC,call
0x8002E124,0x8002E158,0x8008AC48,call
0x8002E124,0x8002E16C,0x8008AB48,call
0x8002E124,0x8002E278,0x8008ADA0,call
0x8002E124,0x8002E2B0,0x800073A4,call
0x8002E124,0x8002E2B8,0x8002E0B4,call
0x8002E2FC,0x8002E33C,0x80087E80,call
0x8002E2FC,0x8002E390,0x8002DFB0,call
0x8002E2FC,0x8002E3AC,0x8002DFB0,call
0x8002E2FC,0x8002E3D0,0x8008ADB0,call
0x8002E2FC,0x8002E3F0,0x8002DFB0,call
0x8002E2FC,0x8002E400,0x8002DFB0,call
0x8002E2FC,0x8002E42C,0x8002E028,call
0x8002E2FC,0x8002E438,0x8002DFB0,call
0x8002E2FC,0x8002E448,0x8002DFB0,call
0x8002E2FC,0x8002E458,0x8002E0A8,call
0x8002E2FC,0x8002E464,0x8002DFB0,call
0x8002E2FC,0x8002E474,0x80087E80,call
0x8002E4B4,0x8002E4BC,0x800811DC,call
0x8002E4B4,0x8002E4D0,0x8008AC48,call
0x8002E4B4,0x8002E4E4,0x8008AB48,call
0x8002E4B4,0x8002E508,0x800880E0,call
0x8002E4B4,0x8002E51C,0x8008AE30,call
0x8002E4B4,0x8002E530,0x8008AE30,call
0x8002E548,0x8002E568,0x8002E124,call
0x8002E548,0x8002E570,0x8002E2FC,call
0x8002E548,0x8002E594,0x80088AD0,call
0x8002E548,0x8002E5A4,0x8008AFBC,call
0x8002E548,0x8002E5AC,0x8008B14C,call
0x8002E548,0x8002E5B8,0x8002DFB0,call
0x8002E5D4,0x8002E5E8,0x8008AFBC,call
0x8002E5D4,0x8002E5F0,0x8008B14C,call
0x8002E5D4,0x8002E5FC,0x8002DFB0,call
0x8002E5D4,0x8002E618,0x8002E2FC,call
0x8002E644,0x8002E654,0x8002DFB0,call
0x8002E644,0x8002E674,0x8002DFB0,call
0x8002E644,0x8002E67C,0x8008B190,call
0x8002E644,0x8002E69C,0x8002E2FC,call
0x8002E644,0x8002E6BC,0x8002DFB0,call
0x8002E6E0,0x8002E70C,0x8002DFB0,call
0x8002E6E0,0x8002E714,0x8002E548,call
0x8002E6E0,0x8002E724,0x8002DFB0,call
0x8002E6E0,0x8002E740,0x8002DFB0,call
0x8002E6E0,0x8002E758,0x8002E028,call
0x8002E770,0x8002E790,0x80031944,call
0x8002E770,0x8002E7C8,0x8008B424,call
0x8002E770,0x8002E7D8,0x80031944,call
0x8002E770,0x8002E7E4,0x8008B1B0,call
0x8002E770,0x8002E7F0,0x8008B1B0,call
0x8002E770,0x8002E7FC,0x8008B1B0,call
0x8002E82C,0x8002E850,0x8002E82C,call
0x8002E82C,0x8002E894,0x8008B424,call
0x8002E82C,0x8002E8A0,0x8008B1B0,call
0x8002E82C,0x8002E8AC,0x8008B1B0,call
0x8002E82C,0x8002E8B8,0x8008B1B0,call
0x8002E8E8,0x8002E8F0,0x8002E770,call
0x8002ECA0,0x8002ECB0,0x8002EA28,call
0x8002F024,0x8002F03C,0x8002F1EC,call
0x8002F06C,0x8002F084,0x80007A80,call
0x8002F06C,0x8002F09C,0x80008B14,call
0x8002F06C,0x8002F0CC,0x8003FA24,call
0x8002F06C,0x8002F0D4,0x8000D9A8,call
0x8002F0EC,0x8002F118,0x8000DA6C,call
0x8002F0EC,0x8002F12C,0x8003FA24,call
0x8002F144,0x8002F168,0x80008B14,call
0x8002F18C,0x8002F1A4,0x8002F06C,call
0x8002F18C,0x8002F1B4,0x8002F144,call
0x8002F1EC,0x8002F208,0x8003F800,call
0x8002F1EC,0x8002F21C,0x8003F800,call
0x8002F1EC,0x8002F298,0x8002F06C,call
0x8002F1EC,0x8002F2A8,0x8005B764,call
0x8002F1EC,0x8002F2B8,0x8002F06C,call
0x8002F2D0,0x8002F2F8,0x8008A6B4,call
0x8002F2D0,0x8002F308,0x8003ECB0,call
0x8002F2D0,0x8002F34C,0x8002F0EC,call
0x8002F2D0,0x8002F408,0x8003F800,call
0x8002F2D0,0x8002F420,0x8005B708,call
0x8002F2D0,0x8002F428,0x8000DA78,call
0x8002F4D0,0x8002F4D8,0x8008B580,call
0x8002F4D0,0x8002F4E0,0x80088150,call
0x8002F4D0,0x8002F4E8,0x800183C0,call
0x8002F4D0,0x8002F52C,0x8008B810,call
0x8002F4D0,0x8002F538,0x8008B960,call
0x8002F550,0x8002F55C,0x8008BAB0,call
0x8002F550,0x8002F6B0,0x8008A2F0,call
0x8002F550,0x8002F6B8,0x8008A3B0,call
0x8002F550,0x8002F6D4,0x8008BDC0,call
0x8002F550,0x8002F704,0x8008B810,call
0x8002F550,0x8002F720,0x8008B960,call
0x8002F550,0x8002F72C,0x8008BFB0,call
0x8002F750,0x8002F770,0x8002FCD8,call
0x8002F750,0x8002F778,0x8002FDBC,call
0x8002F750,0x8002F78C,0x8002E8E8,call
0x8002F750,0x8002F794,0x80018448,call
0x8002F750,0x8002F79C,0x8002FDBC,call
0x8002F750,0x8002F7B0,0x800865E8,call
0x8002F750,0x8002F7B8,0x8002E4B4,call
0x8002F750,0x8002F7C0,0x80008610,call
0x8002F750,0x8002F7C8,0x8002FDBC,call
0x8002F750,0x8002F7E0,0x80031324,call
0x8002F750,0x8002F7E8,0x8002FDBC,call
0x8002F750,0x8002F808,0x80008548,call
0x8002F750,0x8002F810,0x80008F28,call
0x8002F750,0x8002F818,0x80018440,call
0x8002F750,0x8002F820,0x8002ECA0,call
0x8002F750,0x8002F828,0x8000C530,call
0x8002F750,0x8002F860,0x80081360,call
0x8002F750,0x8002F868,0x80008F28,call
0x8002F750,0x8002F870,0x80009580,call
0x8002F750,0x8002F878,0x80009820,call
0x8002F750,0x8002F880,0x8002F024,call
0x8002F750,0x8002F888,0x8002F054,call
0x8002F750,0x8002F898,0x80006C00,call
0x8002F750,0x8002F8A0,0x8003F388,call
0x8002F750,0x8002F8A8,0x80008F28,call
0x8002F750,0x8002F8B0,0x8003F474,call
0x8002F750,0x8002F8B8,0x8003F560,call
0x8002F750,0x8002F8C0,0x80008F28,call
0x8002F750,0x8002F8C8,0x8003F64C,call
0x8002F750,0x8002F8D8,0x8002F2D0,call
0x8002F750,0x8002F8E0,0x8000BC10,call
0x8002F750,0x8002F8E8,0x80008F28,call
0x8002F750,0x8002F8F0,0x80087198,call
0x8002F750,0x8002F900,0x80085E20,call
0x8002F750,0x8002F908,0x80084CC4,call
0x8002F750,0x8002F910,0x80085D44,call
0x8002F750,0x8002F918,0x80008F28,call
0x8002F750,0x8002F920,0x8002FDBC,call
0x8002F750,0x8002F93C,0x80039D34,call
0x8002F750,0x8002F948,0x800086F8,call
0x8002F750,0x8002F950,0x8002E82C,call
0x8002F750,0x8002F960,0x80031640,call
0x8002F750,0x8002F968,0x80081360,call
0x8002F750,0x8002F98C,0x80008F28,call
0x8002FA00,0x8002FA30,0x8002E034,call
0x8002FA00,0x8002FA68,0x80030574,call
0x8002FA00,0x8002FA70,0x80007E80,call
0x8002FAC4,0x8002FAE4,0x8002FC80,call
0x8002FB18,0x8002FB20,0x8002FAFC,call
0x8002FB90,0x8002FBE0,0x8008A6B4,call
0x8002FC58,0x8002FC60,0x8002FAFC,call
0x8002FCD8,0x8002FCF0,0x800880E0,call
0x8002FCD8,0x8002FD04,0x80087E80,call
0x8002FCD8,0x8002FD1C,0x800880E0,call
0x8002FCD8,0x8002FD30,0x8008C090,call
0x8002FCD8,0x8002FD48,0x800880E0,call
0x8002FCD8,0x8002FD5C,0x8008AE30,call
0x8002FCD8,0x8002FD74,0x800880E0,call
0x8002FCD8,0x8002FD88,0x8008AE30,call
0x8002FCD8,0x8002FD9C,0x8000C540,call
0x8002FCD8,0x8002FDA4,0x8003A440,call
0x8002FDBC,0x8002FDD0,0x80087E80,call
0x8002FDF8,0x8002FE44,0x8000AB24,call
0x8002FDF8,0x8002FE68,0x80038DF8,call
0x8002FEE4,0x8002FEEC,0x8002FC58,call
0x8002FEE4,0x8002FF0C,0x8002FAFC,call
0x8002FEE4,0x8002FF1C,0x8002FAC4,call
0x8002FF38,0x8002FF5C,0x8002FAFC,call
0x8002FF38,0x8002FF78,0x80011D60,call
0x8002FF38,0x8002FFA8,0x80011D60,call
0x8002FF38,0x8002FFBC,0x80011D60,call
0x8002FF38,0x8002FFFC,0x80011D60,call
0x8002FF38,0x8003005C,0x80011D60,call
0x8002FF38,0x800300C8,0x80011D60,call
0x8002FF38,0x800300FC,0x8002FAC4,call
0x80030130,0x8003013C,0x8002FF38,call
0x80030154,0x8003015C,0x8002FF38,call
0x80030174,0x80030198,0x80011D60,call
0x80030174,0x800301D4,0x80011D60,call
0x80030174,0x800301E0,0x8002FAFC,call
0x80030174,0x80030208,0x80011D60,call
0x80030174,0x80030210,0x8002FAFC,call
0x80030174,0x8003021C,0x8002FAFC,call
0x80030174,0x8003025C,0x8002FAC4,call
0x80030274,0x8003027C,0x80030174,call
0x80030298,0x800302A4,0x8002FAFC,call
0x80030298,0x800302B8,0x8003FB78,call
0x80030298,0x800302C4,0x8003F300,call
0x80030298,0x800302D4,0x8002FAC4,call
0x80030298,0x800302EC,0x8003FA24,call
0x80030304,0x80030310,0x8003FB78,call
0x80030328,0x80030344,0x8002FC58,call
0x80030328,0x8003039C,0x8002FAFC,call
0x80030328,0x800303CC,0x80011CDC,call
0x80030328,0x8003040C,0x80011CDC,call
0x80030328,0x80030420,0x8002FAC4,call
0x8003043C,0x80030454,0x80011D60,call
0x800304AC,0x8003053C,0x80011D60,call
0x800304AC,0x80030550,0x80030328,call
0x800305E8,0x8003063C,0x80011D60,call
0x800305E8,0x80030670,0x80011D60,call
0x800305E8,0x80030698,0x80011CDC,call
0x800305E8,0x800306A0,0x8002FAFC,call
0x800305E8,0x800306C8,0x80011CDC,call
0x800305E8,0x800306F0,0x8002FC58,call
0x800305E8,0x80030768,0x80011CDC,call
0x800305E8,0x80030774,0x80011940,call
0x800305E8,0x80030780,0x8002FAC4,call
0x800305E8,0x80030790,0x8002FC58,call
0x800305E8,0x800307CC,0x80011CDC,call
0x800305E8,0x800307D8,0x8002FAC4,call
0x800305E8,0x800307E8,0x8002FAFC,call
0x800305E8,0x800307F4,0x8002FAFC,call
0x800305E8,0x8003087C,0x800304AC,call
0x800305E8,0x80030910,0x800827C0,call
0x800305E8,0x80030918,0x8002FAFC,call
0x80030964,0x800309E8,0x80005BB8,call
0x80030B90,0x80030B98,0x8002FAFC,call
0x80030B90,0x80030BF0,0x8002FAC4,call
0x80030C08,0x80030C10,0x8002FAFC,call
0x80030C08,0x80030C80,0x8002FAC4,call
0x80030C98,0x80030CB4,0x800305E8,call
0x80030C98,0x80030CD0,0x800305E8,call
0x80030C98,0x80030CDC,0x80030A7C,call
0x80030C98,0x80030CFC,0x800181BC,call
0x80030C98,0x80030D18,0x800862D8,call
0x80030C98,0x80030D34,0x800862D8,call
0x80030C98,0x80030D40,0x8008635C,call
0x80030C98,0x80030D48,0x80087754,call
0x80030C98,0x80030D50,0x80030964,call
0x80030C98,0x80030D68,0x80018324,call
0x80030C98,0x80030D90,0x800305E8,call
0x80030C98,0x80030DAC,0x800305E8,call
0x80030C98,0x80030DB8,0x80030A7C,call
0x80030C98,0x80030DD8,0x800181BC,call
0x80030C98,0x80030DE0,0x80030964,call
0x80030C98,0x80030DF8,0x800305E8,call
0x80030C98,0x80030E20,0x800181BC,call
0x80030C98,0x80030E28,0x80030964,call
0x80030C98,0x80030E50,0x800862D8,call
0x80030C98,0x80030E6C,0x800862D8,call
0x80030C98,0x80030E78,0x8008635C,call
0x80030C98,0x80030E84,0x80087754,call
0x80030EA0,0x80030EB8,0x80008F58,call
0x80030EA0,0x80030EC0,0x80030B90,call
0x80030EA0,0x80030EC8,0x80030C08,call
0x80030EA0,0x80030ED0,0x8002FDF8,call
0x80030EA0,0x80030EF0,0x80030298,call
0x80030EA0,0x80030F00,0x80030298,call
0x80030EA0,0x80030F10,0x80030298,call
0x80030EA0,0x80030F20,0x80030C98,call
0x80030EA0,0x80030F48,0x80086CC8,call
0x80030EA0,0x80030F6C,0x80038DF8,call
0x80030FA0,0x80030FBC,0x8000AB24,call
0x80030FA0,0x80030FE0,0x80038DF8,call
0x80030FF8,0x800310B0,0x8008A360,call
0x80030FF8,0x800310C0,0x80088AD0,call
0x80030FF8,0x8003110C,0x80030EA0,call
0x80030FF8,0x80031114,0x80030FA0,call
0x80030FF8,0x8003111C,0x8002FB90,call
0x80031134,0x8003114C,0x8000ACC0,call
0x80031134,0x80031164,0x8000AEFC,call
0x80031134,0x8003117C,0x8000AEFC,call
0x80031134,0x80031194,0x8000AEFC,call
0x80031134,0x800311AC,0x8000AEFC,call
0x80031134,0x800311C4,0x8000AEFC,call
0x80031134,0x800311DC,0x8000AEFC,call
0x80031134,0x800311F4,0x8000AEFC,call
0x80031134,0x8003120C,0x8000AEFC,call
0x80031134,0x80031224,0x8000AEFC,call
0x80031134,0x8003123C,0x8000AEFC,call
0x80031134,0x8003124C,0x8003F7B8,call
0x80031134,0x80031264,0x8003F714,call
0x80031134,0x80031284,0x8000AEFC,call
0x80031134,0x8003129C,0x8000B02C,call
0x80031134,0x800312C4,0x8000AF4C,call
0x80031134,0x800312E8,0x8003F7B8,call
0x80031134,0x80031300,0x8000B1B0,call
0x80031324,0x80031340,0x80011DF0,call
0x80031324,0x80031348,0x8003043C,call
0x80031324,0x80031350,0x800086F8,call
0x80031324,0x80031380,0x80030FF8,call
0x80031324,0x80031388,0x80031134,call
0x80031324,0x80031394,0x8000A920,call
0x80031324,0x800313A0,0x80008540,call
0x80031324,0x800313B4,0x800811C0,call
0x80031324,0x800313BC,0x800812E8,call
0x8003140C,0x80031454,0x800313D8,call
0x8003140C,0x80031460,0x80008F28,call
0x8003140C,0x80031480,0x800313D8,call
0x8003140C,0x80031488,0x80008F28,call
0x80031560,0x80031580,0x80031560,call
0x800315D8,0x800315F8,0x800315D8,call
0x80031640,0x80031660,0x80031640,call
0x800316A8,0x800316F8,0x8002E82C,call
0x800316A8,0x80031710,0x8002F054,call
0x800316A8,0x80031738,0x8002E82C,call
0x800316A8,0x8003174C,0x8002F054,call
0x800316A8,0x80031784,0x8008B1B0,call
0x800316A8,0x80031790,0x8008B1B0,call
0x800316A8,0x8003179C,0x8008B1B0,call
0x800316A8,0x80031894,0x8008B1B0,call
0x800316A8,0x800318A0,0x8008B1B0,call
0x800316A8,0x800318AC,0x8008B1B0,call
0x800316A8,0x800318D8,0x8008B1B0,call
0x80031924,0x8003192C,0x80031BBC,call
0x80031944,0x800319A0,0x80031924,call
0x800319CC,0x800319D4,0x80031BBC,call
0x800319CC,0x800319DC,0x80031924,call
0x800319F4,0x80031A94,0x800314DC,call
0x80031AB0,0x80031B54,0x800314DC,call
0x80031B70,0x80031B90,0x80031BBC,call
0x80031B70,0x80031BA4,0x800319F4,call
0x80031BBC,0x80031BD4,0x80031640,call
0x80031C04,0x80031C34,0x80031BBC,call
0x80031C04,0x80031C68,0x800319F4,call
0x80031C04,0x80031CE0,0x80031AB0,call
0x80031C04,0x80031CEC,0x80009524,call
0x80031C04,0x80031D50,0x800093B0,call
0x80031C04,0x80031D5C,0x8000953C,call
0x80031C04,0x80031D70,0x8000955C,call
0x80031C04,0x80031D88,0x80082BE0,call
0x80031C04,0x80031D90,0x80031BBC,call
0x80031C04,0x80031DA8,0x800319F4,call
0x80031C04,0x80031DB4,0x80009524,call
0x80031C04,0x80031E18,0x800093B0,call
0x80031C04,0x80031E24,0x8000953C,call
0x80031C04,0x80031EA8,0x80031AB0,call
0x80031C04,0x80031EE0,0x800183A8,call
0x80031C04,0x80031F00,0x80031BBC,call
0x80031C04,0x80031F18,0x800319F4,call
0x80031C04,0x80031F34,0x800319F4,call
0x80031C04,0x80031F4C,0x800319F4,call
0x80031C04,0x80031F64,0x800319F4,call
0x80032F2C,0x80032FCC,0x800321F0,call
0x80033010,0x80033064,0x800153C0,call
0x80033010,0x800330E8,0x80004FB0,call
0x80033140,0x80033194,0x800153C0,call
0x80033140,0x80033218,0x80004FB0,call
0x80033590,0x800335B8,0x80015268,call
0x80033590,0x800335F0,0x80015268,call
0x80033590,0x80033600,0x80017C18,call
0x80033590,0x8003362C,0x80017C18,call
0x80033590,0x80033640,0x800155EC,call
0x8003365C,0x800336A8,0x80017C18,call
0x8003365C,0x800336B4,0x80017C18,call
0x8003365C,0x800336DC,0x8001535C,call
0x8003365C,0x8003375C,0x800155EC,call
0x8003365C,0x80033768,0x80017BA8,call
0x80033780,0x800337BC,0x8001745C,call
0x80033780,0x800337DC,0x80017918,call
0x80033780,0x800337E8,0x80017C18,call
0x80033780,0x800337F4,0x80015288,call
0x80033780,0x8003380C,0x80017BA8,call
0x80033780,0x8003381C,0x80017C18,call
0x80033780,0x80033830,0x800155EC,call
0x80033780,0x80033850,0x800155EC,call
0x80033780,0x8003385C,0x80017BA8,call
0x80033878,0x800338A0,0x80017C18,call
0x80033878,0x800338AC,0x800156DC,call
0x80033878,0x800338B8,0x80015288,call
0x80033878,0x800338D0,0x80017BA8,call
0x80033878,0x800338E0,0x80017C18,call
0x80033878,0x80033900,0x800155EC,call
0x80033878,0x8003390C,0x80017BA8,call
0x80033928,0x8003395C,0x80006EB4,call
0x8003398C,0x80033A0C,0x80006DE8,call
0x8003398C,0x80033A20,0x80006E50,call
0x8003398C,0x80033A2C,0x80006E60,call
0x8003398C,0x80033A48,0x80006E50,call
0x8003398C,0x80033A54,0x80006F28,call
0x8003398C,0x80033A64,0x80006E60,call
0x8003398C,0x80033A74,0x80006E50,call
0x8003398C,0x80033A80,0x80006E60,call
0x8003398C,0x80033AB0,0x80006EC0,call
0x8003398C,0x80033AC4,0x80006E74,call
0x80033BCC,0x80033C40,0x80017C18,call
0x80033BCC,0x80033C50,0x80014F54,call
0x8003483C,0x80034890,0x80015268,call
0x8003483C,0x800348C4,0x80015268,call
0x8003483C,0x800348F8,0x80015268,call
0x8003483C,0x8003492C,0x80015268,call
0x80034948,0x80034970,0x80033E08,call
0x80034948,0x80034988,0x80034650,call
0x80034948,0x80034990,0x80033E08,call
0x80034948,0x800349AC,0x800344F4,call
0x800349C4,0x80034D7C,0x80034948,call
0x80034E20,0x800351C0,0x80033E08,call
0x80034E20,0x800351D0,0x80034650,call
0x80034E20,0x800351FC,0x80033E08,call
0x80034E20,0x8003520C,0x800344F4,call
0x80035354,0x800353DC,0x80038C3C,call
0x80035598,0x800355E0,0x80038C3C,call
0x80035BF0,0x80035C94,0x80081530,call
0x80035BF0,0x80035CB4,0x80081530,call
0x80035BF0,0x80035E88,0x80081530,call
0x80035BF0,0x80035F14,0x80081530,call
0x80035BF0,0x80035FB4,0x80081530,call
0x80035BF0,0x8003602C,0x80081530,call
0x80036314,0x80036354,0x8003609C,call
0x800366DC,0x800366F8,0x80034374,call
0x800366DC,0x80036738,0x800154D0,call
0x800366DC,0x80036824,0x800154D0,call
0x800366DC,0x80036834,0x80015538,call
0x80036F98,0x80037170,0x800358A0,call
0x80036F98,0x80037240,0x800366DC,call
0x80036F98,0x800372F4,0x8003594C,call
0x80036F98,0x80037304,0x80035BF0,call
0x80036F98,0x800373D8,0x80036314,call
0x800374C4,0x80037514,0x800349C4,call
0x800374C4,0x80037568,0x80036A1C,call
0x800374C4,0x800375A4,0x80034DA8,call
0x800374C4,0x800375E4,0x80036F98,call
0x800374C4,0x80037618,0x80036F98,call
0x800374C4,0x80037660,0x800366DC,call
0x800374C4,0x80037684,0x800366DC,call
0x800374C4,0x8003773C,0x80036A1C,call
0x800374C4,0x80037888,0x800358A0,call
0x800374C4,0x8003790C,0x80034DA8,call
0x800374C4,0x80037914,0x80033DD0,call
0x800374C4,0x8003791C,0x800366DC,call
0x800374C4,0x800379B8,0x8003594C,call
0x800374C4,0x800379C4,0x80035BF0,call
0x800374C4,0x80037AC8,0x80036314,call
0x800374C4,0x80037B38,0x8003527C,call
0x800374C4,0x80037B48,0x80034E20,call
0x800374C4,0x80037B84,0x800352E4,call
0x80037C8C,0x80037CC4,0x80033E08,call
0x80037C8C,0x80037CE4,0x80034650,call
0x80037C8C,0x80037D60,0x80033F94,call
0x80037C8C,0x80037D90,0x80017DAC,call
0x80037C8C,0x80037DC0,0x800182FC,call
0x80037C8C,0x80037DE0,0x800182FC,call
0x80037C8C,0x80037DFC,0x80038388,call
0x80037C8C,0x80037E38,0x800344C8,call
0x80037E9C,0x80037ED4,0x8003423C,call
0x80037E9C,0x80037EE8,0x8003423C,call
0x80037E9C,0x80037F38,0x800154D0,call
0x80037E9C,0x80037F5C,0x800155C0,call
0x80037E9C,0x80037F70,0x800155EC,call
0x80037E9C,0x80037F88,0x800155EC,call
0x80037E9C,0x80037F90,0x800154D0,call
0x80037E9C,0x80037FA4,0x80015538,call
0x80037E9C,0x80037FAC,0x800154D0,call
0x80037E9C,0x80037FBC,0x80015538,call
0x80037E9C,0x80037FF0,0x800153C0,call
0x80037E9C,0x80038008,0x80015538,call
0x80037E9C,0x80038010,0x800154D0,call
0x80037E9C,0x80038020,0x80015538,call
0x80037E9C,0x80038044,0x800155C0,call
0x80037E9C,0x80038058,0x800155EC,call
0x80037E9C,0x8003806C,0x800155EC,call
0x80037E9C,0x80038074,0x800154D0,call
0x80037E9C,0x80038088,0x80015538,call
0x80037E9C,0x80038090,0x800154D0,call
0x80037E9C,0x800380A0,0x80015538,call
0x80037E9C,0x800381C0,0x80033EEC,call
0x80037E9C,0x800381C8,0x80017DAC,call
0x80037E9C,0x800381F8,0x800182FC,call
0x80037E9C,0x80038218,0x800182FC,call
0x80037E9C,0x80038234,0x80038388,call
0x80037E9C,0x8003825C,0x800344C8,call
0x80038294,0x8003829C,0x80017DAC,call
0x80038388,0x800383AC,0x800182FC,call
0x80038388,0x800383D4,0x800182FC,call
0x80038388,0x80038410,0x8002E2FC,call
0x80038388,0x80038418,0x80017DA4,call
0x80038388,0x8003846C,0x800349C4,call
0x80038388,0x80038474,0x80034DA8,call
0x80038388,0x80038484,0x80035354,call
0x80038388,0x800384CC,0x80037E9C,call
0x80038388,0x800384DC,0x80017DAC,call
0x80038388,0x80038570,0x80037BF8,call
0x80038388,0x80038580,0x80037C8C,call
0x80038388,0x80038590,0x80037C8C,call
0x80038388,0x800385A4,0x80037C8C,call
0x80038388,0x800385B4,0x80038294,call
0x80038388,0x800385DC,0x800182FC,call
0x80038388,0x800385FC,0x800182FC,call
0x80038388,0x80038618,0x80038388,call
0x80038388,0x80038628,0x80017DAC,call
0x80038388,0x8003866C,0x800182FC,call
0x80038388,0x8003868C,0x800182FC,call
0x80038388,0x800386A8,0x80038388,call
0x80038388,0x800386F4,0x800182FC,call
0x80038388,0x80038714,0x800182FC,call
0x80038388,0x80038730,0x80038388,call
0x80038388,0x80038740,0x80017DAC,call
0x80038388,0x8003876C,0x800182FC,call
0x80038388,0x8003878C,0x800182FC,call
0x80038388,0x800387A8,0x80038388,call
0x80038388,0x800387C8,0x800374C4,call
0x80038388,0x800387D0,0x80035598,call
0x800387F8,0x80038820,0x8003483C,call
0x800387F8,0x80038894,0x80038388,call
0x80038950,0x80038C14,0x80035BF0,call
0x80038C3C,0x80038D44,0x80035BF0,call
0x80038D5C,0x80038D6C,0x80033E08,call
0x80038D5C,0x80038D80,0x800344F4,call
0x80039178,0x80039194,0x800390C0,call
0x800391F4,0x80039228,0x8008126C,call
0x800391F4,0x80039238,0x8008126C,call
0x800391F4,0x8003925C,0x80008F28,call
0x800391F4,0x80039264,0x8008126C,call
0x800391F4,0x80039284,0x8008126C,call
0x800392A4,0x800392C4,0x80087E80,call
0x800392A4,0x800392D0,0x80089C34,call
0x800392E8,0x800392F4,0x80089BB0,call
0x800392E8,0x80039304,0x800391F4,call
0x8003931C,0x80039328,0x80039178,call
0x80039340,0x80039350,0x800392A4,call
0x80039340,0x800393B8,0x8008C100,call
0x80039340,0x800393C0,0x800392E8,call
0x800393DC,0x800393EC,0x800392A4,call
0x800393DC,0x80039454,0x8008C190,call
0x800393DC,0x8003945C,0x800392E8,call
0x80039478,0x80039490,0x8003140C,call
0x80039478,0x800394C0,0x80033DC4,call
0x80039478,0x800395C4,0x80029A3C,call
0x80039478,0x800395EC,0x8003931C,call
0x8003964C,0x80039654,0x800392A4,call
0x8003964C,0x80039660,0x8008C280,call
0x8003964C,0x8003967C,0x800392E8,call
0x8003964C,0x8003968C,0x800392E8,call
0x8003964C,0x80039698,0x80039478,call
0x8003964C,0x800396AC,0x800393DC,call
0x8003964C,0x800396C0,0x800393DC,call
0x8003964C,0x800396C8,0x8003960C,call
0x800396E0,0x800396FC,0x80039340,call
0x800396E0,0x80039734,0x8003931C,call
0x80039768,0x800397E8,0x800393DC,call
0x80039828,0x80039830,0x800396E0,call
0x80039828,0x80039840,0x800396E0,call
0x80039828,0x80039854,0x80039768,call
0x80039828,0x80039868,0x8003960C,call
0x80039828,0x80039878,0x8003964C,call
0x80039890,0x80039898,0x80039768,call
0x80039890,0x800398A0,0x80039768,call
0x800398B8,0x800398D0,0x8003931C,call
0x800398B8,0x800398F4,0x80039890,call
0x800398B8,0x800398FC,0x8003960C,call
0x800399F0,0x80039A10,0x80039984,call
0x800399F0,0x80039A18,0x800398B8,call
0x80039B70,0x80039B88,0x80039A30,call
0x80039B70,0x80039B90,0x80007A44,call
0x80039B70,0x80039CA4,0x8003140C,call
0x80039D34,0x80039D3C,0x80039CD8,call
0x80039D34,0x80039D44,0x80039B70,call
0x80039D34,0x80039EA0,0x8008A2F0,call
0x80039D34,0x80039EA8,0x8008A3B0,call
0x80039EC0,0x80039FE8,0x8008C2F0,call
0x80039EC0,0x8003A008,0x8003F800,call
0x80039EC0,0x8003A204,0x8008C090,call
0x80039EC0,0x8003A228,0x80087E80,call
0x80039EC0,0x8003A23C,0x80087E80,call
0x80039EC0,0x8003A294,0x8008A2F0,call
0x80039EC0,0x8003A29C,0x80039CD8,call
0x80039EC0,0x8003A2F8,0x8008C390,call
0x80039EC0,0x8003A314,0x8008C390,call
0x80039EC0,0x8003A330,0x8008C390,call
0x80039EC0,0x8003A34C,0x8008C390,call
0x80039EC0,0x8003A368,0x8008C390,call
0x80039EC0,0x8003A384,0x8008C390,call
0x80039EC0,0x8003A3A0,0x8008C390,call
0x80039EC0,0x8003A3BC,0x8008C390,call
0x80039EC0,0x8003A3E4,0x80087E80,call
0x80039EC0,0x8003A3F8,0x80087E80,call
0x80039EC0,0x8003A40C,0x8008C090,call
0x80039EC0,0x8003A414,0x80039B70,call
0x80039EC0,0x8003A41C,0x80007A44,call
0x8003A440,0x8003A448,0x80039B70,call
0x8003A440,0x8003A450,0x80039EC0,call
0x8003A440,0x8003A460,0x80039CD8,call
0x8003A478,0x8003A480,0x80039EC0,call
0x8003A5D0,0x8003A638,0x80016DD8,call
0x8003A5D0,0x8003A69C,0x80016DD8,call
0x8003A5D0,0x8003A934,0x80016DD8,call
0x8003A5D0,0x8003A964,0x80016DD8,call
0x8003A5D0,0x8003AA80,0x80016DD8,call
0x8003A5D0,0x8003AAB0,0x80016DD8,call
0x8003AE64,0x8003AF3C,0x8003ABA0,call
0x8003AE64,0x8003AF90,0x8003ABA0,call
0x8003AE64,0x8003AFF8,0x8003A5D0,call
0x8003AE64,0x8003B004,0x800153C0,call
0x8003B02C,0x8003B044,0x8003AE64,call
0x8003B02C,0x8003B04C,0x800153C0,call
0x8003B02C,0x8003B0AC,0x8003A5D0,call
0x8003B02C,0x8003B0C0,0x8003A5D0,call
0x8003B02C,0x8003B0D4,0x80015538,call
0x8003B02C,0x8003B0E4,0x80015538,call
0x8003B02C,0x8003B0EC,0x800154D0,call
0x8003B02C,0x8003B0F4,0x800154D0,call
0x8003B02C,0x8003B0FC,0x800154D0,call
0x8003B02C,0x8003B128,0x80015694,call
0x8003B02C,0x8003B138,0x80015694,call
0x8003B02C,0x8003B148,0x80015694,call
0x8003B02C,0x8003B158,0x800156B8,call
0x8003B02C,0x8003B168,0x80015694,call
0x8003B184,0x8003B1D8,0x8003B02C,call
0x8003B1F0,0x8003B238,0x8003B02C,call
0x8003BAB0,0x8003CFDC,0x8003B860,call
0x8003BAB0,0x8003D01C,0x8003B324,call
0x8003D444,0x8003D44C,0x8003D110,call
0x8003D444,0x8003D470,0x8003B300,call
0x8003D4F4,0x8003D5C8,0x80014CC0,call
0x8003D4F4,0x8003DFD8,0x8003BAB0,call
0x8003E18C,0x8003E1AC,0x8003E0A0,call
0x8003E1EC,0x8003E25C,0x8008A6B4,call
0x8003E1EC,0x8003E27C,0x8008A6B4,call
0x8003E2B0,0x8003E37C,0x80011F04,call
0x8003E2B0,0x8003E38C,0x80082BE0,call
0x8003E2B0,0x8003E3DC,0x80011F04,call
0x8003E2B0,0x8003E414,0x80011ECC,call
0x8003E2B0,0x8003E420,0x80013DC0,call
0x8003E2B0,0x8003E46C,0x80011F04,call
0x8003E2B0,0x8003E478,0x80011EE8,call
0x8003E2B0,0x8003E490,0x80011ECC,call
0x8003E2B0,0x8003E49C,0x80013DC0,call
0x8003E59C,0x8003E5CC,0x8002F054,call
0x8003E59C,0x8003E5DC,0x80082BE0,call
0x8003E59C,0x8003E60C,0x80082BE0,call
0x8003E59C,0x8003E658,0x80011EA4,call
0x8003E59C,0x8003E660,0x800141EC,call
0x8003E59C,0x8003E6A8,0x80011F04,call
0x8003E59C,0x8003E71C,0x80011F04,call
0x8003E59C,0x8003E75C,0x80011F04,call
0x8003E59C,0x8003E784,0x800141EC,call
0x8003E59C,0x8003E7BC,0x80011F04,call
0x8003E59C,0x8003E7F4,0x80011F04,call
0x8003E59C,0x8003E804,0x80014568,call
0x8003E59C,0x8003E828,0x80014C98,call
0x8003E870,0x8003E8C4,0x80011F04,call
0x8003E870,0x8003E8D0,0x80011ECC,call
0x8003E870,0x8003E8D8,0x80013DC0,call
0x8003E920,0x8003E974,0x80011F04,call
0x8003E920,0x8003E980,0x80011ECC,call
0x8003E920,0x8003E988,0x80013DC0,call
0x8003E9D0,0x8003E9F4,0x8003D110,call
0x8003E9D0,0x8003E9FC,0x8003E870,call
0x8003E9D0,0x8003EA04,0x8003E59C,call
0x8003E9D0,0x8003EA0C,0x8003D370,call
0x8003EA24,0x8003EA54,0x8003D110,call
0x8003EA24,0x8003EA5C,0x8003E2B0,call
0x8003EA24,0x8003EA64,0x8003E920,call
0x8003EA24,0x8003EA6C,0x8003D370,call
0x8003EA84,0x8003EADC,0x8008A6B4,call
0x8003EA84,0x8003EB00,0x8008A6B4,call
0x8003EA84,0x8003EBA4,0x8008A6B4,call
0x8003EA84,0x8003EBC8,0x8008A6B4,call
0x8003EC40,0x8003EC98,0x8003EA84,call
0x8003ECB0,0x8003ECFC,0x8003EA84,call
0x8003ED14,0x8003ED5C,0x8003EA84,call
0x8003ED74,0x8003EDBC,0x8003EA84,call
0x8003EDD4,0x8003EE30,0x8003EA84,call
0x8003EE48,0x8003EE98,0x8003EA84,call
0x8003EEB0,0x8003EEFC,0x8003EA84,call
0x8003EF14,0x8003EF60,0x8003EA84,call
0x8003EF78,0x8003EFC4,0x8003EFDC,call
0x8003EFDC,0x8003F038,0x8003F1C0,call
0x8003EFDC,0x8003F06C,0x8003F1C0,call
0x8003F084,0x8003F168,0x8008A6B4,call
0x8003F084,0x8003F178,0x8008A6B4,call
0x8003F084,0x8003F1A4,0x8003EC40,call
0x8003F1C0,0x8003F2A4,0x8008A6B4,call
0x8003F1C0,0x8003F2B4,0x8008A6B4,call
0x8003F1C0,0x8003F2E0,0x8003EC40,call
0x8003F388,0x8003F410,,jalr
0x8003F388,0x8003F41C,0x80008F28,call
0x8003F474,0x8003F4FC,,jalr
0x8003F474,0x8003F508,0x80008F28,call
0x8003F560,0x8003F5E8,,jalr
0x8003F560,0x8003F5F4,0x80008F28,call
0x8003F64C,0x8003F6B4,,jalr
0x8003F64C,0x8003F6DC,0x80008F28,call
0x8003F8FC,0x8003F95C,0x80018450,call
0x8003F974,0x8003F984,0x8003F8FC,call
0x8003F99C,0x8003F9F4,,jalr
0x8003FA24,0x8003FAC4,,jalr
0x8003FB34,0x8003FB5C,0x8003F99C,call
0x8003FBD4,0x8003FC48,0x8003F99C,call
0x8003FC94,0x8003FD14,0x8003F99C,call
0x8003FD7C,0x8003FDA4,0x8003F99C,call
0x80040050,0x80040174,0x80008B14,call
0x800401FC,0x800402EC,0x800154D0,call
0x800401FC,0x800403E8,0x800154D0,call
0x800401FC,0x8004073C,0x80082BE0,call
0x800401FC,0x800407C4,0x800154D0,call
0x800401FC,0x800407E4,0x80086B8C,call
0x800401FC,0x80040810,0x80086B8C,call
0x800401FC,0x80040840,0x80086A20,call
0x800401FC,0x800408B4,0x80086A20,call
0x800408D0,0x80040A44,0x800154D0,call
0x800408D0,0x80040A84,0x800154D0,call
0x800408D0,0x80040C04,0x800154D0,call
0x800408D0,0x80040C44,0x800154D0,call
0x80040CE8,0x80040D4C,0x800183A8,call
0x80040CE8,0x80040DB4,0x800408D0,call
0x80040CE8,0x80040DBC,0x80051FF4,call
0x80040CE8,0x80040DFC,0x80008750,call
0x80040CE8,0x80040E1C,0x80008750,call
0x80040CE8,0x80040EAC,0x80051FF4,call
0x80040CE8,0x80041028,0x800401FC,call
0x80041058,0x8004107C,0x80040050,call
0x800410D4,0x800410F4,0x80040CE8,call
0x80041214,0x80041234,0x8004110C,call
0x80041258,0x80041288,0x800156DC,call
0x80041258,0x800412F4,0x80015288,call
0x80041258,0x80041304,0x80015328,call
0x80041258,0x80041310,0x80015288,call
0x80041258,0x80041320,0x80015328,call
0x80041258,0x8004134C,0x80015288,call
0x80041258,0x800413A4,0x800155C0,call
0x80041258,0x800413B0,0x80015288,call
0x80041258,0x8004145C,0x80016CAC,call
0x80041258,0x80041468,0x80015288,call
0x80041258,0x8004148C,0x80016CAC,call
0x80041258,0x800414B8,0x80015288,call
0x80041258,0x8004158C,0x80016CAC,call
0x80041258,0x800415A4,0x80015288,call
0x80041258,0x800415C8,0x80016CAC,call
0x80041258,0x800415E0,0x80015288,call
0x80041258,0x80041618,0x80016CAC,call
0x80041258,0x80041624,0x80015288,call
0x80041258,0x80041634,0x80016CAC,call
0x80041258,0x8004164C,0x80015288,call
0x80041258,0x8004165C,0x80016CAC,call
0x80041258,0x80041678,0x80015268,call
0x80041258,0x80041688,0x80016CAC,call
0x80041258,0x800417AC,0x80014CC0,call
0x80041258,0x800417DC,0x80015268,call
0x80041258,0x80041828,0x800155EC,call
0x80041258,0x8004183C,0x800155EC,call
0x80041258,0x80041860,0x8001535C,call
0x80041258,0x80041874,0x8001535C,call
0x80041258,0x8004187C,0x800154D0,call
0x80041258,0x80041888,0x800154D0,call
0x80041258,0x8004189C,0x80014F54,call
0x80041258,0x800418B0,0x80014F54,call
0x80041258,0x800418BC,0x80014D4C,call
0x80041258,0x800418C8,0x80014D4C,call
0x80041258,0x80041924,0x8001745C,call
0x80041258,0x80041938,0x800155EC,call
0x80041258,0x80041940,0x80017874,call
0x80041258,0x8004194C,0x80015288,call
0x80041258,0x8004195C,0x800156DC,call
0x80041258,0x80041964,0x80017874,call
0x80041258,0x80041970,0x80015288,call
0x80041258,0x80041980,0x800156DC,call
0x80041258,0x80041998,0x8004110C,call
0x800419B4,0x800419C8,0x80041258,call
0x800419B4,0x800419D4,0x80040050,call
0x800419EC,0x80041A08,0x80041214,call
0x800419EC,0x80041AC0,0x8003B02C,call
0x800419EC,0x80041B14,0x8001535C,call
0x800419EC,0x80041B1C,0x800154D0,call
0x800419EC,0x80041B44,0x800155EC,call
0x800419EC,0x80041B68,0x80015288,call
0x800419EC,0x80041BA8,0x8003B02C,call
0x800419EC,0x80041BB8,0x80015288,call
0x800419EC,0x80041C0C,0x80041214,call
0x80041D14,0x80041D7C,0x800156DC,call
0x80041D14,0x80041E18,0x800155EC,call
0x80041D14,0x80041E6C,0x800155EC,call
0x80041D14,0x80041E8C,0x80016F0C,call
0x80041D14,0x80041EAC,0x80017824,call
0x80041D14,0x80041EBC,0x800156DC,call
0x80041D14,0x80041EC8,0x800156DC,call
0x80041D14,0x80041EF4,0x800155EC,call
0x80041D14,0x80041F04,0x800155C0,call
0x80041D14,0x80041F14,0x800155C0,call
0x80041D14,0x80041F24,0x800155EC,call
0x80041F40,0x80041FDC,0x800155EC,call
0x80041F40,0x80042218,0x80051FF4,call
0x80041F40,0x80042280,0x800154D0,call
0x80041F40,0x80042328,0x800156DC,call
0x80041F40,0x80042348,0x800156DC,call
0x80041F40,0x80042358,0x8001535C,call
0x80041F40,0x80042384,0x800153C0,call
0x80041F40,0x8004238C,0x800154D0,call
0x80041F40,0x80042488,0x800155EC,call
0x80041F40,0x800424A4,0x80015288,call
0x80041F40,0x80042500,0x800155EC,call
0x80041F40,0x80042554,0x800155EC,call
0x80041F40,0x8004255C,0x800153C0,call
0x80041F40,0x80042564,0x800154D0,call
0x80041F40,0x8004257C,0x800155EC,call
0x80041F40,0x80042594,0x800155EC,call
0x80041F40,0x800425A0,0x80015288,call
0x80041F40,0x800425CC,0x800155EC,call
0x80041F40,0x80042650,0x80016F0C,call
0x80041F40,0x80042708,0x8001745C,call
0x80041F40,0x80042714,0x80015288,call
0x80041F40,0x80042720,0x800156DC,call
0x80041F40,0x80042730,0x800156DC,call
0x80041F40,0x8004273C,0x80015288,call
0x80041F40,0x80042748,0x800156DC,call
0x80041F40,0x80042868,0x800156DC,call
0x80041F40,0x8004288C,0x800156DC,call
0x80041F40,0x80042898,0x800156DC,call
0x80041F40,0x800428A8,0x800155C0,call
0x80041F40,0x800428B8,0x800155C0,call
0x80041F40,0x800428D0,0x800155EC,call
0x80041F40,0x800428F8,0x800155EC,call
0x80041F40,0x80042928,0x800155EC,call
0x80041F40,0x80042954,0x800155EC,call
0x80042970,0x80042998,0x8003F714,call
0x80042970,0x800429A8,0x800156DC,call
0x80042970,0x80042A04,0x8003B02C,call
0x80042970,0x80042A18,0x8003B184,call
0x80042970,0x80042B18,0x8003B02C,call
0x80042970,0x80042B24,0x800156DC,call
0x80042970,0x80042B70,0x800156DC,call
0x80042970,0x80042B80,0x800156DC,call
0x80042970,0x80042B8C,0x800156DC,call
0x80042BB8,0x80042BC0,0x80051FF4,call
0x80042BB8,0x80042C14,0x80051FF4,call
0x80042BB8,0x80042CB4,0x80017874,call
0x80042BB8,0x80042CCC,0x8001535C,call
0x80042BB8,0x80042CDC,0x80015288,call
0x80042BB8,0x80042CEC,0x80015538,call
0x80042BB8,0x80042CFC,0x80015538,call
0x80042BB8,0x80042D04,0x800154D0,call
0x80042BB8,0x80042D0C,0x800154D0,call
0x80042BB8,0x80042D14,0x800154D0,call
0x80042BB8,0x80042D20,0x80015288,call
0x80042BB8,0x80042D44,0x800181BC,call
0x80042BB8,0x80042DC4,0x8000EA4C,call
0x80042BB8,0x80042DCC,0x80017874,call
0x80042BB8,0x80042DE0,0x8001535C,call
0x80042BB8,0x80042DF0,0x800154D0,call
0x80042BB8,0x80042E00,0x80015538,call
0x80042BB8,0x80042E10,0x80015538,call
0x80042BB8,0x80042E18,0x800154D0,call
0x80042BB8,0x80042E20,0x800154D0,call
0x80042BB8,0x80042E44,0x80017918,call
0x80042BB8,0x80042E50,0x80015288,call
0x80042BB8,0x80042E64,0x800155EC,call
0x80042BB8,0x80042E78,0x800155EC,call
0x80042BB8,0x80042E8C,0x800155EC,call
0x80042BB8,0x80042EC4,0x800155EC,call
0x80042BB8,0x80042ED4,0x80017BA8,call
0x80042EEC,0x80043210,0x80086730,call
0x80042EEC,0x80043234,0x80086730,call
0x80042EEC,0x80043428,0x80038DBC,call
0x80042EEC,0x8004344C,0x80038DF8,call
0x80042EEC,0x8004345C,0x80086CC8,call
0x80042EEC,0x8004346C,0x80038DBC,call
0x80042EEC,0x80043478,0x80060C6C,call
0x80043598,0x80043664,0x80082BE0,call
0x80043598,0x800436A0,0x80082BE0,call
0x80043598,0x80043784,0x80041D14,call
0x80043598,0x80043794,0x80041F40,call
0x80043598,0x800437A4,0x80042970,call
0x80043598,0x800437B4,0x80041258,call
0x80043598,0x800437C4,0x800419EC,call
0x80043598,0x800437D4,0x80016F0C,call
0x80043598,0x800437F0,0x80082624,call
0x80043598,0x800437FC,0x800156DC,call
0x80043598,0x80043804,0x8000BB78,call
0x80043598,0x80043820,0x80017F28,call
0x80043598,0x80043830,0x8001811C,call
0x80043598,0x80043840,0x80017F28,call
0x80043598,0x80043850,0x8001811C,call
0x80043598,0x80043858,0x80017F28,call
0x80043598,0x80043868,0x8001811C,call
0x80043598,0x80043870,0x80042EEC,call
0x80043598,0x80043888,0x800117F0,call
0x80043598,0x80043898,0x80011814,call
0x80043598,0x800438A0,0x80042BB8,call
0x800438BC,0x800438F0,0x8008A6B4,call
0x800438BC,0x80043914,0x8008A6B4,call
0x800438BC,0x80043934,0x8008A6B4,call
0x800438BC,0x80043954,0x8008A6B4,call
0x800438BC,0x80043974,0x8008A6B4,call
0x800438BC,0x80043994,0x8008A6B4,call
0x800438BC,0x800439B4,0x8008A6B4,call
0x800438BC,0x800439D4,0x8008A6B4,call
0x800438BC,0x800439F4,0x8008A6B4,call
0x800438BC,0x80043A14,0x8008A6B4,call
0x800438BC,0x80043A34,0x8008A6B4,call
0x800438BC,0x80043A54,0x8008A6B4,call
0x800438BC,0x80043A74,0x8008A6B4,call
0x800438BC,0x80043A94,0x8008A6B4,call
0x800438BC,0x80043AB4,0x8008A6B4,call
0x800438BC,0x80043AD4,0x8008A6B4,call
0x800438BC,0x80043AF4,0x8008A6B4,call
0x800438BC,0x80043B14,0x8008A6B4,call
0x800438BC,0x80043B34,0x8008A6B4,call
0x800438BC,0x80043B50,0x8003ECB0,call
0x80043B6C,0x80043B78,0x80043598,call
0x80043B6C,0x80043C5C,0x80008B14,call
0x80043B6C,0x80043C68,0x800319F4,call
0x80043B6C,0x80043C70,0x80051FF4,call
0x80043B6C,0x80043C84,0x800319F4,call
0x80043B6C,0x80043CB4,0x800438BC,call
0x80043CD0,0x80043D60,0x80015268,call
0x80043CD0,0x80043D7C,0x80015268,call
0x80043CD0,0x80043D84,0x80017874,call
0x80043CD0,0x80043DE4,0x80015268,call
0x80043CD0,0x80043DEC,0x80017874,call
0x80043CD0,0x80043E4C,0x8004110C,call
0x80043CD0,0x80043E68,0x80040050,call
0x80043CD0,0x80043FD8,0x800419B4,call
0x80043CD0,0x80043FF4,0x80040050,call
0x80043CD0,0x80044130,0x8004110C,call
0x80043CD0,0x8004418C,0x8004110C,call
0x80043CD0,0x800441A8,0x8004110C,call
0x800441E0,0x800441F0,0x8008635C,call
0x800441E0,0x80044244,0x800862D8,call
0x800441E0,0x80044260,0x800862D8,call
0x800441E0,0x800442A0,0x80086730,call
0x800441E0,0x800442CC,0x80086730,call
0x800442E4,0x80044300,0x800862D8,call
0x800442E4,0x8004431C,0x800862D8,call
0x800442E4,0x80044328,0x8008635C,call
0x800442E4,0x8004434C,0x80086730,call
0x800442E4,0x80044358,0x8000A920,call
0x80044370,0x8004437C,0x800442E4,call
0x80044370,0x80044384,0x80008750,call
0x80044370,0x800443A0,0x8000AB24,call
0x80044370,0x800443A8,0x8000A4D8,call
0x80044370,0x800443B0,0x80005B80,call
0x80044370,0x800443B8,0x80087754,call
0x80044370,0x800443D0,0x80039CD8,call
0x80044370,0x800443D8,0x80039B70,call
0x80044370,0x800443F0,0x8003FA24,call
0x80044370,0x800443FC,0x80030304,call
0x80044414,0x80044498,0x80044370,call
0x800444B0,0x800444CC,0x8003B02C,call
0x800444B0,0x80044588,0x8000AB24,call
0x800444B0,0x80044640,0x8000AB24,call
0x800444B0,0x80044650,0x8000A920,call
0x80044668,0x80044728,0x80083190,call
0x80044668,0x80044748,0x80000520,call
0x80044668,0x8004475C,0x80004FB0,call
0x80044668,0x80044768,0x80000520,call
0x80044668,0x80044794,0x800154D0,call
0x80044668,0x800447A4,0x80015538,call
0x80044668,0x800447B4,0x80015538,call
0x80044668,0x800447D8,0x80017BA8,call
0x80044668,0x800447F8,0x800181BC,call
0x80044668,0x80044820,0x800181BC,call
0x80044668,0x8004482C,0x80083190,call
0x80044668,0x8004484C,0x80000520,call
0x80044668,0x80044860,0x80004FB0,call
0x80044668,0x8004486C,0x80000520,call
0x80044668,0x80044898,0x800154D0,call
0x80044668,0x800448A8,0x80015538,call
0x80044668,0x800448B8,0x80015538,call
0x80044668,0x800448DC,0x80017BA8,call
0x80044668,0x800448FC,0x800181BC,call
0x80044668,0x80044924,0x800181BC,call
0x80044668,0x80044930,0x80083190,call
0x80044668,0x80044950,0x80000520,call
0x80044668,0x80044964,0x80004FB0,call
0x80044668,0x80044970,0x80000520,call
0x80044668,0x800449A0,0x800154D0,call
0x80044668,0x800449B0,0x80015538,call
0x80044668,0x800449C0,0x80015538,call
0x80044668,0x800449E4,0x80017BA8,call
0x80044668,0x80044A04,0x800181BC,call
0x80044668,0x80044A2C,0x800181BC,call
0x80044A7C,0x80044B54,0x80083190,call
0x80044A7C,0x80044B78,0x80083190,call
0x80044A7C,0x80044BBC,0x800154D0,call
0x80044A7C,0x80044BE0,0x800154D0,call
0x80044A7C,0x80044BF0,0x80015538,call
0x80044A7C,0x80044BFC,0x80015288,call
0x80044A7C,0x80044C08,0x80015288,call
0x80044A7C,0x80044C28,0x800155C0,call
0x80044A7C,0x80044C3C,0x800155EC,call
0x80044A7C,0x80044C48,0x80017BA8,call
0x80044A7C,0x80044C6C,0x80017520,call
0x80044A7C,0x80044C78,0x80017BA8,call
0x80044CD8,0x80044DAC,0x80083190,call
0x80044CD8,0x80044DD0,0x80083190,call
0x80044CD8,0x80044DF8,0x8001535C,call
0x80044CD8,0x80044E00,0x800154D0,call
0x80044CD8,0x80044E18,0x80017580,call
0x80044CD8,0x80044E24,0x80015288,call
0x80044CD8,0x80044E38,0x80015268,call
0x80044CD8,0x80044E48,0x80015538,call
0x80044CD8,0x80044E58,0x80015538,call
0x80044CD8,0x80044E78,0x80017918,call
0x80044CD8,0x80044E84,0x80017BA8,call
0x80044CD8,0x80044EC8,0x80083190,call
0x80044CD8,0x80044EEC,0x80083190,call
0x80044CD8,0x80044F14,0x8001535C,call
0x80044CD8,0x80044F1C,0x800154D0,call
0x80044CD8,0x80044F34,0x80017580,call
0x80044CD8,0x80044F40,0x80015288,call
0x80044CD8,0x80044F54,0x80015268,call
0x80044CD8,0x80044F64,0x80015538,call
0x80044CD8,0x80044F74,0x80015538,call
0x80044CD8,0x80044F94,0x80017918,call
0x80044CD8,0x80044FA0,0x80017BA8,call
0x80045004,0x80045058,0x80008B14,call
0x80045004,0x800450A4,0x80083190,call
0x80045004,0x800450E4,0x80008B14,call
0x80045004,0x80045100,0x80008B14,call
0x80045144,0x80045160,0x80017C18,call
0x80045144,0x800451D4,0x80017C18,call
0x80045144,0x80045224,0x800153C0,call
0x80045144,0x80045268,0x80017824,call
0x80045144,0x80045284,0x80015724,call
0x80045144,0x800452A4,0x80017C18,call
0x80045144,0x800452B4,0x80015724,call
0x80045144,0x800452C4,0x800156DC,call
0x80045144,0x800452D8,0x80017BA8,call
0x80045144,0x800452E0,0x80044A7C,call
0x80045144,0x800452E8,0x80044CD8,call
0x80045144,0x800452F0,0x80044668,call
0x80045144,0x800452F8,0x80045004,call
0x80045314,0x80045398,0x80039EC0,call
0x80045314,0x800453A0,0x80039CD8,call
0x80045314,0x80045460,0x8003FA24,call
0x80045314,0x80045474,0x800464E8,call
0x80045314,0x8004547C,0x800811CC,call
0x800454A8,0x80045550,0x8000AEFC,call
0x800454A8,0x8004556C,0x8000AB24,call
0x80045588,0x800455A8,0x80030274,call
0x80045588,0x800455F4,0x8003B250,call
0x80045588,0x80045608,0x8003B02C,call
0x80045694,0x8004577C,0x800305E8,call
0x80045694,0x80045788,0x800305E8,call
0x80045694,0x800457A8,0x800305E8,call
0x80045694,0x800457B4,0x800305E8,call
0x80045694,0x800457D4,0x800305E8,call
0x80045694,0x800457E0,0x800305E8,call
0x80045694,0x80045800,0x800305E8,call
0x80045694,0x8004580C,0x800305E8,call
0x80045694,0x80045828,0x800305E8,call
0x80045694,0x80045834,0x800305E8,call
0x80045694,0x80045850,0x800305E8,call
0x80045694,0x8004585C,0x800305E8,call
0x80045694,0x80045878,0x800305E8,call
0x80045694,0x80045884,0x800305E8,call
0x80045694,0x800458A4,0x800305E8,call
0x80045694,0x800458B0,0x800305E8,call
0x80045694,0x8004593C,0x80030A7C,call
0x80045694,0x80045968,0x80045634,call
0x80045694,0x80045974,0x800833B4,call
0x80045694,0x80045988,0x80045634,call
0x80045694,0x80045994,0x800833B4,call
0x80045694,0x800459A8,0x80045634,call
0x80045694,0x800459B4,0x800833B4,call
0x80045694,0x800459D4,0x80017520,call
0x80045694,0x800459E0,0x80017BA8,call
0x80045694,0x800459F4,0x80017520,call
0x80045694,0x80045A00,0x80017BA8,call
0x80045694,0x80045A14,0x80017520,call
0x80045694,0x80045A20,0x80017BA8,call
0x80045694,0x80045A40,0x800181BC,call
0x80045694,0x80045A6C,0x80017520,call
0x80045694,0x80045A78,0x80017BA8,call
0x80045694,0x80045A9C,0x800181BC,call
0x80045694,0x80045AB0,0x80017520,call
0x80045694,0x80045ABC,0x80017BA8,call
0x80045694,0x80045ADC,0x800181BC,call
0x80045694,0x80045AF0,0x80017520,call
0x80045694,0x80045AFC,0x80017BA8,call
0x80045694,0x80045B1C,0x800181BC,call
0x80045694,0x80045B54,0x80015268,call
0x80045694,0x80045B68,0x80015268,call
0x80045694,0x80045BB0,0x800834F0,call
0x80045694,0x80045BF8,0x800834F0,call
0x80045694,0x80045C28,0x800181BC,call
0x80045C88,0x80045CB8,0x800305E8,call
0x80045C88,0x80045CC4,0x80030964,call
0x80045C88,0x80045CD4,0x80018324,call
0x80045C88,0x80045D18,0x80018324,call
0x80045C88,0x80045D24,0x80018324,call
0x80045DA0,0x80045DD8,0x80018324,call
0x80045DA0,0x80045E1C,0x80018324,call
0x80045E80,0x80045EB8,0x80018324,call
0x80045E80,0x80045EFC,0x80018324,call
0x80045F60,0x80045FD8,0x80083134,call
0x80045F60,0x80045FF0,0x80083134,call
0x80045F60,0x80046008,0x80083134,call
0x80045F60,0x80046020,0x80083134,call
0x80045F60,0x80046038,0x80083134,call
0x80045F60,0x80046050,0x80083134,call
0x80045F60,0x80046068,0x80083134,call
0x80045F60,0x80046080,0x80083134,call
0x80045F60,0x80046098,0x80083134,call
0x8004611C,0x80046134,0x80018324,call
0x8004611C,0x80046180,0x800305E8,call
0x8004611C,0x800461B4,0x80045C88,call
0x8004611C,0x800461BC,0x80045DA0,call
0x8004611C,0x800461C4,0x80045E80,call
0x8004611C,0x800461D0,0x800305E8,call
0x8004611C,0x800461DC,0x80030964,call
0x8004611C,0x800462E0,0x80045588,call
0x8004611C,0x800462EC,0x800454A8,call
0x8004611C,0x80046304,0x80045694,call
0x8004611C,0x8004630C,0x80045F60,call
0x8004611C,0x80046314,0x80087754,call
0x80046330,0x80046360,0x80038DBC,call
0x80046330,0x80046384,0x80038DF8,call
0x80046330,0x80046398,0x80015268,call
0x80046330,0x800463AC,0x80015268,call
0x80046330,0x800463C0,0x80015268,call
0x80046330,0x800463D4,0x80086A20,call
0x80046330,0x800463F0,0x80038DBC,call
0x80046330,0x80046404,0x80015268,call
0x80046330,0x80046418,0x80015268,call
0x80046330,0x8004642C,0x80015268,call
0x80046330,0x80046440,0x80086A20,call
0x80046330,0x8004645C,0x80038DBC,call
0x80046330,0x80046480,0x80038DF8,call
0x80046330,0x80046494,0x80015268,call
0x80046330,0x800464A8,0x80015268,call
0x80046330,0x800464BC,0x80015268,call
0x80046330,0x800464D0,0x80086A20,call
0x800464E8,0x800464FC,0x8002FA00,call
0x800464E8,0x80046504,0x80005B80,call
0x800464E8,0x8004650C,0x8000A4D8,call
0x800464E8,0x80046544,0x80082BE0,call
0x800464E8,0x8004660C,0x8004611C,call
0x800464E8,0x80046638,0x80046330,call
0x800464E8,0x80046640,0x800441E0,call
0x800464E8,0x80046648,0x8002FB90,call
0x80046670,0x800466BC,0x800305E8,call
0x80046670,0x800466D4,0x800305E8,call
0x80046670,0x800466E0,0x80030A7C,call
0x80046670,0x80046730,0x80030964,call
0x80046670,0x80046744,0x80087754,call
0x80046670,0x8004674C,0x80018470,call
0x80046764,0x800467E0,0x80005B80,call
0x800467F8,0x8004680C,0x80005B80,call
0x800467F8,0x8004683C,0x80030964,call
0x80046870,0x8004695C,0x80005B80,call
0x80046974,0x80046984,0x80018324,call
0x800469B4,0x80046A7C,0x8004BE90,call
0x800469B4,0x80046A84,0x8004CA50,call
0x800469B4,0x80046AE0,0x8008A6B4,call
0x800469B4,0x80046AF8,0x8008A6B4,call
0x800469B4,0x80046B10,0x8008A6B4,call
0x800469B4,0x80046B28,0x8008A6B4,call
0x800469B4,0x80046B40,0x8008A6B4,call
0x800469B4,0x80046B58,0x8008A6B4,call
0x800469B4,0x80046B70,0x8008A6B4,call
0x800469B4,0x80046B88,0x8008A6B4,call
0x800469B4,0x80046BA0,0x8008A6B4,call
0x800469B4,0x80046BB8,0x8008A6B4,call
0x800469B4,0x80046BD0,0x8008A6B4,call
0x800469B4,0x80046BE8,0x8008A6B4,call
0x800469B4,0x80046C1C,0x8000953C,call
0x800469B4,0x80046C30,0x8000955C,call
0x800469B4,0x80046C5C,0x80039EC0,call
0x800469B4,0x80046C9C,0x80039EC0,call
0x800469B4,0x80046CAC,0x80039EC0,call
0x800469B4,0x80046CBC,0x80039EC0,call
0x800469B4,0x80046CCC,0x80039EC0,call
0x800469B4,0x80046CDC,0x80039EC0,call
0x800469B4,0x80046D00,0x8000953C,call
0x800469B4,0x80046D0C,0x8000955C,call
0x800469B4,0x80046D14,0x80039EC0,call
0x800469B4,0x80046D4C,0x8000953C,call
0x800469B4,0x80046D58,0x8000953C,call
0x800469B4,0x80046D60,0x80039EC0,call
0x800469B4,0x80046D70,0x80039EC0,call
0x800469B4,0x80046D80,0x80039EC0,call
0x800469B4,0x80046D90,0x80039EC0,call
0x800469B4,0x80046DA0,0x80039EC0,call
0x80046DC4,0x80046E98,0x8000A920,call
0x80046DC4,0x80046EC0,0x8000AA04,call
0x80046DC4,0x80046F5C,0x8000AB24,call
0x80046DC4,0x80046FC4,0x8003EC40,call
0x80046DC4,0x80046FF4,0x8000A920,call
0x80046DC4,0x80047040,0x8000AA04,call
0x80046DC4,0x80047060,0x8000AB24,call
0x80046DC4,0x800470C0,0x8003EC40,call
0x80046DC4,0x80047110,0x8003EC40,call
0x80046DC4,0x80047160,0x8003EC40,call
0x80046DC4,0x800471B0,0x8003EC40,call
0x80046DC4,0x80047200,0x8003EC40,call
0x80046DC4,0x80047250,0x8003EC40,call
0x80046DC4,0x800472A0,0x8003EC40,call
0x80046DC4,0x800472AC,0x8000A920,call
0x80046DC4,0x800472EC,0x8000AA04,call
0x80046DC4,0x80047304,0x8000AB24,call
0x80046DC4,0x80047310,0x8000A920,call
0x80046DC4,0x80047348,0x8000AA04,call
0x80046DC4,0x80047360,0x8000AB24,call
0x80046DC4,0x80047370,0x8000A920,call
0x80046DC4,0x800473C0,0x8000AA04,call
0x80046DC4,0x800473D8,0x8000AB24,call
0x80046DC4,0x80047468,0x8000A920,call
0x80046DC4,0x800474B8,0x8000AA04,call
0x80046DC4,0x800474F4,0x8000AAC0,call
0x80046DC4,0x80047514,0x8000AB24,call
0x80046DC4,0x80047550,0x8000AAC0,call
0x80046DC4,0x80047570,0x8000AB24,call
0x80046DC4,0x8004759C,0x8000A920,call
0x80046DC4,0x800475D8,0x8000AA04,call
0x80046DC4,0x8004760C,0x8000AAC0,call
0x80046DC4,0x80047614,0x80082BE0,call
0x80046DC4,0x800476DC,0x8000AB24,call
0x80046DC4,0x80047708,0x8000AAC0,call
0x80046DC4,0x80047728,0x8000AB24,call
0x80046DC4,0x80047754,0x8000A920,call
0x80046DC4,0x80047790,0x8000AA04,call
0x80046DC4,0x800477C4,0x8000AAC0,call
0x80046DC4,0x800477CC,0x80082BE0,call
0x80046DC4,0x80047894,0x8000AB24,call
0x80046DC4,0x800478C4,0x8000AB24,call
0x800479A4,0x800479C0,0x80015268,call
0x800479A4,0x800479E0,0x80015268,call
0x800479A4,0x800479FC,0x80015268,call
0x800479A4,0x80047A10,0x80086A20,call
0x800479A4,0x80047A2C,0x80015268,call
0x800479A4,0x80047A4C,0x80015268,call
0x800479A4,0x80047A60,0x80086A20,call
0x80047A78,0x80047B24,0x8000A920,call
0x80047A78,0x80047B4C,0x8000AA04,call
0x80047A78,0x80047B84,0x8000AAC0,call
0x80047A78,0x80047BA8,0x8000AB24,call
0x80047A78,0x80047BDC,0x8000A920,call
0x80047A78,0x80047C20,0x8000AA04,call
0x80047A78,0x80047C48,0x8000AAC0,call
0x80047A78,0x80047D94,0x8000AB24,call
0x80047DB0,0x80047E58,0x80046DC4,call
0x80047DB0,0x80047F38,0x8000A920,call
0x80047DB0,0x80047FDC,0x8000AA04,call
0x80047DB0,0x80048014,0x8000AA04,call
0x80047DB0,0x80048034,0x8000AB24,call
0x80047DB0,0x80048054,0x8000A920,call
0x80047DB0,0x80048084,0x8000AA04,call
0x80047DB0,0x800480A4,0x8000AB24,call
0x80047DB0,0x800480E0,0x8000A920,call
0x80047DB0,0x8004812C,0x8000AA04,call
0x80047DB0,0x8004816C,0x8000AA04,call
0x80047DB0,0x8004818C,0x8000AB24,call
0x80047DB0,0x8004821C,0x80047A78,call
0x80047DB0,0x800482C8,0x800181BC,call
0x80047DB0,0x80048300,0x800181BC,call
0x80047DB0,0x80048308,0x80028D60,call
0x80047DB0,0x80048318,0x800156DC,call
0x80047DB0,0x80048328,0x80015288,call
0x80047DB0,0x80048340,0x800155EC,call
0x80047DB0,0x80048358,0x800155EC,call
0x80047DB0,0x80048370,0x800155EC,call
0x80047DB0,0x8004837C,0x80015288,call
0x80047DB0,0x80048388,0x800156DC,call
0x80047DB0,0x800483D0,0x800178C4,call
0x80047DB0,0x800483F4,0x800178C4,call
0x80047DB0,0x8004842C,0x800178C4,call
0x80047DB0,0x80048478,0x80017918,call
0x80047DB0,0x80048484,0x80015288,call
0x80047DB0,0x80048490,0x80017BA8,call
0x80047DB0,0x800484B0,0x800181BC,call
0x8004850C,0x800485E8,0x800181BC,call
0x8004850C,0x800485F4,0x80015288,call
0x8004850C,0x80048608,0x80015268,call
0x8004850C,0x80048614,0x800174B8,call
0x8004850C,0x80048660,0x800156DC,call
0x8004850C,0x80048670,0x800156DC,call
0x8004850C,0x8004867C,0x80015288,call
0x8004850C,0x800486D0,0x800178C4,call
0x8004850C,0x800486F4,0x800178C4,call
0x8004850C,0x80048730,0x800178C4,call
0x8004850C,0x80048758,0x8001745C,call
0x8004850C,0x80048768,0x80015288,call
0x8004850C,0x80048780,0x80017918,call
0x8004850C,0x8004878C,0x80017BA8,call
0x8004850C,0x800487AC,0x800181BC,call
0x8004850C,0x80048868,0x800181BC,call
0x8004850C,0x80048870,0x80028D60,call
0x8004850C,0x80048880,0x800156DC,call
0x8004850C,0x80048894,0x80015288,call
0x8004850C,0x800488AC,0x800155EC,call
0x8004850C,0x800488C4,0x800155EC,call
0x8004850C,0x800488DC,0x800155EC,call
0x8004850C,0x800488EC,0x80015288,call
0x8004850C,0x80048908,0x80015268,call
0x8004850C,0x80048914,0x800174B8,call
0x8004850C,0x80048950,0x800178C4,call
0x8004850C,0x80048974,0x800178C4,call
0x8004850C,0x800489B0,0x800178C4,call
0x8004850C,0x800489D4,0x80017918,call
0x8004850C,0x800489E0,0x80015288,call
0x8004850C,0x800489EC,0x80017BA8,call
0x8004850C,0x80048A0C,0x800181BC,call
0x80048A50,0x80048AB8,0x80014F54,call
0x80048A50,0x80048B40,0x80082BE0,call
0x80048A50,0x80048B68,0x80033590,call
0x80048A50,0x80048BBC,0x800181BC,call
0x80048A50,0x80048BE8,0x8000EA4C,call
0x80048A50,0x80048BF8,0x8003F800,call
0x80048A50,0x80048C04,0x80033B94,call
0x80048A50,0x80048C38,0x80033B94,call
0x80048A50,0x80048C7C,0x80082BE0,call
0x80048A50,0x80048CD4,0x8001745C,call
0x80048A50,0x80048CE0,0x80015288,call
0x80048A50,0x80048D4C,0x80017918,call
0x80048A50,0x80048D58,0x80017BA8,call
0x80048A50,0x80048D78,0x800181BC,call
0x80048A50,0x80048DB4,0x800181BC,call
0x80048A50,0x80048DC8,0x8001745C,call
0x80048A50,0x80048DD4,0x80015288,call
0x80048A50,0x80048DEC,0x80017918,call
0x80048A50,0x80048E04,0x80017BA8,call
0x80048A50,0x80048E24,0x800181BC,call
0x80048A50,0x80048E54,0x800181BC,call
0x80048A50,0x80048E68,0x8001745C,call
0x80048A50,0x80048E74,0x80015288,call
0x80048A50,0x80048E8C,0x80017918,call
0x80048A50,0x80048EA4,0x80017BA8,call
0x80048A50,0x80048EC4,0x800181BC,call
0x80048A50,0x80048F28,0x80086A20,call
0x80048F74,0x8004906C,0x80014CC0,call
0x800494D0,0x80049608,0x800181BC,call
0x800494D0,0x800496F0,0x80048F74,call
0x800494D0,0x800496F8,0x80028D60,call
0x800494D0,0x80049738,0x800181BC,call
0x800494D0,0x8004974C,0x800156DC,call
0x800494D0,0x80049760,0x80015288,call
0x800494D0,0x800497AC,0x800178C4,call
0x800494D0,0x800497D0,0x800178C4,call
0x800494D0,0x80049838,0x80017918,call
0x800494D0,0x80049844,0x80015288,call
0x800494D0,0x80049850,0x80017BA8,call
0x800494D0,0x80049870,0x800181BC,call
0x800494D0,0x800498DC,0x800181BC,call
0x800494D0,0x800498EC,0x800156DC,call
0x800494D0,0x800498FC,0x80015288,call
0x800494D0,0x80049920,0x800178C4,call
0x800494D0,0x80049944,0x800178C4,call
0x800494D0,0x80049964,0x80017918,call
0x800494D0,0x80049970,0x80015288,call
0x800494D0,0x8004997C,0x80017BA8,call
0x800494D0,0x8004999C,0x800181BC,call
0x800494D0,0x800499C8,0x800181BC,call
0x800494D0,0x80049A68,0x800181BC,call
0x800494D0,0x80049A78,0x800156DC,call
0x800494D0,0x80049A88,0x80015288,call
0x800494D0,0x80049A98,0x80014CC0,call
0x800494D0,0x80049AC0,0x800155EC,call
0x800494D0,0x80049AEC,0x800155EC,call
0x800494D0,0x80049B18,0x800155EC,call
0x800494D0,0x80049B3C,0x800178C4,call
0x800494D0,0x80049B60,0x800178C4,call
0x800494D0,0x80049B84,0x80017918,call
0x800494D0,0x80049B90,0x80015288,call
0x800494D0,0x80049B9C,0x80017BA8,call
0x800494D0,0x80049BBC,0x800181BC,call
0x80049C14,0x80049C88,0x80017874,call
0x80049C14,0x80049CB4,0x80015630,call
0x80049C14,0x80049CE0,0x800178C4,call
0x80049C14,0x80049D0C,0x800178C4,call
0x80049C14,0x80049F20,0x80082BE0,call
0x80049C14,0x80049F78,0x8000EA4C,call
0x80049C14,0x80049F98,0x80017918,call
0x80049C14,0x80049FA4,0x80015288,call
0x80049C14,0x80049FB0,0x80017BA8,call
0x80049C14,0x80049FEC,0x80083D80,call
0x80049C14,0x8004A014,0x80015268,call
0x80049C14,0x8004A038,0x80015268,call
0x80049C14,0x8004A074,0x80015268,call
0x80049C14,0x8004A090,0x80015268,call
0x80049C14,0x8004A0AC,0x80015268,call
0x80049C14,0x8004A0C8,0x80015268,call
0x80049C14,0x8004A0E4,0x80015268,call
0x80049C14,0x8004A100,0x80015268,call
0x80049C14,0x8004A11C,0x80015268,call
0x80049C14,0x8004A138,0x80015268,call
0x80049C14,0x8004A154,0x80015268,call
0x80049C14,0x8004A170,0x80015268,call
0x80049C14,0x8004A18C,0x80015268,call
0x80049C14,0x8004A1A8,0x80015268,call
0x80049C14,0x8004A1C4,0x80015268,call
0x80049C14,0x8004A1E0,0x80015268,call
0x80049C14,0x8004A1FC,0x80015268,call
0x80049C14,0x8004A218,0x80015268,call
0x80049C14,0x8004A234,0x80015268,call
0x80049C14,0x8004A250,0x80015268,call
0x80049C14,0x8004A26C,0x80015268,call
0x80049C14,0x8004A288,0x80015268,call
0x80049C14,0x8004A2A4,0x80015268,call
0x80049C14,0x8004A2C0,0x80015268,call
0x80049C14,0x8004A2DC,0x80015268,call
0x80049C14,0x8004A2F8,0x80015268,call
0x80049C14,0x8004A314,0x80015268,call
0x80049C14,0x8004A324,0x80015328,call
0x80049C14,0x8004A330,0x80017BA8,call
0x80049C14,0x8004A354,0x800181BC,call
0x8004A36C,0x8004A3C4,0x800181BC,call
0x8004A36C,0x8004A3CC,0x80028D60,call
0x8004A36C,0x8004A3E0,0x800156DC,call
0x8004A36C,0x8004A3F4,0x80015288,call
0x8004A36C,0x8004A408,0x800155EC,call
0x8004A36C,0x8004A420,0x800155EC,call
0x8004A36C,0x8004A438,0x800155EC,call
0x8004A36C,0x8004A444,0x80015288,call
0x8004A36C,0x8004A460,0x80015268,call
0x8004A36C,0x8004A470,0x800174B8,call
0x8004A36C,0x8004A4C8,0x800178C4,call
0x8004A36C,0x8004A4EC,0x800178C4,call
0x8004A36C,0x8004A530,0x800178C4,call
0x8004A36C,0x8004A55C,0x80017918,call
0x8004A36C,0x8004A568,0x80015288,call
0x8004A36C,0x8004A574,0x80017BA8,call
0x8004A36C,0x8004A594,0x800181BC,call
0x8004A5B4,0x8004A5F0,0x800181BC,call
0x8004A5B4,0x8004A5F8,0x80028D60,call
0x8004A5B4,0x8004A610,0x8001745C,call
0x8004A5B4,0x8004A620,0x80015288,call
0x8004A5B4,0x8004A62C,0x80015288,call
0x8004A5B4,0x8004A65C,0x80017918,call
0x8004A5B4,0x8004A668,0x80017BA8,call
0x8004A5B4,0x8004A688,0x800181BC,call
0x8004A6A4,0x8004A6BC,0x8003FC94,call
0x8004A6A4,0x8004A6C8,0x80030304,call
0x8004A6A4,0x8004A6D0,0x8003E1D0,call
0x8004A6A4,0x8004A6DC,0x8000A920,call
0x8004A6A4,0x8004A6EC,0x8000A4D8,call
0x8004A6A4,0x8004A6F4,0x80046764,call
0x8004A6A4,0x8004A6FC,0x80087754,call
0x8004A6A4,0x8004A70C,0x8004F358,call
0x8004A6A4,0x8004A728,0x8003FA24,call
0x8004A6A4,0x8004A758,0x8003FA24,call
0x8004A6A4,0x8004A768,0x8003FA24,call
0x8004A780,0x8004A7D0,0x800181BC,call
0x8004A7F8,0x8004A824,0x800181BC,call
0x8004A7F8,0x8004A84C,0x800181BC,call
0x8004A880,0x8004A8B0,0x80008F28,call
0x8004A880,0x8004A8D0,0x80063AE0,call
0x8004A880,0x8004A8DC,0x8004E0A0,call
0x8004A880,0x8004A900,0x80008F28,call
0x8004A880,0x8004A908,0x8004A780,call
0x8004A880,0x8004A920,0x8000A920,call
0x8004A880,0x8004A988,0x80008F28,call
0x8004A880,0x8004AA04,0x80019B80,call
0x8004A880,0x8004AA14,0x80019BB4,call
0x8004A880,0x8004AA24,0x8001A408,call
0x8004A880,0x8004AA34,0x8004A7F8,call
0x8004A880,0x8004AA3C,0x8001D05C,call
0x8004A880,0x8004AA64,0x800181BC,call
0x8004A880,0x8004AA6C,0x80020030,call
0x8004A880,0x8004AA94,0x800181BC,call
0x8004A880,0x8004AA9C,0x8001F5AC,call
0x8004A880,0x8004AAC4,0x800181BC,call
0x8004A880,0x8004AACC,0x80024070,call
0x8004A880,0x8004AB24,0x800181BC,call
0x8004A880,0x8004AB2C,0x80028498,call
0x8004A880,0x8004AB34,0x8004850C,call
0x8004A880,0x8004AB5C,0x800181BC,call
0x8004A880,0x8004AB64,0x8004850C,call
0x8004A880,0x8004AB8C,0x800181BC,call
0x8004A880,0x8004AB94,0x80020030,call
0x8004A880,0x8004ABA4,0x8004A7F8,call
0x8004A880,0x8004ABAC,0x8001DD48,call
0x8004A880,0x8004ABBC,0x8004A7F8,call
0x8004A880,0x8004ABC4,0x800228C0,call
0x8004A880,0x8004ABD4,0x8004A7F8,call
0x8004A880,0x8004ABDC,0x80024954,call
0x8004A880,0x8004ABEC,0x8004A7F8,call
0x8004A880,0x8004ABF4,0x80025148,call
0x8004A880,0x8004AC04,0x8004A7F8,call
0x8004A880,0x8004AC0C,0x8001ADD4,call
0x8004A880,0x8004AC1C,0x8004A7F8,call
0x8004A880,0x8004AC24,0x80026644,call
0x8004A880,0x8004AC4C,0x800181BC,call
0x8004A880,0x8004AC54,0x80026B3C,call
0x8004A880,0x8004AC64,0x80027150,call
0x8004A880,0x8004AC8C,0x800181BC,call
0x8004A880,0x8004AC94,0x80027A0C,call
0x8004A880,0x8004AC9C,0x80008F28,call
0x8004A880,0x8004ACDC,0x800181BC,call
0x8004A880,0x8004ACE4,0x80008F28,call
0x8004A880,0x8004AD04,0x800290A4,call
0x8004A880,0x8004AD14,0x8000953C,call
0x8004A880,0x8004AD1C,0x80008F28,call
0x8004A880,0x8004AD38,0x8000955C,call
0x8004A880,0x8004AD40,0x80028E78,call
0x8004A880,0x8004AD4C,0x80008F28,call
0x8004A880,0x8004AD8C,0x8005065C,call
0x8004A880,0x8004AD9C,0x800509E8,call
0x8004A880,0x8004ADAC,0x80050F88,call
0x8004A880,0x8004ADB4,0x80008F28,call
0x8004A880,0x8004ADBC,0x80064AF4,call
0x8004A880,0x8004ADD4,0x80064034,call
0x8004A880,0x8004AE0C,0x8002D4C4,call
0x8004A880,0x8004AE34,0x8002B574,call
0x8004A880,0x8004AE50,0x8004A6A4,call
0x8004A880,0x8004AE58,0x80008F28,call
0x8004AE74,0x8004AEC8,0x8002AD70,call
0x8004AE74,0x8004AF08,0x8002B3C8,call
0x8004AE74,0x8004AF20,0x80047DB0,call
0x8004AE74,0x8004AF44,0x80033590,call
0x8004AF60,0x8004AF6C,0x80017F28,call
0x8004AF60,0x8004AFA4,0x80086CC8,call
0x8004AF60,0x8004AFBC,0x80020030,call
0x8004AFD4,0x8004B008,0x80030154,call
0x8004AFD4,0x8004B020,0x8000A44C,call
0x8004AFD4,0x8004B034,0x8000A44C,call
0x8004AFD4,0x8004B048,0x8000A44C,call
0x8004B084,0x8004B098,0x80046670,call
0x8004B084,0x8004B0AC,0x80046670,call
0x8004B084,0x8004B0C0,0x80046670,call
0x8004B084,0x8004B0D4,0x80046670,call
0x8004B084,0x8004B0E8,0x80046670,call
0x8004B084,0x8004B0FC,0x80046670,call
0x8004B084,0x8004B110,0x80046670,call
0x8004B084,0x8004B124,0x80046670,call
0x8004B084,0x8004B138,0x80046670,call
0x8004B084,0x8004B14C,0x80046670,call
0x8004B084,0x8004B160,0x80046670,call
0x8004B084,0x8004B174,0x80046670,call
0x8004B18C,0x8004B1A4,0x80046670,call
0x8004B18C,0x8004B1BC,0x80046670,call
0x8004B18C,0x8004B1D4,0x80046670,call
0x8004B18C,0x8004B1EC,0x80046670,call
0x8004B18C,0x8004B204,0x80046670,call
0x8004B18C,0x8004B21C,0x80046670,call
0x8004B18C,0x8004B234,0x80046670,call
0x8004B18C,0x8004B24C,0x80046670,call
0x8004B18C,0x8004B264,0x80046670,call
0x8004B18C,0x8004B27C,0x80046670,call
0x8004B18C,0x8004B294,0x80046670,call
0x8004B18C,0x8004B2AC,0x80046670,call
0x8004B18C,0x8004B2C4,0x80046670,call
0x8004B18C,0x8004B2DC,0x80046670,call
0x8004B18C,0x8004B2F4,0x80046670,call
0x8004B18C,0x8004B30C,0x80046670,call
0x8004B18C,0x8004B324,0x80046670,call
0x8004B18C,0x8004B33C,0x80046670,call
0x8004B18C,0x8004B354,0x80046670,call
0x8004B18C,0x8004B36C,0x80046670,call
0x8004B18C,0x8004B384,0x80046670,call
0x8004B18C,0x8004B39C,0x80046670,call
0x8004B18C,0x8004B3B4,0x80046670,call
0x8004B18C,0x8004B3CC,0x80046670,call
0x8004B18C,0x8004B3E0,0x80046670,call
0x8004B3FC,0x8004B40C,0x80030154,call
0x8004B3FC,0x8004B428,0x8000A44C,call
0x8004B3FC,0x8004B448,0x80030154,call
0x8004B3FC,0x8004B464,0x8000A44C,call
0x8004B3FC,0x8004B478,0x8000AC34,call
0x8004B3FC,0x8004B498,0x80030154,call
0x8004B3FC,0x8004B4A4,0x8000A44C,call
0x8004B3FC,0x8004B4AC,0x80030154,call
0x8004B3FC,0x8004B4C8,0x8000A44C,call
0x8004B3FC,0x8004B4E8,0x80030154,call
0x8004B3FC,0x8004B4F4,0x8000A44C,call
0x8004B3FC,0x8004B4FC,0x80030154,call
0x8004B3FC,0x8004B508,0x8000A44C,call
0x8004B3FC,0x8004B510,0x80030154,call
0x8004B3FC,0x8004B51C,0x8000A44C,call
0x8004B3FC,0x8004B534,0x8000AC34,call
0x8004B568,0x8004B57C,0x80030154,call
0x8004B568,0x8004B5A4,0x8000A44C,call
0x8004B568,0x8004B5B8,0x8000AC34,call
0x8004B568,0x8004B5D0,0x80030154,call
0x8004B568,0x8004B5EC,0x8000A44C,call
0x8004B568,0x8004B604,0x80030154,call
0x8004B568,0x8004B620,0x8000A44C,call
0x8004B568,0x8004B638,0x80030154,call
0x8004B568,0x8004B644,0x8000A44C,call
0x8004B568,0x8004B64C,0x80030154,call
0x8004B568,0x8004B658,0x8000A44C,call
0x8004B568,0x8004B660,0x80030154,call
0x8004B568,0x8004B66C,0x8000A44C,call
0x8004B568,0x8004B674,0x80030154,call
0x8004B568,0x8004B680,0x8000A44C,call
0x8004B568,0x8004B6A8,0x8000AC34,call
0x8004B568,0x8004B6BC,0x8000AC34,call
0x8004B6E8,0x8004B6FC,0x80030154,call
0x8004B6E8,0x8004B70C,0x8000A44C,call
0x8004B6E8,0x8004B718,0x8000A44C,call
0x8004B6E8,0x8004B720,0x80030154,call
0x8004B6E8,0x8004B730,0x8000A44C,call
0x8004B6E8,0x8004B73C,0x8000A44C,call
0x8004B6E8,0x8004B744,0x80030154,call
0x8004B6E8,0x8004B750,0x8000A44C,call
0x8004B6E8,0x8004B758,0x80030154,call
0x8004B6E8,0x8004B764,0x8000A44C,call
0x8004B6E8,0x8004B76C,0x80030154,call
0x8004B6E8,0x8004B778,0x8000A44C,call
0x8004B6E8,0x8004B780,0x80030154,call
0x8004B6E8,0x8004B78C,0x8000A44C,call
0x8004B6E8,0x8004B794,0x80030154,call
0x8004B6E8,0x8004B7A0,0x8000A44C,call
0x8004B6E8,0x8004B7A8,0x80030154,call
0x8004B6E8,0x8004B7B4,0x8000A44C,call
0x8004B6E8,0x8004B7BC,0x80030154,call
0x8004B6E8,0x8004B7C8,0x8000A44C,call
0x8004B6E8,0x8004B7D0,0x80030154,call
0x8004B6E8,0x8004B7DC,0x8000A44C,call
0x8004B6E8,0x8004B7E4,0x80030154,call
0x8004B6E8,0x8004B7F4,0x8000A44C,call
0x8004B6E8,0x8004B800,0x8000A44C,call
0x8004B6E8,0x8004B828,0x8000AC34,call
0x8004B6E8,0x8004B83C,0x8000AC34,call
0x8004B868,0x8004B874,0x80030154,call
0x8004B868,0x8004B880,0x8000A44C,call
0x8004B868,0x8004B888,0x80030154,call
0x8004B868,0x8004B894,0x8000A44C,call
0x8004B868,0x8004B89C,0x80030154,call
0x8004B868,0x8004B8A8,0x8000A44C,call
0x8004B868,0x8004B8B0,0x80030154,call
0x8004B868,0x8004B8BC,0x8000A44C,call
0x8004B868,0x8004B8C4,0x80030154,call
0x8004B868,0x8004B8D0,0x8000A44C,call
0x8004B868,0x8004B8D8,0x80030154,call
0x8004B868,0x8004B8E4,0x8000A44C,call
0x8004B868,0x8004B8EC,0x80030154,call
0x8004B868,0x8004B8F8,0x8000A44C,call
0x8004B868,0x8004B900,0x80030154,call
0x8004B868,0x8004B90C,0x8000A44C,call
0x8004B868,0x8004B914,0x80030154,call
0x8004B868,0x8004B924,0x8000A44C,call
0x8004B868,0x8004B930,0x8000A44C,call
0x8004B868,0x8004B938,0x80030154,call
0x8004B868,0x8004B948,0x8000A44C,call
0x8004B868,0x8004B954,0x8000A44C,call
0x8004B868,0x8004B95C,0x80030154,call
0x8004B868,0x8004B96C,0x8000A44C,call
0x8004B868,0x8004B978,0x8000A44C,call
0x8004B868,0x8004B980,0x80030154,call
0x8004B868,0x8004B98C,0x8000A44C,call
0x8004B868,0x8004B9A4,0x8000AC34,call
0x8004B868,0x8004B9CC,0x8000AC34,call
0x8004B868,0x8004B9E4,0x80030154,call
0x8004B868,0x8004B9F4,0x8000A44C,call
0x8004B868,0x8004BA00,0x8000A44C,call
0x8004B868,0x8004BA08,0x80030154,call
0x8004B868,0x8004BA18,0x8000A44C,call
0x8004B868,0x8004BA24,0x8000A44C,call
0x8004B868,0x8004BA2C,0x80030154,call
0x8004B868,0x8004BA3C,0x8000A44C,call
0x8004B868,0x8004BA48,0x8000A44C,call
0x8004B868,0x8004BA50,0x80030154,call
0x8004B868,0x8004BA5C,0x8000A44C,call
0x8004B868,0x8004BA74,0x8000AC34,call
0x8004B868,0x8004BA9C,0x8000AC34,call
0x8004BAC8,0x8004BB0C,0x8000A44C,call
0x8004BAC8,0x8004BBAC,0x8000A44C,call
0x8004BAC8,0x8004BBC0,0x8000AC34,call
0x8004BAC8,0x8004BC0C,0x8000AB24,call
0x8004BAC8,0x8004BC34,0x8000AB24,call
0x8004BAC8,0x8004BC5C,0x8000AB24,call
0x8004BAC8,0x8004BC84,0x8000AB24,call
0x8004BAC8,0x8004BC94,0x8002DAD0,call
0x8004BAC8,0x8004BCBC,0x8000AB24,call
0x8004BAC8,0x8004BD04,0x8000A44C,call
0x8004BAC8,0x8004BD1C,0x8000A44C,call
0x8004BAC8,0x8004BD34,0x8000A44C,call
0x8004BAC8,0x8004BD54,0x8000A44C,call
0x8004BAC8,0x8004BD68,0x8000AC34,call
0x8004BAC8,0x8004BD8C,0x8000AB24,call
0x8004BDFC,0x8004BE04,0x80030154,call
0x8004BDFC,0x8004BE10,0x8000A44C,call
0x8004BDFC,0x8004BE1C,0x8000AC60,call
0x8004BDFC,0x8004BE28,0x8000AC34,call
0x8004BDFC,0x8004BE30,0x80030154,call
0x8004BDFC,0x8004BE3C,0x8000A44C,call
0x8004BDFC,0x8004BE44,0x80030154,call
0x8004BDFC,0x8004BE50,0x8000A44C,call
0x8004BDFC,0x8004BE64,0x80046670,call
0x8004BDFC,0x8004BE6C,0x80030154,call
0x8004BDFC,0x8004BE78,0x8000A44C,call
0x8004BE90,0x8004BF50,0x80051898,call
0x8004BE90,0x8004BF78,0x8000A44C,call
0x8004BE90,0x8004BF90,0x80005B80,call
0x8004BE90,0x8004BF98,0x80046870,call
0x8004BE90,0x8004BFD4,0x80030154,call
0x8004BE90,0x8004BFE0,0x8000A44C,call
0x8004BE90,0x8004BFF4,0x80030154,call
0x8004BE90,0x8004C000,0x8000A44C,call
0x8004BE90,0x8004C01C,0x8000AC34,call
0x8004BE90,0x8004C02C,0x8000AC60,call
0x8004BE90,0x8004C038,0x8000AC34,call
0x8004BE90,0x8004C040,0x80030154,call
0x8004BE90,0x8004C04C,0x8000A44C,call
0x8004BE90,0x8004C054,0x80030154,call
0x8004BE90,0x8004C060,0x8000A44C,call
0x8004BE90,0x8004C068,0x80030154,call
0x8004BE90,0x8004C074,0x8000A44C,call
0x8004BE90,0x8004C07C,0x80030154,call
0x8004BE90,0x8004C088,0x8000A44C,call
0x8004BE90,0x8004C090,0x8004B3FC,call
0x8004BE90,0x8004C098,0x8004B084,call
0x8004BE90,0x8004C0A0,0x8004B18C,call
0x8004BE90,0x8004C0A8,0x80030154,call
0x8004BE90,0x8004C0B4,0x8000A44C,call
0x8004BE90,0x8004C0BC,0x80030154,call
0x8004BE90,0x8004C0C8,0x8000A44C,call
0x8004BE90,0x8004C0D0,0x80030154,call
0x8004BE90,0x8004C0DC,0x8000A44C,call
0x8004BE90,0x8004C0E4,0x80030154,call
0x8004BE90,0x8004C0F0,0x8000A44C,call
0x8004BE90,0x8004C0F8,0x80030154,call
0x8004BE90,0x8004C104,0x8000A44C,call
0x8004BE90,0x8004C10C,0x80030154,call
0x8004BE90,0x8004C118,0x8000A44C,call
0x8004BE90,0x8004C120,0x80030154,call
0x8004BE90,0x8004C12C,0x8000A44C,call
0x8004BE90,0x8004C134,0x80030154,call
0x8004BE90,0x8004C140,0x8000A44C,call
0x8004BE90,0x8004C154,0x80046670,call
0x8004BE90,0x8004C15C,0x8004AFD4,call
0x8004BE90,0x8004C170,0x80046670,call
0x8004BE90,0x8004C178,0x80082BE0,call
0x8004BE90,0x8004C1EC,0x800517D8,call
0x8004BE90,0x8004C20C,0x800517D8,call
0x8004BE90,0x8004C21C,0x80082BE0,call
0x8004BE90,0x8004C280,0x800517D8,call
0x8004BE90,0x8004C294,0x800517D8,call
0x8004BE90,0x8004C2A8,0x800517D8,call
0x8004BE90,0x8004C2B0,0x80030154,call
0x8004BE90,0x8004C2CC,0x8000A44C,call
0x8004BE90,0x8004C2E4,0x80030154,call
0x8004BE90,0x8004C2F0,0x80030154,call
0x8004BE90,0x8004C2FC,0x80030154,call
0x8004BE90,0x8004C308,0x80030154,call
0x8004BE90,0x8004C314,0x80030154,call
0x8004BE90,0x8004C320,0x80030154,call
0x8004BE90,0x8004C32C,0x8000A44C,call
0x8004BE90,0x8004C338,0x8000AC34,call
0x8004BE90,0x8004C354,0x8000AB24,call
0x8004BE90,0x8004C35C,0x80051898,call
0x8004BE90,0x8004C38C,0x800517D8,call
0x8004BE90,0x8004C3CC,0x8004B3FC,call
0x8004BE90,0x8004C3D4,0x8004B568,call
0x8004BE90,0x8004C424,0x80046670,call
0x8004BE90,0x8004C474,0x80046670,call
0x8004BE90,0x8004C48C,0x80046670,call
0x8004BE90,0x8004C4A4,0x80046670,call
0x8004BE90,0x8004C4B8,0x80046670,call
0x8004BE90,0x8004C4D0,0x80046670,call
0x8004BE90,0x8004C4E4,0x80046670,call
0x8004BE90,0x8004C4F8,0x80046670,call
0x8004BE90,0x8004C51C,0x80046670,call
0x8004BE90,0x8004C534,0x80046670,call
0x8004BE90,0x8004C57C,0x800517D8,call
0x8004BE90,0x8004C5B8,0x800517D8,call
0x8004BE90,0x8004C5DC,0x8002963C,call
0x8004BE90,0x8004C5F0,0x80046670,call
0x8004BE90,0x8004C604,0x800517D8,call
0x8004BE90,0x8004C618,0x800517D8,call
0x8004BE90,0x8004C628,0x8004B3FC,call
0x8004BE90,0x8004C630,0x8004B6E8,call
0x8004BE90,0x8004C644,0x80046670,call
0x8004BE90,0x8004C64C,0x8002963C,call
0x8004BE90,0x8004C660,0x800517D8,call
0x8004BE90,0x8004C6A0,0x800517D8,call
0x8004BE90,0x8004C6E8,0x800517D8,call
0x8004BE90,0x8004C718,0x80046670,call
0x8004BE90,0x8004C738,0x800517D8,call
0x8004BE90,0x8004C74C,0x800517D8,call
0x8004BE90,0x8004C760,0x800517D8,call
0x8004BE90,0x8004C774,0x800517D8,call
0x8004BE90,0x8004C788,0x800517D8,call
0x8004BE90,0x8004C798,0x8002D968,call
0x8004BE90,0x8004C7B4,0x800517D8,call
0x8004BE90,0x8004C7C8,0x8002D968,call
0x8004BE90,0x8004C7E0,0x800517D8,call
0x8004BE90,0x8004C7F0,0x80030154,call
0x8004BE90,0x8004C824,0x8000A44C,call
0x8004BE90,0x8004C87C,0x800517D8,call
0x8004BE90,0x8004C894,0x80046670,call
0x8004BE90,0x8004C8FC,0x800517D8,call
0x8004BE90,0x8004C910,0x80046670,call
0x8004BE90,0x8004C934,0x80046670,call
0x8004BE90,0x8004C948,0x80046670,call
0x8004BE90,0x8004C95C,0x80046670,call
0x8004BE90,0x8004C970,0x80046670,call
0x8004BE90,0x8004C980,0x80030154,call
0x8004BE90,0x8004C9A0,0x8000A44C,call
0x8004BE90,0x8004C9F8,0x80046670,call
0x8004BE90,0x8004CA20,0x800517D8,call
0x8004BE90,0x8004CA28,0x8002FB90,call
0x8004CA50,0x8004CA88,0x8000AC90,call
0x8004CA50,0x8004CB34,0x80015268,call
0x8004CA50,0x8004CB50,0x80015268,call
0x8004CA50,0x8004CB6C,0x80015268,call
0x8004CA50,0x8004CB88,0x80015268,call
0x8004CA50,0x8004CB98,0x800174B8,call
0x8004CA50,0x8004CBA8,0x800174B8,call
0x8004CA50,0x8004CBB8,0x800174B8,call
0x8004CA50,0x8004CBC0,0x80038DBC,call
0x8004CA50,0x8004CBEC,0x8003F800,call
0x8004CA50,0x8004CC40,0x80015288,call
0x8004CA50,0x8004CC48,0x80082BE0,call
0x8004CA50,0x8004CC88,0x80063084,call
0x8004CA50,0x8004CC90,0x80082BE0,call
0x8004CA50,0x8004CCE4,0x80015288,call
0x8004CA50,0x8004CCF4,0x8003F800,call
0x8004CA50,0x8004CD24,0x80063084,call
0x8004CA50,0x8004CD44,0x80063084,call
0x8004CA50,0x8004CD4C,0x80082BE0,call
0x8004CA50,0x8004CDAC,0x80015288,call
0x8004CA50,0x8004CDB4,0x80082BE0,call
0x8004CA50,0x8004CDF0,0x80063084,call
0x8004CA50,0x8004CE00,0x80015288,call
0x8004CA50,0x8004CE24,0x80063084,call
0x8004CA50,0x8004CF48,0x80015288,call
0x8004CA50,0x8004CF5C,0x80015288,call
0x8004CA50,0x8004CF80,0x80014F54,call
0x8004CA50,0x8004CFBC,0x80015288,call
0x8004CA50,0x8004CFE4,0x80014F54,call
0x8004CA50,0x8004D010,0x80063084,call
0x8004CA50,0x8004D020,0x80015288,call
0x8004CA50,0x8004D028,0x80082BE0,call
0x8004CA50,0x8004D074,0x80015288,call
0x8004CA50,0x8004D090,0x80014F54,call
0x8004CA50,0x8004D098,0x80082BE0,call
0x8004CA50,0x8004D0CC,0x80015288,call
0x8004CA50,0x8004D0E8,0x80014F54,call
0x8004CA50,0x8004D0F4,0x80082BE0,call
0x8004CA50,0x8004D19C,0x80063084,call
0x8004CA50,0x8004D1EC,0x80015268,call
0x8004CA50,0x8004D21C,0x80015288,call
0x8004CA50,0x8004D23C,0x80015268,call
0x8004CA50,0x8004D250,0x80015268,call
0x8004CA50,0x8004D26C,0x80014F54,call
0x8004CA50,0x8004D288,0x80063084,call
0x8004CA50,0x8004D300,0x80014CC0,call
0x8004CA50,0x8004D344,0x80015268,call
0x8004CA50,0x8004D368,0x80014F54,call
0x8004CA50,0x8004D384,0x80063084,call
0x8004CA50,0x8004D47C,0x80015268,call
0x8004CA50,0x8004D488,0x800513E0,call
0x8004CA50,0x8004D4B8,0x80014F54,call
0x8004CA50,0x8004D4E0,0x80063084,call
0x8004CA50,0x8004D518,0x80015288,call
0x8004CA50,0x8004D534,0x80015288,call
0x8004CA50,0x8004D550,0x80014F54,call
0x8004CA50,0x8004D578,0x80063084,call
0x8004CA50,0x8004D58C,0x80015268,call
0x8004CA50,0x8004D5BC,0x80063084,call
0x8004CA50,0x8004D5F4,0x80015288,call
0x8004CA50,0x8004D610,0x8002D968,call
0x8004CA50,0x8004D634,0x80063084,call
0x8004CA50,0x8004D64C,0x8002D968,call
0x8004CA50,0x8004D68C,0x80063084,call
0x8004CA50,0x8004D6F8,0x80015288,call
0x8004CA50,0x8004D720,0x80015630,call
0x8004CA50,0x8004D744,0x80015288,call
0x8004CA50,0x8004D760,0x80014F54,call
0x8004CA50,0x8004D774,0x8003F800,call
0x8004CA50,0x8004D7A4,0x80063084,call
0x8004CA50,0x8004D7C8,0x80063084,call
0x8004CA50,0x8004D7E8,0x80015288,call
0x8004CA50,0x8004D7F0,0x80082BE0,call
0x8004CA50,0x8004D824,0x8003F800,call
0x8004CA50,0x8004D854,0x80063084,call
0x8004CA50,0x8004D874,0x80063084,call
0x8004CA50,0x8004D8B0,0x80015268,call
0x8004CA50,0x8004D90C,0x80063084,call
0x8004CA50,0x8004D970,0x80015268,call
0x8004CA50,0x8004D9B0,0x80063084,call
0x8004CA50,0x8004D9F8,0x80015268,call
0x8004CA50,0x8004DA14,0x80063084,call
0x8004CA50,0x8004DA30,0x800862D8,call
0x8004CA50,0x8004DA54,0x800862D8,call
0x8004CA50,0x8004DA60,0x8008635C,call
0x8004CA50,0x8004DA68,0x80017F28,call
0x8004CA50,0x8004DA74,0x8000B0E0,call
0x8004CA50,0x8004DA90,0x8000AEFC,call
0x8004CA50,0x8004DAAC,0x8000AEFC,call
0x8004CA50,0x8004DAC4,0x8000B02C,call
0x8004CA50,0x8004DAEC,0x80086730,call
0x8004CA50,0x8004DB14,0x80015288,call
0x8004CA50,0x8004DB38,0x80015288,call
0x8004CA50,0x8004DB4C,0x800156DC,call
0x8004CA50,0x8004DB60,0x800156DC,call
0x8004CA50,0x8004DB74,0x800156DC,call
0x8004CA50,0x8004DB88,0x800156DC,call
0x8004CA50,0x8004DB9C,0x80016F0C,call
0x8004CA50,0x8004DBB0,0x80016F0C,call
0x8004CA50,0x8004DBC4,0x80016F0C,call
0x8004CA50,0x8004DBE4,0x80086A20,call
0x8004DC0C,0x8004DC7C,0x8000AC90,call
0x8004DC0C,0x8004DC94,0x8004EA08,call
0x8004DC0C,0x8004DCC4,0x8000AB24,call
0x8004DC0C,0x8004DCDC,0x800469B4,call
0x8004DC0C,0x8004DCE4,0x80051898,call
0x8004DC0C,0x8004DCEC,0x8004BDFC,call
0x8004DC0C,0x8004DD00,0x8004FFA8,call
0x8004DC0C,0x8004DD24,0x80050208,call
0x8004DC0C,0x8004DD64,0x8000AB24,call
0x8004DC0C,0x8004DDEC,0x800469B4,call
0x8004DC0C,0x8004DDFC,0x8004FFA8,call
0x8004DC0C,0x8004DE20,0x8005163C,call
0x8004DC0C,0x8004DE3C,0x8000AB24,call
0x8004DC0C,0x8004DEEC,0x800469B4,call
0x8004DC0C,0x8004DF00,0x8004A6A4,call
0x8004DC0C,0x8004DF64,0x8004A6A4,call
0x8004DC0C,0x8004DFCC,0x800469B4,call
0x8004E034,0x8004E064,0x80014CC0,call
0x8004E0A0,0x8004E0F4,0x8004E488,call
0x8004E0A0,0x8004E10C,0x8004E488,call
0x8004E0A0,0x8004E124,0x8004E488,call
0x8004E0A0,0x8004E13C,0x8004E488,call
0x8004E0A0,0x8004E154,0x8004E488,call
0x8004E0A0,0x8004E16C,0x8004E488,call
0x8004E0A0,0x8004E184,0x8004E488,call
0x8004E0A0,0x8004E19C,0x8004E488,call
0x8004E0A0,0x8004E1B4,0x8004E488,call
0x8004E0A0,0x8004E1CC,0x8004E488,call
0x8004E0A0,0x8004E1E4,0x8004E488,call
0x8004E0A0,0x8004E1FC,0x8004E488,call
0x8004E0A0,0x8004E214,0x8004E488,call
0x8004E0A0,0x8004E22C,0x8004E488,call
0x8004E0A0,0x8004E244,0x8004E488,call
0x8004E0A0,0x8004E25C,0x8004E488,call
0x8004E0A0,0x8004E270,0x8004E488,call
0x8004E0A0,0x8004E284,0x8004E488,call
0x8004E0A0,0x8004E298,0x8004E488,call
0x8004E0A0,0x8004E2AC,0x8004E488,call
0x8004E0A0,0x8004E2C0,0x8004E488,call
0x8004E0A0,0x8004E2D4,0x8004E488,call
0x8004E0A0,0x8004E2E8,0x8004E488,call
0x8004E0A0,0x8004E2FC,0x8004E488,call
0x8004E4F4,0x8004E568,0x80015268,call
0x8004E4F4,0x8004E588,0x80015268,call
0x8004E4F4,0x8004E6C0,0x80014CC0,call
0x8004E4F4,0x8004E6F8,0x80015288,call
0x8004E4F4,0x8004E70C,0x80014F54,call
0x8004E4F4,0x8004E744,0x80014CC0,call
0x8004E4F4,0x8004E978,0x80015288,call
0x8004E4F4,0x8004E984,0x80015288,call
0x8004E4F4,0x8004E9A0,0x80015288,call
0x8004E4F4,0x8004E9AC,0x80015288,call
0x8004EA08,0x8004EB24,0x80028070,call
0x8004EA08,0x8004EB2C,0x80039828,call
0x8004EA08,0x8004EB34,0x80046974,call
0x8004EA08,0x8004EB90,0x80015268,call
0x8004EA08,0x8004EC48,0x80050208,call
0x8004EA08,0x8004ED90,0x80082BE0,call
0x8004EA08,0x8004EE40,0x80082BE0,call
0x8004EA08,0x8004EE68,0x80082BE0,call
0x8004EA08,0x8004EE90,0x80082BE0,call
0x8004EA08,0x8004EE98,0x80051934,call
0x8004EA08,0x8004EEF8,0x80082BE0,call
0x8004EA08,0x8004EF00,0x80051934,call
0x8004EA08,0x8004EF88,0x80082BE0,call
0x8004EA08,0x8004EFCC,0x80082BE0,call
0x8004EA08,0x8004EFD4,0x80051934,call
0x8004EA08,0x8004F028,0x80082BE0,call
0x8004EA08,0x8004F030,0x80051934,call
0x8004EA08,0x8004F074,0x80082BE0,call
0x8004EA08,0x8004F07C,0x80051934,call
0x8004EA08,0x8004F0AC,0x80082BE0,call
0x8004EA08,0x8004F0B4,0x80051934,call
0x8004EA08,0x8004F0F8,0x80082BE0,call
0x8004EA08,0x8004F180,0x8008A6B4,call
0x8004EA08,0x8004F194,0x8008A6B4,call
0x8004EA08,0x8004F1A8,0x8008A6B4,call
0x8004EA08,0x8004F1BC,0x8008A6B4,call
0x8004EA08,0x8004F1D0,0x8008A6B4,call
0x8004EA08,0x8004F1E4,0x8008A6B4,call
0x8004EA08,0x8004F1F8,0x8008A6B4,call
0x8004EA08,0x8004F20C,0x8008A6B4,call
0x8004F254,0x8004F2F4,0x8003F714,call
0x8004F254,0x8004F300,0x8003F99C,call
0x8004F358,0x8004F378,0x8004FF7C,call
0x8004F358,0x8004F380,0x8004F6E8,call
0x8004F358,0x8004F3B4,0x80082BE0,call
0x8004F358,0x8004F478,0x8004F790,call
0x8004F358,0x8004F674,0x80039EC0,call
0x8004F358,0x8004F684,0x8003FA24,call
0x8004F358,0x8004F68C,0x8004F254,call
0x8004F358,0x8004F69C,0x8002FA00,call
0x8004F358,0x8004F6B0,0x80030298,call
0x8004F358,0x8004F6C4,0x8003FA24,call
0x8004F790,0x8004F82C,0x80082BE0,call
0x8004F790,0x8004F89C,0x80082BE0,call
0x8004F790,0x8004FD14,0x80032F2C,call
0x8004F790,0x8004FD24,0x800320E0,call
0x8004F790,0x8004FD34,0x800320E0,call
0x8004F790,0x8004FD98,0x8004FE30,call
0x8004FFA8,0x8004FFF8,0x800174B8,call
0x8004FFA8,0x80050018,0x80017918,call
0x8004FFA8,0x80050030,0x80051898,call
0x8004FFA8,0x80050050,0x80030298,call
0x8004FFA8,0x8005005C,0x8003FC94,call
0x8004FFA8,0x80050070,0x80046670,call
0x8004FFA8,0x80050098,0x80017BA8,call
0x8004FFA8,0x800500AC,0x80046670,call
0x8004FFA8,0x800500D4,0x80017BA8,call
0x8004FFA8,0x800500E8,0x80046670,call
0x8004FFA8,0x80050110,0x80017BA8,call
0x8004FFA8,0x80050124,0x80046670,call
0x8004FFA8,0x8005014C,0x80017BA8,call
0x8004FFA8,0x80050160,0x800517D8,call
0x8004FFA8,0x80050188,0x80015288,call
0x8004FFA8,0x800501B8,0x80014F54,call
0x8004FFA8,0x800501E0,0x80063084,call
0x8004FFA8,0x800501E8,0x8004B868,call
0x8004FFA8,0x800501F0,0x80051898,call
0x80050290,0x80050350,0x800152CC,call
0x80050290,0x80050380,0x800152CC,call
0x80050290,0x800503AC,0x8005058C,call
0x80050290,0x800503CC,0x80050450,call
0x800503E8,0x80050424,0x8005058C,call
0x80050450,0x80050490,0x80015288,call
0x80050450,0x800504A8,0x80015288,call
0x80050450,0x800504DC,0x800513E0,call
0x80050450,0x800504EC,0x8003F800,call
0x80050450,0x80050508,0x80033590,call
0x80050450,0x80050524,0x80014F54,call
0x80050450,0x80050544,0x80063084,call
0x8005058C,0x800505B8,0x800156DC,call
0x8005058C,0x800505CC,0x800156DC,call
0x8005058C,0x800505DC,0x80015288,call
0x8005058C,0x800505EC,0x80015288,call
0x8005058C,0x8005062C,0x8001535C,call
0x8005058C,0x80050644,0x80015328,call
0x8005065C,0x80050674,0x80015288,call
0x8005065C,0x80050684,0x80015288,call
0x8005065C,0x80050990,0x800156DC,call
0x8005065C,0x800509A4,0x800156DC,call
0x800509E8,0x80050A00,0x800152CC,call
0x800509E8,0x80050A18,0x80015288,call
0x800509E8,0x80050A30,0x8001535C,call
0x800509E8,0x80050A38,0x800153C0,call
0x800509E8,0x80050A5C,0x800154D0,call
0x800509E8,0x80050A78,0x800155EC,call
0x800509E8,0x80050AB0,0x80050C00,call
0x800509E8,0x80050AEC,0x80050C00,call
0x800509E8,0x80050B90,0x800156DC,call
0x800509E8,0x80050BA4,0x800156DC,call
0x800509E8,0x80050BE8,0x800469B4,call
0x80050C00,0x80050CF8,0x80015288,call
0x80050C00,0x80050D2C,0x8001535C,call
0x80050C00,0x80050D34,0x800153C0,call
0x80050C00,0x80050D54,0x8001535C,call
0x80050C00,0x80050D5C,0x800153C0,call
0x80050C00,0x80050D6C,0x8001535C,call
0x80050C00,0x80050D74,0x800153C0,call
0x80050C00,0x80050ED0,0x800154D0,call
0x80050C00,0x80050EF8,0x800155EC,call
0x80050C00,0x80050F08,0x8001535C,call
0x80050C00,0x80050F14,0x80015390,call
0x80050C00,0x80050F3C,0x80015288,call
0x80050C00,0x80050F58,0x80015288,call
0x80050F88,0x80050FB8,0x80015268,call
0x80050F88,0x80050FE8,0x80015288,call
0x80050F88,0x80051064,0x800152CC,call
0x80050F88,0x8005107C,0x800152CC,call
0x80050F88,0x8005108C,0x80028D60,call
0x80050F88,0x800510A0,0x800156DC,call
0x80050F88,0x800510B4,0x800156DC,call
0x80050F88,0x800510C8,0x80015288,call
0x80050F88,0x800510DC,0x80015288,call
0x80050F88,0x800510EC,0x80082BE0,call
0x80050F88,0x8005114C,0x80014CC0,call
0x80050F88,0x8005115C,0x80015288,call
0x80050F88,0x80051188,0x800155EC,call
0x80050F88,0x80051198,0x80015288,call
0x800511B0,0x800511E0,0x8001535C,call
0x800511B0,0x800511F8,0x800155EC,call
0x800511B0,0x80051224,0x80015630,call
0x800511B0,0x8005124C,0x80015288,call
0x800511B0,0x80051254,0x80051934,call
0x800511B0,0x8005125C,0x80082BE0,call
0x800511B0,0x800512A8,0x80082BE0,call
0x800511B0,0x800512EC,0x80082BE0,call
0x800511B0,0x80051334,0x80015288,call
0x800511B0,0x8005134C,0x8001535C,call
0x800511B0,0x80051360,0x80015328,call
0x800511B0,0x80051390,0x80015288,call
0x800511B0,0x800513B4,0x80015288,call
0x800513E0,0x8005142C,0x80015288,call
0x800513E0,0x80051450,0x80015288,call
0x800513E0,0x8005147C,0x80015288,call
0x800513E0,0x800514B8,0x80015288,call
0x800513E0,0x80051518,0x80015288,call
0x800513E0,0x80051528,0x8001535C,call
0x800513E0,0x80051548,0x80015538,call
0x800513E0,0x80051558,0x80015538,call
0x800513E0,0x80051560,0x800154D0,call
0x800513E0,0x80051568,0x800154D0,call
0x800513E0,0x80051578,0x800155C0,call
0x800513E0,0x80051588,0x80015328,call
0x800513E0,0x80051598,0x800155C0,call
0x800513E0,0x800515A8,0x80015328,call
0x800513E0,0x800515B8,0x80015288,call
0x8005163C,0x800516AC,0x80082BE0,call
0x8005163C,0x800516D8,0x80082BE0,call
0x8005163C,0x80051738,0x80082BE0,call
0x800517D8,0x800517F8,0x8003F800,call
0x800517D8,0x80051828,0x80046670,call
0x800517D8,0x80051850,0x80062EC8,call
0x80051898,0x800518AC,0x8002FA00,call
0x80051898,0x800518C8,0x8003F800,call
0x80051898,0x800518D8,0x8002FB18,call
0x80051898,0x800518E8,0x8002FB18,call
0x80051934,0x8005193C,0x80082BE0,call
0x800519C0,0x80051AB0,0x80032F2C,call
0x800519C0,0x80051AC0,0x800320E0,call
0x800519C0,0x80051AD4,0x800320E0,call
0x800519C0,0x80051B50,0x80032F2C,call
0x800519C0,0x80051B64,0x800320E0,call
0x80051C80,0x80051CA4,0x80005B80,call
0x80051C80,0x80051CAC,0x800315D8,call
0x80051C80,0x80051CE4,0x8003FC94,call
0x80051C80,0x80051CF0,0x8003FC94,call
0x80051C80,0x80051CFC,0x8003FC94,call
0x80051C80,0x80051D08,0x8003FC94,call
0x80051C80,0x80051D14,0x8003FC94,call
0x80051D2C,0x80051F08,0x8008A6B4,call
0x80051D2C,0x80051F28,0x8008A6B4,call
0x80051D2C,0x80051F58,0x8003EC40,call
0x80051D2C,0x80051FAC,0x80051C80,call
0x80051D2C,0x80051FC0,0x80051C80,call
0x80052060,0x80052070,0x8003F800,call
0x80052060,0x800520B0,0x8008035C,call
0x800521C0,0x800521DC,0x80052134,call
0x80052208,0x800522B8,0x800521C0,call
0x80052208,0x80052334,0x80052134,call
0x80052208,0x80052498,0x80052134,call
0x80052A08,0x80052A6C,0x800862D8,call
0x80052A08,0x80052A78,0x8008635C,call
0x80052A08,0x80052AA0,0x8008635C,call
0x80052A08,0x80052AE8,0x800862D8,call
0x80052A08,0x80052B0C,0x80086730,call
0x80052A08,0x80052B1C,0x80051FF4,call
0x80052A08,0x80052B2C,0x8000A920,call
0x80052A08,0x80052B68,0x8008635C,call
0x80052A08,0x80052B84,0x800862D8,call
0x80052A08,0x80052BA8,0x80086730,call
0x80052A08,0x80052BC0,0x8008635C,call
0x80052A08,0x80052C14,0x800862D8,call
0x80052A08,0x80052C30,0x800862D8,call
0x80052A08,0x80052C60,0x80086730,call
0x80052A08,0x80052C78,0x8008635C,call
0x80052A08,0x80052CD8,0x800862D8,call
0x80052A08,0x80052CFC,0x80086730,call
0x80052A08,0x80052D14,0x8008635C,call
0x80052A08,0x80052D4C,0x800862D8,call
0x80052A08,0x80052D84,0x800862D8,call
0x80052A08,0x80052DBC,0x80086730,call
0x80052A08,0x80052DE0,0x80086730,call
0x80052A08,0x80052E08,0x80086730,call
0x80052A08,0x80052E2C,0x80086730,call
0x80052E44,0x80052E68,0x80009F6C,call
0x80052E44,0x80052E78,0x8000955C,call
0x80052E44,0x80052EB0,0x8000AB24,call
0x80052E44,0x80052F14,0x80030304,call
0x80052E44,0x80052F20,0x80030304,call
0x80052E44,0x80052F2C,0x80030304,call
0x80052E44,0x80052F38,0x80030304,call
0x80052E44,0x80052F44,0x80030304,call
0x80052E44,0x80052F4C,0x80039EC0,call
0x80052E44,0x80052F58,0x80052A08,call
0x80052E44,0x80052F60,0x80008750,call
0x80052E44,0x80052F8C,0x80011918,call
0x80052E44,0x80052F94,0x8000FEF0,call
0x80052E44,0x80052F9C,0x80011838,call
0x80052E44,0x80052FA4,0x8000FE1C,call
0x80052E44,0x80052FAC,0x8000FE78,call
0x80052E44,0x80052FB4,0x8000A4D8,call
0x80052E44,0x80052FBC,0x80031F94,call
0x80052E44,0x80052FDC,0x80087754,call
0x80052E44,0x80052FF0,0x8000AEFC,call
0x80052E44,0x80053004,0x8000AEFC,call
0x80052E44,0x80053034,0x80060880,call
0x80052E44,0x8005303C,0x800811CC,call
0x80052E44,0x80053080,0x8003FA24,call
0x80052E44,0x800530B0,0x8003FA24,call
0x800530CC,0x80053104,0x8003FA24,call
0x800530CC,0x8005316C,0x8002F1CC,call
0x800530CC,0x80053178,0x80052A08,call
0x800530CC,0x800531A0,0x8000AB24,call
0x80053220,0x80053268,0x8002F054,call
0x80053300,0x80053310,0x80053220,call
0x8005337C,0x80053398,0x80053300,call
0x8005337C,0x800533C8,0x80053220,call
0x8005337C,0x800533E8,0x800530CC,call
0x8005337C,0x800533F0,0x80009F6C,call
0x8005337C,0x800534B0,0x8000AB24,call
0x8005337C,0x800534DC,0x80052A08,call
0x8005337C,0x80053500,0x80086730,call
0x8005337C,0x80053524,0x8003FA24,call
0x8005337C,0x8005352C,0x80007A44,call
0x8005337C,0x80053548,0x80053220,call
0x8005337C,0x80053558,0x800530CC,call
0x8005337C,0x80053560,0x80009F6C,call
0x8005337C,0x800535A4,0x800530CC,call
0x8005337C,0x800535F0,0x80051FF4,call
0x8005337C,0x80053618,0x80009524,call
0x8005337C,0x80053630,0x8003F800,call
0x8005337C,0x80053698,0x80082BE0,call
0x8005337C,0x80053708,0x80009704,call
0x8005337C,0x80053728,0x800092EC,call
0x8005337C,0x8005373C,0x800092EC,call
0x8005337C,0x80053748,0x8000953C,call
0x8005337C,0x800537AC,0x80053220,call
0x8005337C,0x800537CC,0x800530CC,call
0x8005337C,0x800537D4,0x80009F6C,call
0x8005337C,0x800537E8,0x8007EB7C,call
0x8005337C,0x8005392C,0x8003F99C,call
0x8005337C,0x800539FC,0x80051C80,call
0x8005337C,0x80053A2C,0x8007EB7C,call
0x8005337C,0x80053A58,0x80053220,call
0x8005337C,0x80053A6C,0x80051C80,call
0x8005337C,0x80053A9C,0x80052E44,call
0x80053AD4,0x80053B34,0x8003B184,call
0x80053AD4,0x80053B74,0x80017BA8,call
0x80053AD4,0x80053B98,0x800181BC,call
0x80053AD4,0x80053BC4,0x8000EA4C,call
0x80053C08,0x80053CD0,0x80082BE0,call
0x80053C08,0x80053DB4,0x80082BE0,call
0x80053C08,0x80053E18,0x800093B0,call
0x80053C08,0x80053E30,0x800093B0,call
0x80053C08,0x80053E40,0x80082BE0,call
0x80053C08,0x80053EA4,0x800093B0,call
0x80053C08,0x80053EBC,0x800093B0,call
0x80053C08,0x80053EE0,0x80082BE0,call
0x80053C08,0x80053FD8,0x800093B0,call
0x80054048,0x80054098,0x8003B02C,call
0x80054048,0x800540BC,0x8003B02C,call
0x80054048,0x8005411C,0x80080BEC,call
0x80054048,0x8005413C,0x80053AD4,call
0x80054048,0x80054184,0x80011764,call
0x80054048,0x8005418C,0x800117A4,call
0x80054048,0x8005419C,0x800117A4,call
0x80054048,0x800541B4,0x80011764,call
0x80054048,0x800541C0,0x8000FCA4,call
0x80054048,0x800541E4,0x800117A4,call
0x80054048,0x800541FC,0x80011764,call
0x80054048,0x80054208,0x8000FCA4,call
0x80054048,0x80054218,0x800117A4,call
0x80054048,0x80054230,0x80011764,call
0x80054048,0x80054240,0x800117E4,call
0x80054048,0x8005424C,0x8000FCA4,call
0x80054048,0x80054270,0x800117A4,call
0x80054048,0x80054288,0x80011764,call
0x80054048,0x80054294,0x8000FCA4,call
0x80054048,0x800542A4,0x800117A4,call
0x80054048,0x800542BC,0x80011764,call
0x80054048,0x800542CC,0x800117E4,call
0x80054048,0x800542D8,0x8000FCA4,call
0x80054048,0x80054388,0x80031BEC,call
0x80054048,0x80054390,0x80031BBC,call
0x80054048,0x800543C0,0x80009524,call
0x80054048,0x800543F8,0x80009704,call
0x80054048,0x8005442C,0x80009704,call
0x80054048,0x80054440,0x800092EC,call
0x80054048,0x8005444C,0x8000953C,call
0x80054048,0x80054474,0x800092EC,call
0x80054048,0x80054494,0x800092EC,call
0x80054048,0x80054628,0x80080BEC,call
0x80054048,0x8005464C,0x80052208,call
0x80054048,0x80054654,0x80053C08,call
0x80054048,0x80054690,0x800521C0,call
0x80054048,0x80054744,0x80080BEC,call
0x80054048,0x800547A0,0x80080BEC,call
0x800547EC,0x800548DC,0x8008035C,call
0x800547EC,0x800548FC,0x8007EE40,call
0x800547EC,0x80054994,0x8008035C,call
0x800547EC,0x80054AA8,0x8000A920,call
0x800547EC,0x80054AD4,0x8000AA04,call
0x800547EC,0x80054AF0,0x8000AAC0,call
0x800547EC,0x80054B0C,0x8000AB24,call
0x800547EC,0x80054B4C,0x8000A920,call
0x800547EC,0x80054B70,0x8000AA04,call
0x800547EC,0x80054B90,0x8000AAC0,call
0x800547EC,0x80054BB4,0x8000AB24,call
0x800547EC,0x80054C1C,0x8008A6B4,call
0x800547EC,0x80054C48,0x8003EC40,call
0x800547EC,0x80054C58,0x8008A6B4,call
0x800547EC,0x80054C88,0x8003EC40,call
0x800547EC,0x80054D04,0x8008035C,call
0x800547EC,0x80054EC8,0x8000AB24,call
0x800547EC,0x80054EDC,0x8000A920,call
0x800547EC,0x80054F14,0x8000AA04,call
0x800547EC,0x80054F40,0x8000AAC0,call
0x800547EC,0x80054F58,0x8000AAC0,call
0x800547EC,0x80054F98,0x8008A6B4,call
0x800547EC,0x80054FE4,0x8003EC40,call
0x800547EC,0x80054FF4,0x8008A6B4,call
0x800547EC,0x8005501C,0x8003EC40,call
0x800547EC,0x80055090,0x800154D0,call
0x800547EC,0x80055144,0x80080DB4,call
0x800547EC,0x800551EC,0x8003E54C,call
0x800547EC,0x80055358,0x8003E54C,call
0x800547EC,0x800554D4,0x8003E54C,call
0x800547EC,0x80055514,0x8003E54C,call
0x800547EC,0x80055668,0x8003E54C,call
0x800547EC,0x800556F4,0x80052134,call
0x800547EC,0x80055714,0x8008035C,call
0x800547EC,0x800557D8,0x8000AB24,call
0x800547EC,0x8005580C,0x8000A920,call
0x800547EC,0x80055858,0x8000AA04,call
0x800547EC,0x80055870,0x8000AAC0,call
0x800547EC,0x800558B8,0x8008A6B4,call
0x800547EC,0x80055900,0x8003EC40,call
0x800547EC,0x80055924,0x8008A6B4,call
0x800547EC,0x80055970,0x8003EC40,call
0x800547EC,0x8005599C,0x8008A6B4,call
0x800547EC,0x800559DC,0x8003EC40,call
0x80055AEC,0x80055B40,0x8000ABD4,call
0x80055D38,0x80055D90,0x8000A920,call
0x80055D38,0x80055DA0,0x8000AA04,call
0x80055D38,0x80055DBC,0x8000AB24,call
0x80055D38,0x80055DC4,0x8002F054,call
0x80055D38,0x80055ECC,0x80082BE0,call
0x80055D38,0x80055F3C,0x8000A920,call
0x80055D38,0x80055FCC,0x8000A920,call
0x80055D38,0x80055FDC,0x8000A920,call
0x80055D38,0x80056014,0x8006E2FC,call
0x80055D38,0x800560B4,0x8000A920,call
0x80055D38,0x800560C4,0x8000AA04,call
0x80055D38,0x800560E4,0x8000AB24,call
0x80055D38,0x80056140,0x8002F054,call
0x80055D38,0x8005616C,0x8000A920,call
0x80055D38,0x8005617C,0x8000AA04,call
0x80055D38,0x80056238,0x8000AB24,call
0x80055D38,0x80056250,0x8008A6B4,call
0x80055D38,0x80056258,0x80082BE0,call
0x80055D38,0x80056324,0x8003EC40,call
0x80055D38,0x80056368,0x8000A920,call
0x80055D38,0x80056378,0x8000AA04,call
0x80055D38,0x80056394,0x8000AB24,call
0x80055D38,0x800563A0,0x80055AEC,call
0x80055D38,0x80056404,0x8000A920,call
0x80055D38,0x80056414,0x8000AA04,call
0x80055D38,0x80056430,0x8000AB24,call
0x80055D38,0x8005643C,0x80055AEC,call
0x80055D38,0x8005644C,0x8000A920,call
0x80056464,0x8005646C,0x8002F060,call
0x80056464,0x80056490,0x8000A920,call
0x80056464,0x800564A0,0x8000A920,call
0x80056464,0x80056500,0x8000AA04,call
0x80056464,0x80056528,0x8000AAC0,call
0x80056464,0x800567B4,0x8000AB24,call
0x80056464,0x8005682C,0x80087814,call
0x80056844,0x8005684C,0x80051FF4,call
0x80056844,0x8005686C,0x8000A920,call
0x80056844,0x800568B0,0x8000AA04,call
0x80056844,0x800568C0,0x8000AAC0,call
0x80056844,0x800568DC,0x8000AB24,call
0x80056844,0x800568E8,0x8000A920,call
0x80056844,0x800568F4,0x8000A920,call
0x80056844,0x80056928,0x8000AA04,call
0x80056844,0x80056938,0x8000AAC0,call
0x80056844,0x80056954,0x8000AB24,call
0x80056844,0x80056978,0x8000A920,call
0x80056844,0x800569AC,0x8000AA04,call
0x80056844,0x800569C8,0x8000AB24,call
0x80056844,0x80056A00,0x8000A920,call
0x80056844,0x80056A34,0x8000AA04,call
0x80056844,0x80056A44,0x8000AAC0,call
0x80056844,0x80056A60,0x8000AB24,call
0x80056844,0x80056A6C,0x8000A920,call
0x80056844,0x80056A94,0x8000AA04,call
0x80056844,0x80056AB0,0x8000AB24,call
0x80056844,0x80056AD4,0x8000A920,call
0x80056844,0x80056AF8,0x8000AA04,call
0x80056844,0x80056B08,0x8000AAC0,call
0x80056844,0x80056B24,0x8000AB24,call
0x80056844,0x80056B44,0x8000A920,call
0x80056844,0x80056B78,0x8000AA04,call
0x80056844,0x80056B94,0x8000AB24,call
0x80056844,0x80056BA8,0x8000A920,call
0x80056844,0x80056BE4,0x8000AA04,call
0x80056844,0x80056BF4,0x8000AAC0,call
0x80056844,0x80056C10,0x8000AB24,call
0x80056844,0x80056C1C,0x8000A920,call
0x80056844,0x80056C44,0x8000AA04,call
0x80056844,0x80056C54,0x8000AAC0,call
0x80056844,0x80056C70,0x8000AB24,call
0x80056844,0x80056C7C,0x8000A920,call
0x80056844,0x80056C88,0x8000A920,call
0x80056844,0x80056C94,0x8000A920,call
0x80056844,0x80056CA0,0x8000A920,call
0x80056844,0x80056CAC,0x8000A920,call
0x80056844,0x80056CB8,0x8000A920,call
0x80056844,0x80056CC4,0x8000A920,call
0x80056844,0x80056D0C,0x8000AA04,call
0x80056844,0x80056D28,0x8000AB24,call
0x80056844,0x80056D48,0x8000A920,call
0x80056844,0x80056D6C,0x8000AA04,call
0x80056844,0x80056D7C,0x8000AAC0,call
0x80056844,0x80056D98,0x8000AB24,call
0x80056844,0x80056DB8,0x8000A920,call
0x80056844,0x80056DDC,0x8000AA04,call
0x80056844,0x80056DF8,0x8000AB24,call
0x80056844,0x80056E18,0x8000A920,call
0x80056844,0x80056E54,0x8000AA04,call
0x80056844,0x80056E64,0x8000AAC0,call
0x80056844,0x80056E80,0x8000AB24,call
0x80056844,0x80056E8C,0x8000A920,call
0x80056844,0x80056EB4,0x8000AA04,call
0x80056844,0x80056EC4,0x8000AAC0,call
0x80056844,0x80056EE0,0x8000AB24,call
0x80056844,0x80056EEC,0x8000A920,call
0x80056844,0x80056F2C,0x8000AA04,call
0x80056844,0x80056F48,0x8000AB24,call
0x80056844,0x80056F60,0x8002F060,call
0x80056844,0x80056FB4,0x8000A920,call
0x80056844,0x80057014,0x8000AA04,call
0x80056844,0x80057038,0x8000AAC0,call
0x80056844,0x80057054,0x8000AB24,call
0x80056844,0x80057074,0x8000A920,call
0x80056844,0x80057098,0x8000AA04,call
0x80056844,0x800570B4,0x8000AB24,call
0x80056844,0x800570C0,0x8000A920,call
0x80056844,0x800570EC,0x8000A920,call
0x80056844,0x800570FC,0x8000A920,call
0x80056844,0x80057134,0x8000AA04,call
0x80056844,0x80057144,0x8000AAC0,call
0x80056844,0x800573D0,0x8000AB24,call
0x800573E8,0x800573FC,0x80051FF4,call
0x800573E8,0x8005742C,0x8002F054,call
0x800573E8,0x80057494,0x80056844,call
0x800573E8,0x800574AC,0x80056844,call
0x800573E8,0x800574BC,0x80056844,call
0x800573E8,0x80057554,0x8008A6B4,call
0x800573E8,0x800575A0,0x8003EC40,call
0x800573E8,0x8005769C,0x80082BE0,call
0x800573E8,0x800577A0,0x8003F084,call
0x800573E8,0x800577EC,0x8003EC40,call
0x800573E8,0x8005787C,0x8003EC40,call
0x800573E8,0x8005788C,0x80009524,call
0x800573E8,0x800578A8,0x800092EC,call
0x800573E8,0x800578B8,0x8000953C,call
0x800573E8,0x80057960,0x80082BE0,call
0x800573E8,0x800579C0,0x80082BE0,call
0x800573E8,0x80057A28,0x80082BE0,call
0x800573E8,0x80057A9C,0x8003EC40,call
0x800573E8,0x80057AEC,0x80009524,call
0x800573E8,0x80057AFC,0x80009134,call
0x800573E8,0x80057B10,0x8000955C,call
0x800573E8,0x80057BAC,0x8003F084,call
0x800573E8,0x80057BDC,0x8003EC40,call
0x800573E8,0x80057C34,0x8003F084,call
0x800573E8,0x80057C98,0x8008A6B4,call
0x800573E8,0x80057CF8,0x8003EC40,call
0x800573E8,0x80057D28,0x8003EC40,call
0x800573E8,0x80057D68,0x8003EC40,call
0x800573E8,0x80057D98,0x8003EC40,call
0x800573E8,0x80057DD8,0x8008A6B4,call
0x800573E8,0x80057E04,0x8003EC40,call
0x800573E8,0x80057E34,0x8003EC40,call
0x800573E8,0x80057E74,0x80055D38,call
0x800573E8,0x80057EBC,0x8003EC40,call
0x80057ED4,0x80057EE0,0x8000A920,call
0x80057ED4,0x80057EF0,0x8000AA04,call
0x80057ED4,0x80057F00,0x8000AAC0,call
0x80057ED4,0x80057F1C,0x8000AB24,call
0x80057ED4,0x80057F30,0x80087814,call
0x80057F48,0x80057F58,0x80051FF4,call
0x80057F48,0x80057F90,0x8000A920,call
0x80057F48,0x80057FA8,0x8000A920,call
0x80057F48,0x80057FB4,0x8000A920,call
0x80057F48,0x80057FD4,0x8000A920,call
0x80057F48,0x80057FEC,0x8000A920,call
0x80057F48,0x80057FF8,0x8000A920,call
0x80057F48,0x80058018,0x8000A920,call
0x80057F48,0x80058030,0x8000A920,call
0x80057F48,0x8005803C,0x8000A920,call
0x80058058,0x80058338,0x8002F054,call
0x80058058,0x800584E8,0x8000A920,call
0x80058058,0x80058500,0x8000A920,call
0x80058058,0x8005850C,0x8000A920,call
0x80058058,0x80058530,0x8000A920,call
0x80058058,0x80058548,0x8000A920,call
0x80058058,0x80058554,0x8000A920,call
0x80058058,0x80058568,0x8002F054,call
0x80058058,0x80058600,0x80082BE0,call
0x80058058,0x80058694,0x80082BE0,call
0x80058058,0x80058764,0x80082BE0,call
0x80058058,0x8005884C,0x80082BE0,call
0x80058058,0x800588A4,0x80082BE0,call
0x80058058,0x800589CC,0x80082BE0,call
0x80058058,0x80058A64,0x80082BE0,call
0x80058058,0x80058BA8,0x80082BE0,call
0x80058058,0x80058EE4,0x8003EC40,call
0x80058058,0x80059018,0x8003EC40,call
0x80058058,0x8005920C,0x8003EC40,call
0x80058058,0x800592A0,0x80082BE0,call
0x80058058,0x800593F8,0x8003EC40,call
0x80058058,0x80059494,0x80082BE0,call
0x80058058,0x80059594,0x8003EC40,call
0x80058058,0x800595D0,0x80008B14,call
0x80058058,0x8005964C,0x80082BE0,call
0x80058058,0x8005974C,0x8003EC40,call
0x80058058,0x80059760,0x8002F054,call
0x80058058,0x800597C4,0x80008B14,call
0x80058058,0x80059818,0x80008B14,call
0x80058058,0x80059864,0x80008B14,call
0x80058058,0x800598D8,0x80008B14,call
0x80058058,0x80059920,0x80008B14,call
0x80058058,0x80059A60,0x8000A920,call
0x80058058,0x80059AC8,0x8000AA04,call
0x80058058,0x80059B00,0x8000AA04,call
0x80058058,0x80059B18,0x8000AAC0,call
0x80058058,0x80059BD4,0x8000AB24,call
0x80058058,0x80059C74,0x8000A920,call
0x80058058,0x80059CCC,0x8000AA04,call
0x80058058,0x80059CE4,0x8000AAC0,call
0x80058058,0x80059D30,0x8000AB24,call
0x80058058,0x80059D6C,0x8000A920,call
0x80058058,0x80059DA0,0x8000AA04,call
0x80058058,0x80059DB8,0x8000AAC0,call
0x80058058,0x80059E04,0x8000AB24,call
0x80059E54,0x80059E78,0x80051FF4,call
0x80059E54,0x80059EC8,0x8000A920,call
0x80059E54,0x80059EF8,0x8000A920,call
0x80059E54,0x80059F24,0x8000A920,call
0x80059E54,0x8005A01C,0x8008A6B4,call
0x80059E54,0x8005A048,0x8003EC40,call
0x80059E54,0x8005A060,0x8008A6B4,call
0x80059E54,0x8005A08C,0x8003EC40,call
0x80059E54,0x8005A0D0,0x80082BE0,call
0x80059E54,0x8005A26C,0x8003F084,call
0x80059E54,0x8005A2E4,0x80082BE0,call
0x80059E54,0x8005A440,0x80082BE0,call
0x80059E54,0x8005A5C4,0x8008A6B4,call
0x80059E54,0x8005A5F0,0x8003EC40,call
0x80059E54,0x8005A62C,0x8003F084,call
0x80059E54,0x8005A6BC,0x80082BE0,call
0x80059E54,0x8005A818,0x80082BE0,call
0x80059E54,0x8005A978,0x80082BE0,call
0x80059E54,0x8005AAE0,0x8008A6B4,call
0x80059E54,0x8005AB10,0x8003EC40,call
0x80059E54,0x8005AB40,0x8003EC40,call
0x80059E54,0x8005AB80,0x8000A920,call
0x80059E54,0x8005AB8C,0x8000A920,call
0x80059E54,0x8005AB98,0x8000A920,call
0x80059E54,0x8005ACBC,0x80087814,call
0x80059E54,0x8005ACDC,0x8000A920,call
0x80059E54,0x8005ACFC,0x8000AA04,call
0x80059E54,0x8005AD30,0x8000A920,call
0x80059E54,0x8005AD50,0x8000AA04,call
0x80059E54,0x8005AD84,0x8000A920,call
0x80059E54,0x8005ADA4,0x8000AA04,call
0x80059E54,0x8005AE20,0x80082BE0,call
0x80059E54,0x8005AF7C,0x80082BE0,call
0x80059E54,0x8005B0DC,0x80082BE0,call
0x80059E54,0x8005B244,0x8008A6B4,call
0x80059E54,0x8005B274,0x8003EC40,call
0x80059E54,0x8005B2A8,0x8003EC40,call
0x8005B2D0,0x8005B368,0x800183A8,call
0x8005B3F0,0x8005B464,0x80059E54,call
0x8005B3F0,0x8005B4A8,0x800181BC,call
0x8005B3F0,0x8005B4B0,0x80057F48,call
0x8005B3F0,0x8005B4D4,0x8005B2D0,call
0x8005B3F0,0x8005B510,0x800181BC,call
0x8005B3F0,0x8005B530,0x8003B184,call
0x8005B3F0,0x8005B53C,0x80015288,call
0x8005B3F0,0x8005B58C,0x800181BC,call
0x8005B3F0,0x8005B598,0x800573E8,call
0x8005B3F0,0x8005B5A0,0x80051FF4,call
0x8005B3F0,0x8005B5C8,0x80058058,call
0x8005B3F0,0x8005B5D8,0x80058058,call
0x8005B3F0,0x8005B5E8,0x80058058,call
0x8005B3F0,0x8005B614,0x80082BE0,call
0x8005B3F0,0x8005B6EC,0x8003EC40,call
0x8005B708,0x8005B718,0x8003F800,call
0x8005B708,0x8005B73C,0x80008B14,call
0x8005B708,0x8005B744,0x80053300,call
0x8005B708,0x8005B74C,0x8005C36C,call
0x8005B764,0x8005B76C,0x80053220,call
0x8005B764,0x8005B780,0x8003F800,call
0x8005B810,0x8005B824,0x8000A920,call
0x8005B810,0x8005B830,0x8000A920,call
0x8005B810,0x8005B83C,0x8000A920,call
0x8005B810,0x8005B8A8,0x80082BE0,call
0x8005B810,0x8005B904,0x80082BE0,call
0x8005B810,0x8005B960,0x80082BE0,call
0x8005B810,0x8005B9B0,0x8000A920,call
0x8005B810,0x8005B9C0,0x8000AA04,call
0x8005B810,0x8005B9DC,0x8000AAC0,call
0x8005B810,0x8005BA0C,0x8000AB24,call
0x8005B810,0x8005BA30,0x8000EA4C,call
0x8005B810,0x8005BA54,0x80008B14,call
0x8005B810,0x8005BAC0,0x80082BE0,call
0x8005B810,0x8005BB1C,0x80082BE0,call
0x8005B810,0x8005BB78,0x80082BE0,call
0x8005B810,0x8005BBC8,0x8000A920,call
0x8005B810,0x8005BBD8,0x8000AA04,call
0x8005B810,0x8005BBF4,0x8000AAC0,call
0x8005B810,0x8005BC24,0x8000AB24,call
0x8005B810,0x8005BC4C,0x8000EA4C,call
0x8005B810,0x8005BC70,0x80008B14,call
0x8005B810,0x8005BCD0,0x80082BE0,call
0x8005B810,0x8005BD2C,0x80082BE0,call
0x8005B810,0x8005BD88,0x80082BE0,call
0x8005B810,0x8005BDD8,0x8000A920,call
0x8005B810,0x8005BDE8,0x8000AA04,call
0x8005B810,0x8005BE04,0x8000AAC0,call
0x8005B810,0x8005BE34,0x8000AB24,call
0x8005B810,0x8005BE5C,0x8000EA4C,call
0x8005B810,0x8005BE80,0x80008B14,call
0x8005B810,0x8005BED0,0x8000EA4C,call
0x8005B810,0x8005BEF4,0x8000EA4C,call
0x8005B810,0x8005BF18,0x8000EA4C,call
0x8005B810,0x8005BF3C,0x8000EA4C,call
0x8005B810,0x8005BF60,0x8000EA4C,call
0x8005B810,0x8005BF84,0x8000EA4C,call
0x8005B810,0x8005BFCC,0x8000EA4C,call
0x8005B810,0x8005BFF0,0x8000EA4C,call
0x8005B810,0x8005C014,0x8000EA4C,call
0x8005B810,0x8005C038,0x8000EA4C,call
0x8005B810,0x8005C05C,0x8000EA4C,call
0x8005B810,0x8005C080,0x8000EA4C,call
0x8005B810,0x8005C0D4,0x8000EA4C,call
0x8005B810,0x8005C0F8,0x8000EA4C,call
0x8005B810,0x8005C11C,0x8000EA4C,call
0x8005B810,0x8005C144,0x8000EA4C,call
0x8005B810,0x8005C164,0x80082BE0,call
0x8005B810,0x8005C1BC,0x8000EA4C,call
0x8005B810,0x8005C1F4,0x8000EA4C,call
0x8005C210,0x8005C298,0x8000FEAC,call
0x8005C210,0x8005C30C,0x8000FEAC,call
0x8005C210,0x8005C31C,0x8000FEAC,call
0x8005C36C,0x8005C3B4,0x80051D2C,call
0x8005C36C,0x8005C3E0,0x80008B14,call
0x8005C36C,0x8005C40C,0x80008B14,call
0x8005C36C,0x8005C438,0x80008B14,call
0x8005C36C,0x8005C468,0x80008B14,call
0x8005C36C,0x8005C488,0x80008B14,call
0x8005C36C,0x8005C520,0x8002F060,call
0x8005C36C,0x8005C554,0x80009744,call
0x8005C36C,0x8005C56C,0x80009744,call
0x8005C36C,0x8005C57C,0x80051FF4,call
0x8005C36C,0x8005C58C,0x80009744,call
0x8005C36C,0x8005C59C,0x80056464,call
0x8005C36C,0x8005C688,0x8000AB24,call
0x8005C36C,0x8005C698,0x8000AB24,call
0x8005C36C,0x8005C79C,0x8000AB24,call
0x8005C36C,0x8005C7AC,0x8000AB24,call
0x8005C36C,0x8005C894,0x8000AB24,call
0x8005C36C,0x8005C8A4,0x8000A920,call
0x8005C36C,0x8005C8E8,0x8000AB24,call
0x8005C36C,0x8005C9C4,0x8000AB24,call
0x8005C36C,0x8005C9D4,0x8000AB24,call
0x8005C36C,0x8005CA30,0x8008A6B4,call
0x8005C36C,0x8005CA40,0x8003ECB0,call
0x8005C36C,0x8005CA4C,0x80052A08,call
0x8005C36C,0x8005CA98,0x8000FEAC,call
0x8005C36C,0x8005CAE4,0x8000A920,call
0x8005C36C,0x8005CAF0,0x8000A920,call
0x8005C36C,0x8005CAFC,0x8000A920,call
0x8005C36C,0x8005CB18,0x8000A920,call
0x8005C36C,0x8005CB48,0x80057ED4,call
0x8005C36C,0x8005CB78,0x8005B3F0,call
0x8005C36C,0x8005CB90,0x8005B3F0,call
0x8005C36C,0x8005CBAC,0x800547EC,call
0x8005C36C,0x8005CBB4,0x8005C210,call
0x8005C36C,0x8005CBBC,0x8005B810,call
0x8005CBD8,0x8005CCBC,0x8000AEFC,call
0x8005CBD8,0x8005CDB4,0x8002F1E4,call
0x8005CBD8,0x8005CDD0,0x8003FA24,call
0x8005CBD8,0x8005CE00,0x8003F974,call
0x8005CBD8,0x8005CE6C,0x8003F99C,call
0x8005CBD8,0x8005CEB4,0x80051C80,call
0x8005CBD8,0x8005CED4,0x80051C80,call
0x8005CBD8,0x8005CFE4,0x80060880,call
0x8005CBD8,0x8005D020,0x800811CC,call
0x8005CBD8,0x8005D05C,0x8000AB24,call
0x8005CBD8,0x8005D064,0x80009B8C,call
0x8005CBD8,0x8005D070,0x80052A08,call
0x8005CBD8,0x8005D0A4,0x80031560,call
0x8005D10C,0x8005D15C,0x8000FD74,call
0x8005D10C,0x8005D18C,0x8000FD74,call
0x8005D10C,0x8005D1D0,0x8000FD74,call
0x8005D10C,0x8005D208,0x8000FD74,call
0x8005D10C,0x8005D244,0x8000FD74,call
0x8005D10C,0x8005D27C,0x8000FD74,call
0x8005D10C,0x8005D2B0,0x8000FD74,call
0x8005D10C,0x8005D2F0,0x8000FD74,call
0x8005D324,0x8005D350,0x80011928,call
0x8005D324,0x8005D378,0x80030154,call
0x8005D324,0x8005D388,0x8000A44C,call
0x8005D324,0x8005D39C,0x8000A44C,call
0x8005D324,0x8005D3A4,0x80030154,call
0x8005D324,0x8005D3B4,0x8000A44C,call
0x8005D324,0x8005D3C0,0x8000A44C,call
0x8005D324,0x8005D3CC,0x8000A44C,call
0x8005D324,0x8005D3D8,0x8000A44C,call
0x8005D324,0x8005D3E4,0x8000A44C,call
0x8005D324,0x8005D3F0,0x8000A44C,call
0x8005D324,0x8005D3FC,0x8000A44C,call
0x8005D324,0x8005D410,0x8000A44C,call
0x8005D324,0x8005D41C,0x8000A44C,call
0x8005D324,0x8005D428,0x8000A44C,call
0x8005D324,0x8005D434,0x8000A44C,call
0x8005D324,0x8005D440,0x8000A44C,call
0x8005D324,0x8005D44C,0x8000A44C,call
0x8005D324,0x8005D458,0x8000A44C,call
0x8005D324,0x8005D460,0x80030154,call
0x8005D324,0x8005D470,0x8000A44C,call
0x8005D324,0x8005D488,0x8000A44C,call
0x8005D324,0x8005D494,0x8000AC34,call
0x8005D324,0x8005D4A0,0x8000AC60,call
0x8005D324,0x8005D4C4,0x8000AC34,call
0x8005D324,0x8005D4D8,0x8000AC60,call
0x8005D324,0x8005D500,0x8000AC34,call
0x8005D324,0x8005D50C,0x8000AC60,call
0x8005D324,0x8005D530,0x8000AC34,call
0x8005D324,0x8005D544,0x8000AC60,call
0x8005D324,0x8005D5C4,0x8000FCBC,call
0x8005D324,0x8005D5D8,0x8005D10C,call
0x8005D324,0x8005D7F0,0x8000FCBC,call
0x8005D324,0x8005D808,0x8005D10C,call
0x8005D324,0x8005D844,0x80011814,call
0x8005D324,0x8005D854,0x800117E4,call
0x8005D324,0x8005D85C,0x800117A4,call
0x8005D324,0x8005D864,0x80030154,call
0x8005D324,0x8005D88C,0x8000A44C,call
0x8005D324,0x8005D8A0,0x8000AC34,call
0x8005D324,0x8005D8B4,0x8000AC60,call
0x8005D324,0x8005D8C0,0x80011824,call
0x8005D324,0x8005D90C,0x8000A44C,call
0x8005D324,0x8005D920,0x8000AC34,call
0x8005D324,0x8005D934,0x8000AC60,call
0x8005D324,0x8005D940,0x80011824,call
0x8005D324,0x8005D978,0x80011778,call
0x8005D324,0x8005D994,0x800117A4,call
0x8005D324,0x8005D9BC,0x80011764,call
0x8005D324,0x8005D9C4,0x800117A4,call
0x8005D324,0x8005D9EC,0x80011764,call
0x8005D324,0x8005D9F4,0x800117A4,call
0x8005D324,0x8005DA00,0x8000FCA4,call
0x8005D324,0x8005DA14,0x80011778,call
0x8005D324,0x8005DA24,0x800117E4,call
0x8005D324,0x8005DA3C,0x800117A4,call
0x8005D324,0x8005DA54,0x80011764,call
0x8005D324,0x8005DA70,0x80011764,call
0x8005D324,0x8005DA78,0x800117A4,call
0x8005D324,0x8005DA88,0x800117F0,call
0x8005D324,0x8005DAAC,0x80030154,call
0x8005D324,0x8005DAB8,0x80030154,call
0x8005D324,0x8005DAF0,0x8000A44C,call
0x8005D324,0x8005DB04,0x8000AC34,call
0x8005D324,0x8005DB18,0x8000AC60,call
0x8005D324,0x8005DB40,0x8000A44C,call
0x8005D324,0x8005DB54,0x8000AC34,call
0x8005D324,0x8005DB68,0x8000AC60,call
0x8005D324,0x8005DB78,0x80010014,call
0x8005DBAC,0x8005DBC4,0x8000A4D8,call
0x8005DBAC,0x8005DBCC,0x80030154,call
0x8005DBAC,0x8005DBD8,0x80030154,call
0x8005DBAC,0x8005DBF8,0x80030154,call
0x8005DBAC,0x8005DC04,0x8000A44C,call
0x8005DBAC,0x8005DC0C,0x80030154,call
0x8005DBAC,0x8005DC18,0x8000A44C,call
0x8005DBAC,0x8005DC20,0x80030154,call
0x8005DBAC,0x8005DC30,0x8000A44C,call
0x8005DBAC,0x8005DC3C,0x8000A44C,call
0x8005DBAC,0x8005DC48,0x8000AC34,call
0x8005DBAC,0x8005DC50,0x80030154,call
0x8005DBAC,0x8005DC5C,0x8000A44C,call
0x8005DBAC,0x8005DC64,0x80030154,call
0x8005DBAC,0x8005DC70,0x8000A44C,call
0x8005DBAC,0x8005DC7C,0x8000A44C,call
0x8005DBAC,0x8005DC88,0x8000A44C,call
0x8005DBAC,0x8005DC90,0x80030154,call
0x8005DBAC,0x8005DCA0,0x8000A44C,call
0x8005DBAC,0x8005DCAC,0x8000A44C,call
0x8005DBAC,0x8005DCB4,0x80030154,call
0x8005DBAC,0x8005DCC4,0x8000A44C,call
0x8005DBAC,0x8005DCD0,0x8000A44C,call
0x8005DBAC,0x8005DCD8,0x80030154,call
0x8005DBAC,0x8005DCE4,0x8000A44C,call
0x8005DBAC,0x8005DCF0,0x8000A44C,call
0x8005DBAC,0x8005DCF8,0x80030154,call
0x8005DBAC,0x8005DD04,0x8000A44C,call
0x8005DBAC,0x8005DD20,0x8000AC34,call
0x8005DBAC,0x8005DD34,0x80030154,call
0x8005DBAC,0x8005DD44,0x80030154,call
0x8005DBAC,0x8005DD54,0x8000A44C,call
0x8005DBAC,0x8005DD60,0x8000A44C,call
0x8005DBAC,0x8005DD68,0x80030154,call
0x8005DBAC,0x8005DD74,0x8000A44C,call
0x8005DBAC,0x8005DD7C,0x80030154,call
0x8005DBAC,0x8005DD88,0x8000A44C,call
0x8005DBAC,0x8005DD90,0x80030154,call
0x8005DBAC,0x8005DD9C,0x8000A44C,call
0x8005DBAC,0x8005DDB8,0x8000AC34,call
0x8005DBAC,0x8005DDD0,0x8000A44C,call
0x8005DBAC,0x8005DDDC,0x8000A44C,call
0x8005DBAC,0x8005DDE4,0x80030154,call
0x8005DBAC,0x8005DDF0,0x8000A44C,call
0x8005DBAC,0x8005DDF8,0x80030154,call
0x8005DBAC,0x8005DE04,0x8000A44C,call
0x8005DBAC,0x8005DE1C,0x8000AC34,call
0x8005DBAC,0x8005DE38,0x8000A44C,call
0x8005DBAC,0x8005DE44,0x8000A44C,call
0x8005DBAC,0x8005DE50,0x8000AC34,call
0x8005DBAC,0x8005DE5C,0x8000A44C,call
0x8005DBAC,0x8005DE68,0x8000AC34,call
0x8005DBAC,0x8005DE80,0x8000AC34,call
0x8005DBAC,0x8005DE98,0x80030154,call
0x8005DBAC,0x8005DEA4,0x8000A44C,call
0x8005DBAC,0x8005DEB0,0x8000AC34,call
0x8005DBAC,0x8005DEB8,0x80030154,call
0x8005DBAC,0x8005DEC4,0x8000A44C,call
0x8005DBAC,0x8005DED0,0x8000AC34,call
0x8005DBAC,0x8005DED8,0x80030154,call
0x8005DBAC,0x8005DEE4,0x8000A44C,call
0x8005DBAC,0x8005DEF0,0x8000AC34,call
0x8005DBAC,0x8005DEF8,0x80030154,call
0x8005DBAC,0x8005DF04,0x8000A44C,call
0x8005DBAC,0x8005DF10,0x8000AC34,call
0x8005DBAC,0x8005DF18,0x80030154,call
0x8005DBAC,0x8005DF24,0x8000A44C,call
0x8005DBAC,0x8005DF30,0x8000AC34,call
0x8005DBAC,0x8005DF38,0x80030154,call
0x8005DBAC,0x8005DF44,0x8000A44C,call
0x8005DBAC,0x8005DF50,0x8000AC34,call
0x8005DBAC,0x8005DF58,0x80030154,call
0x8005DBAC,0x8005DF68,0x8000A44C,call
0x8005DBAC,0x8005DF74,0x8000A44C,call
0x8005DBAC,0x8005DF80,0x8000AC34,call
0x8005DBAC,0x8005DF9C,0x8000A44C,call
0x8005DBAC,0x8005DFA8,0x8000A44C,call
0x8005DBAC,0x8005DFB4,0x8000AC34,call
0x8005DBAC,0x8005DFBC,0x80030154,call
0x8005DBAC,0x8005DFCC,0x8000A44C,call
0x8005DBAC,0x8005DFD8,0x8000A44C,call
0x8005DBAC,0x8005DFE4,0x8000AC34,call
0x8005DBAC,0x8005E000,0x8000A44C,call
0x8005DBAC,0x8005E00C,0x8000A44C,call
0x8005DBAC,0x8005E018,0x8000AC34,call
0x8005DBAC,0x8005E020,0x80030154,call
0x8005DBAC,0x8005E030,0x8000A44C,call
0x8005DBAC,0x8005E03C,0x8000A44C,call
0x8005DBAC,0x8005E048,0x8000AC34,call
0x8005DBAC,0x8005E068,0x8000A44C,call
0x8005DBAC,0x8005E074,0x8000A44C,call
0x8005DBAC,0x8005E080,0x8000AC34,call
0x8005DBAC,0x8005E088,0x80030154,call
0x8005DBAC,0x8005E098,0x8000A44C,call
0x8005DBAC,0x8005E0A4,0x8000A44C,call
0x8005DBAC,0x8005E0C4,0x8000A44C,call
0x8005DBAC,0x8005E0D0,0x8000A44C,call
0x8005DBAC,0x8005E0E4,0x80030154,call
0x8005DBAC,0x8005E0FC,0x8000A44C,call
0x8005DBAC,0x8005E12C,0x8000A44C,call
0x8005DBAC,0x8005E15C,0x8000A44C,call
0x8005DBAC,0x8005E178,0x8005D324,call
0x8005DBAC,0x8005E184,0x8005D310,call
0x8005E1A4,0x8005E41C,0x8002FAFC,call
0x8005E1A4,0x8005E428,0x80030274,call
0x8005E1A4,0x8005E430,0x8002FAFC,call
0x8005E1A4,0x8005E4E8,0x8003B250,call
0x8005E1A4,0x8005E508,0x8003B184,call
0x8005E1A4,0x8005E550,0x80006E60,call
0x8005E1A4,0x8005E594,0x8000AEFC,call
0x8005E1A4,0x8005E5A4,0x8000B02C,call
0x8005E1A4,0x8005E5F0,0x8000AEFC,call
0x8005E1A4,0x8005E600,0x8000B02C,call
0x8005E1A4,0x8005E820,0x800181BC,call
0x8005E1A4,0x8005E890,0x800181BC,call
0x8005E1A4,0x8005E998,0x80038DBC,call
0x8005E1A4,0x8005E9BC,0x80038DF8,call
0x8005E1A4,0x8005E9CC,0x80086CC8,call
0x8005E1A4,0x8005E9DC,0x80038DBC,call
0x8005EA0C,0x8005EA14,0x800305E8,call
0x8005EA0C,0x8005EA20,0x80030964,call
0x8005EA0C,0x8005EA38,0x800305E8,call
0x8005EA0C,0x8005EA44,0x80030964,call
0x8005EA70,0x8005EA84,0x80030298,call
0x8005EA70,0x8005EA90,0x8003FC94,call
0x8005EA70,0x8005EAA4,0x8007E0EC,call
0x8005EAC0,0x8005EAFC,0x80030298,call
0x8005EAC0,0x8005EB04,0x8003FC94,call
0x8005EAC0,0x8005EB2C,0x800305E8,call
0x8005EAC0,0x8005EB58,0x80018324,call
0x8005EAC0,0x8005EB8C,0x800181BC,call
0x8005EAC0,0x8005EBC0,0x80018324,call
0x8005EAC0,0x8005EBE0,0x8007B41C,call
0x8005EC18,0x8005EC54,0x80030298,call
0x8005EC18,0x8005EC5C,0x8003FC94,call
0x8005EC18,0x8005EC84,0x800305E8,call
0x8005EC18,0x8005ECB0,0x80018324,call
0x8005EC18,0x8005ECE4,0x800181BC,call
0x8005EC18,0x8005ED18,0x80018324,call
0x8005EC18,0x8005ED38,0x80065804,call
0x8005ED70,0x8005ED84,0x800305E8,call
0x8005ED70,0x8005ED8C,0x80030964,call
0x8005ED70,0x8005ED94,0x800305E8,call
0x8005ED70,0x8005EDA4,0x80030964,call
0x8005ED70,0x8005EDC8,0x80073640,call
0x8005ED70,0x8005EDF4,0x800181BC,call
0x8005ED70,0x8005EE00,0x80017874,call
0x8005EE18,0x8005EEB8,0x8000FF54,call
0x8005EF08,0x8005EF3C,0x80018324,call
0x8005EF08,0x8005EF5C,0x8002FAFC,call
0x8005EF08,0x8005EF68,0x80008F28,call
0x8005EF08,0x8005EF74,0x800305E8,call
0x8005EF08,0x8005EF80,0x80030964,call
0x8005EF08,0x8005EFD0,0x80030B68,call
0x8005EF08,0x8005EFD8,0x8002FAFC,call
0x8005EF08,0x8005EFF4,0x8005EAC0,call
0x8005EF08,0x8005EFFC,0x8005EC18,call
0x8005EF08,0x8005F004,0x8005ED70,call
0x8005EF08,0x8005F014,0x8005E1A4,call
0x8005EF08,0x8005F01C,0x8005EE18,call
0x8005EF08,0x8005F044,0x800305E8,call
0x8005EF08,0x8005F050,0x80030964,call
0x8005EF08,0x8005F084,0x800181BC,call
0x8005EF08,0x8005F09C,0x8005EA0C,call
0x8005EF08,0x8005F0A4,0x800305E8,call
0x8005EF08,0x8005F0F8,0x800181BC,call
0x8005EF08,0x8005F11C,0x800305E8,call
0x8005EF08,0x8005F128,0x80030964,call
0x8005EF08,0x8005F154,0x800181BC,call
0x8005EF08,0x8005F16C,0x800305E8,call
0x8005EF08,0x8005F19C,0x800181BC,call
0x8005EF08,0x8005F1A4,0x800305E8,call
0x8005EF08,0x8005F1D4,0x800181BC,call
0x8005EF08,0x8005F1F4,0x80018324,call
0x8005EF08,0x8005F22C,0x80018324,call
0x8005EF08,0x8005F25C,0x8005EA70,call
0x8005EF08,0x8005F268,0x80087754,call
0x8005EF08,0x8005F2C4,0x800877AC,call
0x8005EF08,0x8005F2D0,0x800877AC,call
0x8005EF08,0x8005F2DC,0x800877AC,call
0x8005EF08,0x8005F2EC,0x80005B1C,call
0x8005EF08,0x8005F304,0x800834DC,call
0x8005F33C,0x8005F3A4,0x8003B184,call
0x8005F33C,0x8005F4A4,0x800155EC,call
0x8005F33C,0x8005F4BC,0x800155EC,call
0x8005F4D8,0x8005F560,0x8003FBD4,call
0x8005F4D8,0x8005F5DC,0x80018324,call
0x8005F4D8,0x8005F628,0x80017874,call
0x8005F4D8,0x8005F640,0x80017BA8,call
0x8005F4D8,0x8005F674,0x8005F31C,call
0x8005F4D8,0x8005F684,0x8005F31C,call
0x8005F4D8,0x8005F6A4,0x800181BC,call
0x8005F4D8,0x8005F6C4,0x800181BC,call
0x8005F4D8,0x8005F6D4,0x8005F31C,call
0x8005F4D8,0x8005F6E4,0x8005F31C,call
0x8005F4D8,0x8005F744,0x800181BC,call
0x8005F4D8,0x8005F760,0x8005F33C,call
0x8005F4D8,0x8005F768,0x80051FF4,call
0x8005F4D8,0x8005F7AC,0x80072AD0,call
0x8005F4D8,0x8005F904,0x80086CA0,call
0x8005F4D8,0x8005F92C,0x8000AEFC,call
0x8005F948,0x8005F988,0x8003B250,call
0x8005F948,0x8005F9A4,0x8003B184,call
0x8005F9CC,0x8005F9D8,0x8002FAFC,call
0x8005F9CC,0x8005F9E4,0x80030274,call
0x8005F9CC,0x8005F9EC,0x8002FAFC,call
0x8005F9CC,0x8005FA14,0x800801B8,call
0x8005F9CC,0x8005FA1C,0x8005F948,call
0x8005FA38,0x8005FAE4,0x80080D08,call
0x8005FA38,0x8005FB84,0x80016F0C,call
0x8005FA38,0x8005FC04,0x80017D18,call
0x8005FA38,0x8005FC5C,0x80016F0C,call
0x8005FA38,0x8005FCD0,0x80017D18,call
0x8005FA38,0x8005FDA8,0x80016F0C,call
0x8005FA38,0x8005FE2C,0x80017D18,call
0x8005FA38,0x8005FFB0,0x80017824,call
0x8005FA38,0x8005FFBC,0x80017BA8,call
0x8005FA38,0x8005FFE0,0x8000EA4C,call
0x8005FA38,0x80060000,0x800181BC,call
0x80060030,0x80060088,0x80086A20,call
0x800600A0,0x800600D0,0x8002FAFC,call
0x800600A0,0x800600F4,0x80030298,call
0x800600A0,0x800600FC,0x8003FC94,call
0x800600A0,0x80060104,0x8002FAFC,call
0x800600A0,0x80060214,0x8002FAFC,call
0x800600A0,0x800602F4,0x800305E8,call
0x800600A0,0x80060340,0x800305E8,call
0x800600A0,0x80060370,0x80030A7C,call
0x800600A0,0x800603B0,0x800305E8,call
0x800600A0,0x80060404,0x800305E8,call
0x800600A0,0x80060420,0x8002FAFC,call
0x800600A0,0x800604B4,0x80082BE0,call
0x800600A0,0x80060610,0x8005F4D8,call
0x80060880,0x800608B8,0x80087E80,call
0x80060880,0x800608C4,0x80089C34,call
0x80060880,0x800608CC,0x8002E770,call
0x80060880,0x800608D8,0x80089BB0,call
0x80060880,0x80060918,0x8002FA00,call
0x80060880,0x80060920,0x8002FAFC,call
0x80060880,0x8006093C,0x80036F7C,call
0x80060880,0x80060944,0x80005B80,call
0x80060880,0x8006094C,0x80011838,call
0x80060880,0x80060954,0x8000FEF0,call
0x80060880,0x8006095C,0x8000FE1C,call
0x80060880,0x80060964,0x8000FE78,call
0x80060880,0x80060B10,0x8005EF08,call
0x80060880,0x80060B1C,0x8005DBAC,call
0x80060880,0x80060B24,0x8005F9CC,call
0x80060880,0x80060B2C,0x8005FA38,call
0x80060880,0x80060B34,0x80060030,call
0x80060880,0x80060B3C,0x80060668,call
0x80060880,0x80060B48,0x800600A0,call
0x80060880,0x80060B50,0x80009F6C,call
0x80060880,0x80060B5C,0x8000955C,call
0x80060880,0x80060B70,0x8002FAFC,call
0x80060880,0x80060B80,0x8002FC58,call
0x80060880,0x80060C48,0x8002FB90,call
0x80060C6C,0x80060CB0,0x800181BC,call
0x80060C6C,0x80060CF4,0x800181BC,call
0x80060C6C,0x80060D54,0x80086CC8,call
0x80060D70,0x80060D8C,0x80009524,call
0x80060D70,0x80060D9C,0x80009524,call
0x80060D70,0x80060DCC,0x800093B0,call
0x80060DE4,0x80060E80,0x800636D0,call
0x80060DE4,0x80060F3C,0x80082BE0,call
0x80060DE4,0x800610D8,0x80082BE0,call
0x80060DE4,0x80061130,0x80008B14,call
0x80060DE4,0x80061144,0x80008B14,call
0x80060DE4,0x800611E0,0x80082BE0,call
0x80060DE4,0x80061288,0x8001535C,call
0x80060DE4,0x800612B4,0x80014F54,call
0x80060DE4,0x8006144C,0x80009524,call
0x80060DE4,0x80061488,0x80082BE0,call
0x80060DE4,0x800614C0,0x80082BE0,call
0x80060DE4,0x80061538,0x800093B0,call
0x80060DE4,0x80061558,0x800093B0,call
0x80060DE4,0x8006156C,0x80082BE0,call
0x80060DE4,0x800615A0,0x80082BE0,call
0x80060DE4,0x80061618,0x800093B0,call
0x80060DE4,0x80061638,0x800093B0,call
0x80060DE4,0x8006164C,0x80082BE0,call
0x80060DE4,0x800616AC,0x800093B0,call
0x80060DE4,0x80061708,0x80082BE0,call
0x80060DE4,0x80061800,0x80082BE0,call
0x80060DE4,0x8006186C,0x80060D70,call
0x80060DE4,0x80061888,0x800093B0,call
0x80060DE4,0x800618A4,0x8003F800,call
0x80060DE4,0x800618C0,0x80060DE4,call
0x80060DE4,0x800618E0,0x80060DE4,call
0x80060DE4,0x800618F8,0x80082BE0,call
0x80060DE4,0x80061964,0x80060D70,call
0x80060DE4,0x80061980,0x800093B0,call
0x80060DE4,0x8006199C,0x8003F800,call
0x80060DE4,0x800619B8,0x80060DE4,call
0x80060DE4,0x800619D8,0x80060DE4,call
0x80060DE4,0x80061A34,0x80082BE0,call
0x80060DE4,0x80061A7C,0x80060D70,call
0x80060DE4,0x80061A90,0x80082BE0,call
0x80060DE4,0x80061AD8,0x80060D70,call
0x80060DE4,0x80061AEC,0x80082BE0,call
0x80060DE4,0x80061B4C,0x80060D70,call
0x80060DE4,0x80061B70,0x80060D70,call
0x80060DE4,0x80061B88,0x80082BE0,call
0x80060DE4,0x80061C00,0x80082BE0,call
0x80060DE4,0x80061C68,0x80082BE0,call
0x80060DE4,0x80061CB4,0x80060D70,call
0x80060DE4,0x80061CD8,0x80082BE0,call
0x80060DE4,0x80061D24,0x80060D70,call
0x80060DE4,0x80061D48,0x80082BE0,call
0x80060DE4,0x80061D94,0x80060D70,call
0x80060DE4,0x80061DB8,0x80082BE0,call
0x80060DE4,0x80061E04,0x80060D70,call
0x80060DE4,0x80061E28,0x80082BE0,call
0x80060DE4,0x80061E60,0x80082BE0,call
0x80060DE4,0x80061EC0,0x80060D70,call
0x80060DE4,0x80061EE4,0x80060D70,call
0x80060DE4,0x80062168,0x80063344,call
0x80060DE4,0x8006222C,0x8003398C,call
0x80060DE4,0x80062254,0x80033928,call
0x80062270,0x800622AC,0x8003365C,call
0x80062270,0x800622BC,0x80033590,call
0x80062270,0x800622CC,0x80063344,call
0x80062270,0x800622F8,0x80033B94,call
0x80062270,0x80062318,0x80060DE4,call
0x80062270,0x80062328,0x80033B94,call
0x80062270,0x80062348,0x80060DE4,call
0x80062270,0x80062368,0x8006373C,call
0x80062270,0x80062388,0x80033B94,call
0x80062270,0x800623B0,0x80060DE4,call
0x80062270,0x800623C0,0x80033B94,call
0x80062270,0x800623E0,0x80060DE4,call
0x80062270,0x80062404,0x80008B14,call
0x80062270,0x8006240C,0x80082BE0,call
0x80062270,0x80062448,0x80033B94,call
0x80062270,0x8006247C,0x80060DE4,call
0x80062270,0x8006248C,0x80033B94,call
0x80062270,0x800624AC,0x80060DE4,call
0x80062270,0x800624BC,0x80033B94,call
0x80062270,0x800624DC,0x80060DE4,call
0x80062270,0x800624EC,0x80063EF4,call
0x80062270,0x800624F4,0x800636D0,call
0x80062270,0x80062508,0x80033B94,call
0x80062270,0x80062538,0x80063E4C,call
0x80062270,0x80062550,0x80033B94,call
0x80062270,0x8006256C,0x80063E4C,call
0x80062270,0x80062584,0x80033B94,call
0x80062270,0x800625A4,0x80060DE4,call
0x80062270,0x800625B4,0x80033B94,call
0x80062270,0x80062600,0x80060DE4,call
0x80062270,0x80062610,0x80033B94,call
0x80062270,0x80062630,0x80060DE4,call
0x80062270,0x80062648,0x8001535C,call
0x80062270,0x80062660,0x80014F54,call
0x80062270,0x8006266C,0x800636D0,call
0x80062270,0x8006267C,0x80063E4C,call
0x80062270,0x8006268C,0x80060DE4,call
0x80062270,0x800626AC,0x80063B60,call
0x80062270,0x800626BC,0x8006373C,call
0x80062270,0x800626D4,0x80033B94,call
0x80062270,0x80062700,0x80033B94,call
0x80062270,0x80062718,0x80033928,call
0x80062270,0x80062750,0x80033928,call
0x80062270,0x80062758,0x80063E4C,call
0x80062270,0x80062768,0x80060DE4,call
0x80062270,0x80062778,0x80082BE0,call
0x80062270,0x800627DC,0x80015630,call
0x80062270,0x800627E8,0x80033878,call
0x80062270,0x800627F8,0x80033B94,call
0x80062270,0x80062818,0x80082BE0,call
0x80062270,0x80062854,0x80060DE4,call
0x80062270,0x8006286C,0x80033B94,call
0x80062270,0x8006288C,0x80060DE4,call
0x80062270,0x8006289C,0x800636D0,call
0x80062270,0x800628B4,0x8001535C,call
0x80062270,0x800628BC,0x800154D0,call
0x80062270,0x800628E8,0x800155EC,call
0x80062270,0x800628F4,0x80033878,call
0x80062270,0x8006291C,0x80014F54,call
0x80062270,0x80062930,0x800152CC,call
0x80062270,0x80062958,0x80014F54,call
0x80062270,0x80062968,0x80060DE4,call
0x80062270,0x80062978,0x8006373C,call
0x80062270,0x80062998,0x80033B94,call
0x80062270,0x800629B8,0x80060DE4,call
0x80062270,0x800629C8,0x80033B94,call
0x80062270,0x800629E8,0x80060DE4,call
0x80062270,0x800629F8,0x80033B94,call
0x80062270,0x80062A40,0x80063D0C,call
0x80062270,0x80062A54,0x80082BE0,call
0x80062270,0x80062A9C,0x80015288,call
0x80062270,0x80062AA8,0x80060DE4,call
0x80062270,0x80062AB8,0x80060DE4,call
0x80062270,0x80062AC8,0x80063D0C,call
0x80062270,0x80062ADC,0x80060DE4,call
0x80062270,0x80062AEC,0x80033B94,call
0x80062270,0x80062B38,0x80060DE4,call
0x80062270,0x80062B48,0x80033B94,call
0x80062270,0x80062B68,0x80060DE4,call
0x80062270,0x80062B78,0x80033B94,call
0x80062270,0x80062B9C,0x80015288,call
0x80062270,0x80062BA8,0x80060DE4,call
0x80062270,0x80062BC0,0x80033928,call
0x80062270,0x80062BEC,0x80033928,call
0x80062270,0x80062C00,0x80033928,call
0x80062270,0x80062C28,0x80033BCC,call
0x80062270,0x80062C44,0x80033780,call
0x80062270,0x80062C5C,0x80033780,call
0x80062C80,0x80062D04,0x800181BC,call
0x80062C80,0x80062D88,0x800181BC,call
0x80062C80,0x80062DD4,0x800181BC,call
0x80062C80,0x80062DF8,0x800181BC,call
0x80062E14,0x80062E88,0x8003FD7C,call
0x80062EC8,0x80062F1C,0x80015268,call
0x80062EC8,0x80062F30,0x80015268,call
0x80062EC8,0x80062F44,0x80015268,call
0x80062EC8,0x80062F68,0x80082BE0,call
0x80062EC8,0x80062FAC,0x80015268,call
0x80062EC8,0x80062FC4,0x80015268,call
0x80062EC8,0x80063024,0x80082BE0,call
0x80063084,0x800630A8,0x8003F800,call
0x80063084,0x800630C0,0x80015288,call
0x80063084,0x800630CC,0x80015288,call
0x80063084,0x800630D8,0x80015288,call
0x80063084,0x8006311C,0x800181BC,call
0x80063084,0x80063128,0x80015288,call
0x80063084,0x8006313C,0x80015268,call
0x80063084,0x80063148,0x800174B8,call
0x80063084,0x80063154,0x80017BA8,call
0x80063084,0x80063194,0x80082BE0,call
0x80063084,0x80063300,0x80033878,call
0x80063084,0x80063310,0x80033780,call
0x80063084,0x8006331C,0x80033928,call
0x80063084,0x80063328,0x80060DE4,call
0x800636D0,0x800636F8,0x80015470,call
0x8006373C,0x80063770,0x8001535C,call
0x8006373C,0x8006379C,0x800153C0,call
0x8006373C,0x80063804,0x80014F54,call
0x8006373C,0x80063810,0x800636D0,call
0x8006373C,0x80063950,0x80060DE4,call
0x8006373C,0x80063960,0x80060DE4,call
0x8006373C,0x800639B0,0x80060DE4,call
0x8006373C,0x800639C0,0x80060DE4,call
0x8006373C,0x800639D0,0x80060DE4,call
0x8006373C,0x800639EC,0x80060DE4,call
0x80063AA0,0x80063AB8,0x8003F800,call
0x80063AA0,0x80063AC8,0x80060DE4,call
0x80063AE0,0x80063B24,0x8004E034,call
0x80063B60,0x80063BAC,0x8001535C,call
0x80063B60,0x80063BD0,0x8001535C,call
0x80063B60,0x80063BE4,0x8001535C,call
0x80063B60,0x80063BEC,0x800154D0,call
0x80063B60,0x80063BF4,0x800154D0,call
0x80063B60,0x80063BFC,0x800154D0,call
0x80063B60,0x80063C0C,0x80015390,call
0x80063B60,0x80063C5C,0x800155EC,call
0x80063B60,0x80063C6C,0x8001535C,call
0x80063B60,0x80063C7C,0x8001535C,call
0x80063B60,0x80063C84,0x800154D0,call
0x80063B60,0x80063C8C,0x800154D0,call
0x80063B60,0x80063C9C,0x80015390,call
0x80063B60,0x80063CCC,0x80033878,call
0x80063E08,0x80063E2C,0x80015288,call
0x80063E4C,0x80063E58,0x80063D0C,call
0x80063E4C,0x80063E9C,0x80063E08,call
0x80063E4C,0x80063EAC,0x80063E08,call
0x80063E4C,0x80063EBC,0x80060DE4,call
0x80063EF4,0x80063F0C,0x8001535C,call
0x80063EF4,0x80063F1C,0x800153C0,call
0x80063EF4,0x80063F2C,0x80014F54,call
0x80064034,0x8006411C,0x8001535C,call
0x80064034,0x80064164,0x80015630,call
0x80064034,0x80064180,0x80015630,call
0x80064034,0x80064198,0x80015630,call
0x80064034,0x800641AC,0x80086A20,call
0x80064034,0x800641C8,0x8003F800,call
0x80064034,0x800641FC,0x80064A48,call
0x80064034,0x80064210,0x80064A48,call
0x80064034,0x80064224,0x80064A48,call
0x80064034,0x80064238,0x80064A48,call
0x80064034,0x800642E8,0x8001745C,call
0x80064034,0x8006430C,0x80017918,call
0x80064034,0x80064350,0x80017918,call
0x80064034,0x8006437C,0x80017918,call
0x80064034,0x8006438C,0x80015288,call
0x80064034,0x80064398,0x80017BA8,call
0x80064034,0x800643A0,0x80082BE0,call
0x80064034,0x800643F8,0x8000EA4C,call
0x80064034,0x80064400,0x8000E8C4,call
0x80064034,0x80064420,0x8003E0A0,call
0x80064034,0x80064458,0x800181BC,call
0x80064034,0x80064484,0x800181BC,call
0x80064034,0x800644D0,0x8001745C,call
0x80064034,0x800644F4,0x80017918,call
0x80064034,0x80064534,0x80017918,call
0x80064034,0x80064564,0x80017918,call
0x80064034,0x80064574,0x80015288,call
0x80064034,0x80064580,0x80017BA8,call
0x80064034,0x80064588,0x80082BE0,call
0x80064034,0x800645E0,0x8000EA4C,call
0x80064034,0x800645E8,0x8000E8C4,call
0x80064034,0x80064608,0x8003E0A0,call
0x80064034,0x80064640,0x800181BC,call
0x80064034,0x8006466C,0x800181BC,call
0x80064034,0x800646A4,0x80017874,call
0x80064034,0x800646B4,0x80015288,call
0x80064034,0x800646E8,0x80017BA8,call
0x80064034,0x80064720,0x80082BE0,call
0x80064034,0x80064778,0x8000EA4C,call
0x80064034,0x80064780,0x8000E8C4,call
0x80064034,0x80064798,0x8003E0A0,call
0x80064034,0x800647B8,0x800181BC,call
0x80064034,0x800647E0,0x800181BC,call
0x80064034,0x800647F0,0x8003F800,call
0x80064034,0x800647FC,0x80017874,call
0x80064034,0x80064818,0x80082C80,call
0x80064034,0x80064874,0x80015630,call
0x80064034,0x80064894,0x80033878,call
0x80064034,0x800648C8,0x80033780,call
0x80064034,0x800648F0,0x80017874,call
0x80064034,0x80064900,0x80015288,call
0x80064034,0x80064934,0x80017BA8,call
0x80064034,0x8006496C,0x80082BE0,call
0x80064034,0x800649C4,0x8000EA4C,call
0x80064034,0x800649CC,0x8000E8C4,call
0x80064034,0x800649E4,0x8003E0A0,call
0x80064034,0x80064A04,0x800181BC,call
0x80064034,0x80064A2C,0x800181BC,call
0x80064A48,0x80064A64,0x80017C18,call
0x80064A48,0x80064A70,0x80015288,call
0x80064B44,0x80064C60,0x8002D4C4,call
0x80064B44,0x80064D28,0x8002D4C4,call
0x80064B44,0x80064DBC,0x8002D4C4,call
0x80064B44,0x80064E1C,0x80064A88,call
0x80064B44,0x80064E74,0x80064A88,call
0x80064E90,0x80064ED0,0x800181BC,call
0x80064E90,0x80064EFC,0x8003FD7C,call
0x80064F1C,0x80065034,0x800181BC,call
0x80064F1C,0x80065048,0x80064E90,call
0x80065074,0x800651DC,0x800154D0,call
0x80065074,0x80065244,0x80015538,call
0x80065074,0x80065254,0x80015538,call
0x80065074,0x8006525C,0x800154D0,call
0x80065074,0x80065264,0x800154D0,call
0x80065074,0x8006526C,0x80017874,call
0x80065074,0x8006528C,0x800155C0,call
0x80065074,0x8006529C,0x800155C0,call
0x80065074,0x800652BC,0x800155C0,call
0x80065074,0x80065310,0x80017824,call
0x80065074,0x80065324,0x800155EC,call
0x80065074,0x80065584,0x80017BA8,call
0x80065074,0x800655A8,0x800181BC,call
0x80065074,0x800655D8,0x800181BC,call
0x80065074,0x800655E4,0x8000E8C4,call
0x80065074,0x80065614,0x8000E9BC,call
0x80065074,0x80065624,0x8003E0A0,call
0x80065690,0x80065700,0x8003FD7C,call
0x80065690,0x80065710,0x8003FD7C,call
0x80065690,0x8006578C,0x800181BC,call
0x80065810,0x80065838,0x8003FBD4,call
0x80065810,0x80065874,0x80017520,call
0x80065810,0x80065880,0x80015288,call
0x80065810,0x800658FC,0x80015268,call
0x80065810,0x80065998,0x80016D78,call
0x80065810,0x800659B8,0x80016D78,call
0x80065810,0x80065A20,0x80015268,call
0x80065810,0x80065AB8,0x80016D78,call
0x80065810,0x80065AD8,0x80016D78,call
0x80065810,0x80065B50,0x80015268,call
0x80065810,0x80065BE8,0x80016D78,call
0x80065810,0x80065C08,0x80016D78,call
0x80065C50,0x80065C5C,0x80015288,call
0x80065C74,0x80065C80,0x80015288,call
0x80065CD0,0x80065D24,0x80014F2C,call
0x80065CD0,0x80065D44,0x80015538,call
0x80065CD0,0x80065D54,0x80015538,call
0x80065CD0,0x80065D5C,0x800153C0,call
0x80065CD0,0x80065DAC,0x80014F2C,call
0x80065E54,0x80065E74,0x80015538,call
0x80065E54,0x80065E7C,0x800153C0,call
0x80065E54,0x80065ED4,0x800155C0,call
0x80065E54,0x80065EE4,0x80015538,call
0x80065E54,0x80065EEC,0x800153C0,call
0x80065E54,0x80065F44,0x800155C0,call
0x80065E54,0x80065F58,0x80065CD0,call
0x80066144,0x800661B0,0x80015268,call
0x80066144,0x800661E4,0x80015288,call
0x80066144,0x80066200,0x80015288,call
0x80066144,0x80066224,0x80015288,call
0x80066144,0x8006627C,0x800155C0,call
0x80066144,0x80066290,0x800155EC,call
0x80066144,0x800662A4,0x800155EC,call
0x80066144,0x800662B4,0x80015328,call
0x80066144,0x80066428,0x80017874,call
0x80066144,0x8006646C,0x80015538,call
0x80066144,0x8006647C,0x80015538,call
0x80066144,0x800664A0,0x800156DC,call
0x80066144,0x800664B8,0x80017918,call
0x800665A4,0x80066690,0x8007C4C8,call
0x800665A4,0x800669C8,0x8007CD50,call
0x800665A4,0x80066A40,0x8007CD50,call
0x80066A80,0x80066AF4,0x800183A8,call
0x80066A80,0x80066DC4,0x800665A4,call
0x80066A80,0x80066E3C,0x800665A4,call
0x800670CC,0x80067138,0x800155EC,call
0x800670CC,0x80067178,0x8000052C,call
0x800670CC,0x8006719C,0x80005240,call
0x800670CC,0x800671D0,0x80004FB0,call
0x800670CC,0x8006723C,0x80004FB0,call
0x800670CC,0x80067248,0x80000538,call
0x800672D4,0x8006752C,0x80081700,call
0x800672D4,0x80067688,0x8003F99C,call
0x80067718,0x8006778C,0x80082BE0,call
0x80067718,0x800677E0,0x80082BE0,call
0x80067718,0x8006785C,0x80082440,call
0x80067718,0x8006787C,0x80017918,call
0x800678A8,0x80067958,0x80004670,call
0x800678A8,0x80067970,0x80000538,call
0x800678A8,0x800679B8,0x80004670,call
0x800678A8,0x800679CC,0x80000538,call
0x800678A8,0x80067A84,0x80067718,call
0x800678A8,0x80067A98,0x80033010,call
0x80067AB4,0x80067B3C,0x80065E54,call
0x80067AB4,0x80067BBC,0x800334F4,call
0x80067C70,0x80067DB4,0x800175E0,call
0x80067C70,0x80067DC8,0x80014CC0,call
0x80067C70,0x80068028,0x80014CC0,call
0x80067C70,0x800682B8,0x80014CC0,call
0x80067C70,0x800683C0,0x800154D0,call
0x80067C70,0x800683C8,0x800154D0,call
0x80067C70,0x800683D0,0x800154D0,call
0x80068410,0x8006850C,0x80081700,call
0x80068410,0x800685B0,0x80081700,call
0x80068410,0x800685D8,0x80081700,call
0x80068410,0x80068610,0x80081700,call
0x80068410,0x800686C8,0x80081700,call
0x80068410,0x8006876C,0x80081700,call
0x80068410,0x800687B8,0x80081700,call
0x80068410,0x800687E0,0x80081700,call
0x80068410,0x80068818,0x80081700,call
0x800689A0,0x80068A10,0x80081700,call
0x80068AAC,0x80068BC4,0x80082BE0,call
0x80068AAC,0x80068C08,0x80082BE0,call
0x80068AAC,0x80068C44,0x80082BE0,call
0x80068AAC,0x80068CC4,0x80075648,call
0x80068D04,0x80068DE0,0x800155C0,call
0x80068D04,0x80068F5C,0x800154D0,call
0x80068D04,0x80068F90,0x800155C0,call
0x8006907C,0x8006909C,0x80068410,call
0x8006907C,0x800690A8,0x800689A0,call
0x8006907C,0x800690C8,0x80068D04,call
0x8006907C,0x80069198,0x80081700,call
0x8006907C,0x800691BC,0x80081700,call
0x8006907C,0x800691E0,0x80081700,call
0x8006907C,0x80069204,0x80081700,call
0x8006907C,0x80069228,0x80081700,call
0x8006907C,0x8006924C,0x80081700,call
0x8006907C,0x80069328,0x800153C0,call
0x8006907C,0x800693D4,0x800155EC,call
0x8006907C,0x8006942C,0x800155EC,call
0x8006907C,0x800694E8,0x80033140,call
0x8006907C,0x80069508,0x80033140,call
0x8006907C,0x80069548,0x80081700,call
0x800695D4,0x80069670,0x80015268,call
0x800695D4,0x80069688,0x800155C0,call
0x800695D4,0x80069694,0x80015288,call
0x800695D4,0x800696A8,0x80015538,call
0x800695D4,0x800696BC,0x80015538,call
0x800695D4,0x800696C4,0x800154D0,call
0x800695D4,0x800696F8,0x80014D4C,call
0x800695D4,0x80069774,0x800155C0,call
0x800695D4,0x800697A8,0x800155EC,call
0x800695D4,0x800697B0,0x800153C0,call
0x800695D4,0x80069830,0x800155C0,call
0x800695D4,0x80069844,0x80015288,call
0x800695D4,0x80069878,0x800154D0,call
0x800695D4,0x800698C4,0x800154D0,call
0x80069A64,0x80069AFC,0x80015268,call
0x80069A64,0x80069B14,0x800155C0,call
0x80069A64,0x80069B20,0x80015288,call
0x80069A64,0x80069B34,0x80015538,call
0x80069A64,0x80069B3C,0x800154D0,call
0x80069A64,0x80069B4C,0x80015538,call
0x80069A64,0x80069B88,0x80014D4C,call
0x80069A64,0x80069CBC,0x800155C0,call
0x80069A64,0x80069CE8,0x800155EC,call
0x80069A64,0x80069CF0,0x800153C0,call
0x80069A64,0x80069D6C,0x800155C0,call
0x80069A64,0x80069D78,0x80015288,call
0x80069A64,0x80069DB0,0x800154D0,call
0x80069A64,0x80069DF8,0x800154D0,call
0x80069A64,0x80069E80,0x80014D4C,call
0x80069A64,0x80069E90,0x80014D4C,call
0x80069EC0,0x80069F20,0x800153C0,call
0x80069EC0,0x80069FE8,0x800153C0,call
0x80069EC0,0x8006A088,0x80015538,call
0x80069EC0,0x8006A090,0x800154D0,call
0x80069EC0,0x8006A290,0x80081700,call
0x80069EC0,0x8006A3D4,0x8003F99C,call
0x8006A3EC,0x8006A408,0x800155EC,call
0x8006A3EC,0x8006A454,0x80067718,call
0x8006A3EC,0x8006A480,0x8003F99C,call
0x8006A49C,0x8006A564,0x8003B184,call
0x8006A49C,0x8006A61C,0x800670CC,call
0x8006A49C,0x8006A684,0x800154D0,call
0x8006A49C,0x8006A724,0x80069A64,call
0x8006A49C,0x8006A748,0x800695D4,call
0x8006A49C,0x8006A764,0x800672D4,call
0x8006A49C,0x8006A814,0x8003B184,call
0x8006A49C,0x8006A8A0,0x800678A8,call
0x8006A49C,0x8006A910,0x80069EC0,call
0x8006A49C,0x8006A920,0x80033010,call
0x8006A49C,0x8006A984,0x80066144,call
0x8006A9D4,0x8006AA98,0x8003B184,call
0x8006A9D4,0x8006AB2C,0x800678A8,call
0x8006A9D4,0x8006AB9C,0x80069EC0,call
0x8006A9D4,0x8006ABB0,0x80033010,call
0x8006ABD0,0x8006ACF4,0x8003FDCC,call
0x8006ABD0,0x8006AD68,0x80082BE0,call
0x8006ABD0,0x8006ADA4,0x80082BE0,call
0x8006ABD0,0x8006AE4C,0x800154D0,call
0x8006AF48,0x8006AFA4,0x8003B184,call
0x8006AF48,0x8006AFCC,0x8003B184,call
0x8006AF48,0x8006B088,0x8001535C,call
0x8006AF48,0x8006B090,0x800154D0,call
0x8006AF48,0x8006B0A4,0x8001535C,call
0x8006AF48,0x8006B0C0,0x800155EC,call
0x8006AF48,0x8006B1BC,0x80015288,call
0x8006AF48,0x8006B1C8,0x80015288,call
0x8006AF48,0x8006B1E0,0x80015538,call
0x8006AF48,0x8006B1F0,0x80015538,call
0x8006AF48,0x8006B1F8,0x800154D0,call
0x8006AF48,0x8006B200,0x800154D0,call
0x8006AF48,0x8006B208,0x800154D0,call
0x8006AF48,0x8006B254,0x80017824,call
0x8006AF48,0x8006B298,0x80017824,call
0x8006AF48,0x8006B2D0,0x80017824,call
0x8006AF48,0x8006B2DC,0x80015288,call
0x8006B568,0x8006B578,0x80005B44,call
0x8006B568,0x8006B5A0,0x80005B1C,call
0x8006B568,0x8006B5B8,0x8006B304,call
0x8006B568,0x8006B5C0,0x80005B44,call
0x8006B568,0x8006B5D0,0x80005B1C,call
0x8006B568,0x8006B610,0x800155C0,call
0x8006B568,0x8006B63C,0x80065E18,call
0x8006B568,0x8006B658,0x80065CD0,call
0x8006B568,0x8006B690,0x8006C708,call
0x8006B568,0x8006B778,0x80033328,call
0x8006B568,0x8006B804,0x80033328,call
0x8006B568,0x8006B81C,0x80081700,call
0x8006B568,0x8006B930,0x8006907C,call
0x8006B568,0x8006B9A0,0x80005B1C,call
0x8006B568,0x8006B9AC,0x80005B1C,call
0x8006B9C8,0x8006BB14,0x80015190,call
0x8006B9C8,0x8006BB2C,0x80015190,call
0x8006BB50,0x8006BC2C,0x80070764,call
0x8006BB50,0x8006BC3C,0x80070764,call
0x8006BC74,0x8006BCD8,0x8003FDCC,call
0x8006BC74,0x8006BD48,0x8006B9C8,call
0x8006BC74,0x8006BDCC,0x80015170,call
0x8006BC74,0x8006BDE0,0x80015190,call
0x8006BC74,0x8006BDF0,0x80015170,call
0x8006BC74,0x8006BE04,0x80015190,call
0x8006BC74,0x8006BE38,0x80015170,call
0x8006BC74,0x8006BE80,0x80015190,call
0x8006BC74,0x8006BE98,0x80015190,call
0x8006BC74,0x8006BEC0,0x800151E0,call
0x8006BC74,0x8006BEE8,0x80015170,call
0x8006BC74,0x8006BF14,0x80015170,call
0x8006BC74,0x8006BF24,0x8001514C,call
0x8006BC74,0x8006BF34,0x8001514C,call
0x8006BC74,0x8006BFC0,0x800151C0,call
0x8006BC74,0x8006C000,0x8006A3EC,call
0x8006BC74,0x8006C010,0x8006BB50,call
0x8006BC74,0x8006C018,0x800151C0,call
0x8006BC74,0x8006C050,0x8006A3EC,call
0x8006BC74,0x8006C060,0x8006BB50,call
0x8006C0D4,0x8006C0E4,0x80005B44,call
0x8006C0D4,0x8006C10C,0x80005B1C,call
0x8006C0D4,0x8006C114,0x80005B44,call
0x8006C0D4,0x8006C124,0x80005B1C,call
0x8006C0D4,0x8006C174,0x8006BC74,call
0x8006C0D4,0x8006C18C,0x800155C0,call
0x8006C0D4,0x8006C1AC,0x8006A9D4,call
0x8006C0D4,0x8006C1D4,0x8006A49C,call
0x8006C0D4,0x8006C264,0x800153C0,call
0x8006C0D4,0x8006C28C,0x800151C0,call
0x8006C0D4,0x8006C3AC,0x8006BB50,call
0x8006C0D4,0x8006C450,0x80068AAC,call
0x8006C0D4,0x8006C4D4,0x80067AB4,call
0x8006C0D4,0x8006C52C,0x8006AF48,call
0x8006C0D4,0x8006C540,0x80067C70,call
0x8006C0D4,0x8006C548,0x80066A80,call
0x8006C0D4,0x8006C554,0x8006ABD0,call
0x8006C0D4,0x8006C694,0x80031C04,call
0x8006C0D4,0x8006C6A0,0x80005B1C,call
0x8006C0D4,0x8006C6AC,0x80005B1C,call
0x8006C950,0x8006C9B8,0x80082BE0,call
0x8006C950,0x8006C9EC,0x80071820,call
0x8006CA2C,0x8006CD58,0x80082BE0,call
0x8006CA2C,0x8006CDDC,0x80031B70,call
0x8006CA2C,0x8006CDE4,0x80082BE0,call
0x8006CA2C,0x8006CE20,0x80009524,call
0x8006CA2C,0x8006CE84,0x800093B0,call
0x8006CA2C,0x8006CE94,0x8000953C,call
0x8006CA2C,0x8006CEAC,0x80009524,call
0x8006CA2C,0x8006CF10,0x800093B0,call
0x8006CA2C,0x8006CF20,0x8000955C,call
0x8006CA2C,0x8006CFC8,0x80082BE0,call
0x8006CA2C,0x8006D02C,0x80082BE0,call
0x8006CA2C,0x8006D0A4,0x80070764,call
0x8006D150,0x8006D1C8,0x80082BE0,call
0x8006D150,0x8006D204,0x80082BE0,call
0x8006D150,0x8006D248,0x80082BE0,call
0x8006D150,0x8006D474,0x8003B184,call
0x8006D150,0x8006D49C,0x8003B184,call
0x8006D150,0x8006D524,0x8006D0C0,call
0x8006D150,0x8006D630,0x800155EC,call
0x8006D150,0x8006D668,0x800153C0,call
0x8006D150,0x8006D6C8,0x80015538,call
0x8006D7F0,0x8006D844,0x8003FDCC,call
0x8006D7F0,0x8006D86C,0x80015538,call
0x8006DB1C,0x8006DBAC,0x8007EE40,call
0x8006DB1C,0x8006DCCC,0x80082BE0,call
0x8006DB1C,0x8006DD04,0x80082BE0,call
0x8006E034,0x8006E064,0x80082BE0,call
0x8006E034,0x8006E0E4,0x80008BC4,call
0x8006E034,0x8006E0EC,0x80082BE0,call
0x8006E034,0x8006E164,0x80008BC4,call
0x8006E034,0x8006E180,0x80015288,call
0x8006E034,0x8006E1A0,0x80065810,call
0x8006E034,0x8006E1B4,0x80065CB0,call
0x8006E1CC,0x8006E1FC,0x8003F99C,call
0x8006E1CC,0x8006E22C,0x8006C6D0,call
0x8006E1CC,0x8006E278,0x8003F99C,call
0x8006E1CC,0x8006E294,0x8006D150,call
0x8006E1CC,0x8006E2D0,0x8006D9DC,call
0x8006E1CC,0x8006E2E0,0x8006D9DC,call
0x8006E42C,0x8006E664,0x80082BE0,call
0x8006E42C,0x8006E6DC,0x80008BC4,call
0x8006E6F8,0x8006E9C0,0x8006E42C,call
0x8006E6F8,0x8006EE2C,0x8006C708,call
0x8006E6F8,0x8006EE94,0x8006C828,call
0x8006E6F8,0x8006EF58,0x8003F99C,call
0x8006E6F8,0x8006EF90,0x8006C6D0,call
0x8006E6F8,0x8006EFEC,0x8006E034,call
0x8006E6F8,0x8006EFF8,0x80082BE0,call
0x8006E6F8,0x8006F0D0,0x800093B0,call
0x8006E6F8,0x8006F120,0x800093B0,call
0x8006E6F8,0x8006F178,0x800093B0,call
0x8006E6F8,0x8006F224,0x8003FA24,call
0x8006E6F8,0x8006F234,0x8006C950,call
0x8006E6F8,0x8006F23C,0x8006CA2C,call
0x8006E6F8,0x8006F6E4,0x80082BE0,call
0x8006E6F8,0x8006F6FC,0x800319F4,call
0x8006E6F8,0x8006F7B4,0x80008B14,call
0x8006E6F8,0x8006F7E0,0x8006D9DC,call
0x8006E6F8,0x8006F804,0x8006D9DC,call
0x8006E6F8,0x8006F81C,0x8006D9DC,call
0x8006FA08,0x8006FA40,0x80051FF4,call
0x8006FA08,0x8006FA6C,0x8007EE40,call
0x8006FA08,0x8006FAC8,0x8006DB1C,call
0x8006FB00,0x8006FB38,0x8006E6F8,call
0x8006FB00,0x8006FB7C,0x8006E1CC,call
0x8006FB00,0x8006FBA0,0x8006CA2C,call
0x8006FB00,0x8006FBBC,0x8006D7F0,call
0x8006FB00,0x8006FBD8,0x8006FA08,call
0x8006FC80,0x8006FCE0,0x8003F99C,call
0x8006FDE4,0x8006FE38,0x8007134C,call
0x8006FDE4,0x8006FE54,0x80031B70,call
0x8006FDE4,0x8006FEB8,0x800093B0,call
0x8006FEE8,0x8006FF84,0x800704A8,call
0x8006FEE8,0x80070040,0x8003FDCC,call
0x8006FEE8,0x80070070,0x8001535C,call
0x8006FEE8,0x800700B8,0x8006E034,call
0x8006FEE8,0x80070150,0x80085EB0,call
0x8006FEE8,0x800701E4,0x8003B184,call
0x8006FEE8,0x80070304,0x8006FB00,call
0x8006FEE8,0x80070360,0x8006FED0,call
0x8006FEE8,0x80070378,0x8006FC80,call
0x8006FEE8,0x80070380,0x8006FDE4,call
0x800703A0,0x800703BC,0x8003B184,call
0x800703A0,0x800703D0,0x800155EC,call
0x800703A0,0x80070434,0x80004FB0,call
0x800704A8,0x800704C8,0x8003B184,call
0x800704A8,0x800704D4,0x80016F0C,call
0x800704A8,0x80070510,0x800174B8,call
0x800704A8,0x8007060C,0x80015268,call
0x800704A8,0x80070640,0x80015268,call
0x800704A8,0x80070688,0x80015268,call
0x800704A8,0x8007069C,0x80015268,call
0x800704A8,0x800706B0,0x80015268,call
0x800704A8,0x800706C4,0x80015268,call
0x800704A8,0x800706D8,0x80015268,call
0x800704A8,0x800706E8,0x80015288,call
0x800704A8,0x800706F4,0x80015288,call
0x80070764,0x800707D0,0x80082BE0,call
0x80070764,0x80070870,0x80075648,call
0x80070764,0x800708D4,0x80075648,call
0x80070764,0x80070908,0x80065810,call
0x80070764,0x8007092C,0x80065810,call
0x80070764,0x80070934,0x80082BE0,call
0x80070764,0x80070994,0x80082BE0,call
0x80070764,0x80070A08,0x80008BC4,call
0x80070764,0x80070A10,0x80082BE0,call
0x80070764,0x80070A70,0x80082BE0,call
0x80070764,0x80070AE4,0x80008BC4,call
0x80070764,0x80070B44,0x800093B0,call
0x80070764,0x80070BA0,0x800093B0,call
0x80070BBC,0x80070C80,0x8003ABA0,call
0x80070BBC,0x80070CD4,0x80005134,call
0x80070BBC,0x80070CE4,0x80080408,call
0x80070BBC,0x80070D00,0x800183A8,call
0x80070BBC,0x80070D60,0x8003FDCC,call
0x80070BBC,0x80070E28,0x8003B02C,call
0x80070BBC,0x80070E64,0x8003B02C,call
0x80070E98,0x80070F0C,0x8003B184,call
0x80070E98,0x80070F1C,0x80070BBC,call
0x80070E98,0x80070F28,0x800704A8,call
0x80070E98,0x80070F3C,0x8003B184,call
0x80070E98,0x80070F5C,0x80065810,call
0x80070E98,0x80070F80,0x80065810,call
0x80070E98,0x80070FA0,0x80075648,call
0x80070E98,0x80070FD0,0x80075648,call
0x80070E98,0x80070FF4,0x80075648,call
0x80070E98,0x80071004,0x80082BE0,call
0x80070E98,0x80071060,0x80075648,call
0x80070E98,0x80071070,0x80075648,call
0x80070E98,0x80071078,0x80082BE0,call
0x80070E98,0x800710D8,0x80082BE0,call
0x80070E98,0x8007114C,0x80008BC4,call
0x80070E98,0x80071154,0x80082BE0,call
0x80070E98,0x800711B4,0x80082BE0,call
0x80070E98,0x80071228,0x80008BC4,call
0x8007134C,0x8007137C,0x80070E98,call
0x8007134C,0x800713FC,0x8003B184,call
0x8007134C,0x8007140C,0x80070BBC,call
0x8007134C,0x80071418,0x800704A8,call
0x8007134C,0x8007142C,0x8003B184,call
0x8007134C,0x80071468,0x8003FA24,call
0x8007134C,0x8007148C,0x80065810,call
0x8007134C,0x800714AC,0x80075648,call
0x8007134C,0x800714DC,0x80075648,call
0x8007134C,0x80071500,0x80075648,call
0x8007134C,0x80071510,0x80082BE0,call
0x8007134C,0x8007156C,0x80075648,call
0x8007134C,0x8007157C,0x80075648,call
0x8007134C,0x80071584,0x80082BE0,call
0x8007134C,0x800715E4,0x80082BE0,call
0x8007134C,0x80071658,0x80008BC4,call
0x8007134C,0x80071660,0x80082BE0,call
0x8007134C,0x800716C0,0x80082BE0,call
0x8007134C,0x80071734,0x80008BC4,call
0x8007134C,0x80071794,0x80031B70,call
0x8007134C,0x800717F4,0x800093B0,call
0x8007134C,0x80071804,0x8000955C,call
0x800718DC,0x800719B0,0x8003FD7C,call
0x800718DC,0x800719C0,0x8003FD7C,call
0x800718DC,0x80071B24,0x800704A8,call
0x800718DC,0x80071B50,0x800704A8,call
0x800718DC,0x80071B64,0x800704A8,call
0x800718DC,0x80071B74,0x800704A8,call
0x800718DC,0x80071BC0,0x800833B4,call
0x800718DC,0x80071BD8,0x800833B4,call
0x800718DC,0x80071BE8,0x800833B4,call
0x800718DC,0x80071BF8,0x800833B4,call
0x800718DC,0x80071C08,0x800833B4,call
0x800718DC,0x80071C28,0x800833B4,call
0x800718DC,0x80071C40,0x800833B4,call
0x800718DC,0x80071C50,0x800833B4,call
0x800718DC,0x80071C60,0x800833B4,call
0x800718DC,0x80071C70,0x800833B4,call
0x800718DC,0x80071DD8,0x80082BE0,call
0x800718DC,0x80071DF0,0x80071820,call
0x800718DC,0x80071E34,0x80082BE0,call
0x800718DC,0x80071EDC,0x80008BC4,call
0x800718DC,0x80071EF8,0x80031B70,call
0x800718DC,0x80071F00,0x80082BE0,call
0x800718DC,0x80071F94,0x800093B0,call
0x800718DC,0x80071FF8,0x80082BE0,call
0x800718DC,0x80072010,0x80071820,call
0x800718DC,0x80072050,0x80082BE0,call
0x800718DC,0x800720F8,0x80008BC4,call
0x800718DC,0x80072114,0x80031B70,call
0x800718DC,0x8007211C,0x80082BE0,call
0x800718DC,0x800721B0,0x800093B0,call
0x800718DC,0x800721EC,0x80082BE0,call
0x800718DC,0x80072230,0x80082BE0,call
0x800718DC,0x800722A0,0x80082BE0,call
0x800718DC,0x800722E8,0x80082BE0,call
0x800718DC,0x8007235C,0x80082BE0,call
0x800718DC,0x800723A4,0x80082BE0,call
0x800718DC,0x80072414,0x80082BE0,call
0x800718DC,0x8007245C,0x80082BE0,call
0x800718DC,0x800724D8,0x80082BE0,call
0x800718DC,0x80072504,0x80082BE0,call
0x800718DC,0x8007257C,0x80071820,call
0x800718DC,0x800725D4,0x80031B70,call
0x800718DC,0x800725DC,0x80082BE0,call
0x800718DC,0x80072680,0x800093B0,call
0x800718DC,0x800726E8,0x800093B0,call
0x800718DC,0x80072710,0x80082BE0,call
0x800718DC,0x80072754,0x80082BE0,call
0x800718DC,0x800727A4,0x80082BE0,call
0x800718DC,0x80072828,0x80071820,call
0x800718DC,0x8007286C,0x80082BE0,call
0x800718DC,0x80072914,0x80008BC4,call
0x800718DC,0x80072930,0x80031B70,call
0x800718DC,0x80072938,0x80082BE0,call
0x800718DC,0x800729CC,0x800093B0,call
0x800718DC,0x80072A84,0x800703A0,call
0x80072AD0,0x80072B20,0x8003B250,call
0x80072AD0,0x80072D30,0x80004FB0,call
0x80072AD0,0x80072D54,0x80016F0C,call
0x80072AD0,0x80072E3C,0x80015268,call
0x80072AD0,0x80072E68,0x80015268,call
0x80072AD0,0x80072EB4,0x80015268,call
0x80072AD0,0x80072ED0,0x80015268,call
0x80072AD0,0x80072EEC,0x80015268,call
0x80072AD0,0x80072F08,0x80015268,call
0x80072AD0,0x80072F24,0x80015268,call
0x80072AD0,0x80072F34,0x80015288,call
0x80072AD0,0x80072F40,0x80015288,call
0x80072AD0,0x80072F5C,0x80015268,call
0x80072AD0,0x800730F8,0x800156DC,call
0x80072AD0,0x80073134,0x80015268,call
0x80072AD0,0x80073148,0x80015268,call
0x80072AD0,0x800731B4,0x80017874,call
0x80072AD0,0x800731C8,0x80015268,call
0x80072AD0,0x8007320C,0x80082BE0,call
0x80072AD0,0x800732B8,0x8003F99C,call
0x80072AD0,0x800732C0,0x80073470,call
0x80072AD0,0x80073368,0x80083D80,call
0x80072AD0,0x800733F8,0x800319CC,call
0x80072AD0,0x80073424,0x80007D44,call
0x80072AD0,0x80073440,0x80073708,call
0x80073470,0x800734B8,0x800181BC,call
0x80073470,0x800734EC,0x800181BC,call
0x80073470,0x8007351C,0x800181BC,call
0x80073470,0x8007354C,0x800181BC,call
0x80073470,0x80073570,0x800181BC,call
0x80073470,0x80073594,0x800181BC,call
0x800735BC,0x800735F4,0x80006E50,call
0x800735BC,0x80073600,0x80006E74,call
0x800735BC,0x8007360C,0x80006EB4,call
0x80073640,0x80073670,0x80006E60,call
0x80073640,0x8007367C,0x80006E74,call
0x80073714,0x800737BC,0x800181BC,call
0x80073714,0x800737E4,0x800181BC,call
0x80073714,0x80073818,0x80017B7C,call
0x800738D4,0x800739C4,0x800181BC,call
0x800738D4,0x800739EC,0x80017580,call
0x800738D4,0x80073A00,0x80017874,call
0x800738D4,0x80073A8C,0x800153C0,call
0x800738D4,0x80073AB0,0x800155C0,call
0x800738D4,0x80073AD4,0x800154D0,call
0x800738D4,0x80073AE4,0x80015538,call
0x800738D4,0x80073AF0,0x80015288,call
0x800738D4,0x80073AFC,0x80015288,call
0x800738D4,0x80073B28,0x800155C0,call
0x800738D4,0x80073B3C,0x800155EC,call
0x800738D4,0x80073B58,0x800156DC,call
0x800738D4,0x80073B9C,0x80017520,call
0x800738D4,0x80073BB8,0x800156DC,call
0x800738D4,0x80073BF0,0x800181BC,call
0x800738D4,0x80073C1C,0x80017BA8,call
0x800738D4,0x80073C3C,0x80017BA8,call
0x80073CD0,0x80073D58,0x8008035C,call
0x80073CD0,0x80073D78,0x80009C0C,call
0x80073CD0,0x80073D9C,0x80051FF4,call
0x80073CD0,0x80073DB4,0x800520C8,call
0x80073CD0,0x80073F2C,0x80082BE0,call
0x80073CD0,0x80073F74,0x80082BE0,call
0x80073CD0,0x80074028,0x80008BC4,call
0x80073CD0,0x80074064,0x80082BE0,call
0x80073CD0,0x800740B8,0x80008BC4,call
0x80073CD0,0x800741AC,0x80008BC4,call
0x80073CD0,0x8007423C,0x80008BC4,call
0x80073CD0,0x800742F0,0x80008BC4,call
0x80073CD0,0x80074360,0x80082BE0,call
0x80073CD0,0x80074368,0x80082BE0,call
0x80073CD0,0x80074384,0x80082BE0,call
0x80073CD0,0x800743C8,0x80082BE0,call
0x80073CD0,0x8007445C,0x80008BC4,call
0x80074474,0x800744AC,0x80073CD0,call
0x80074474,0x800744C4,0x80051FF4,call
0x80074474,0x800744D8,0x80073CD0,call
0x80074474,0x80074590,0x80008BC4,call
0x800745AC,0x80074728,0x80017824,call
0x800745AC,0x800747B4,0x80017824,call
0x800747E4,0x80074940,0x800156DC,call
0x800747E4,0x80074954,0x800155EC,call
0x800747E4,0x80074960,0x80015288,call
0x800747E4,0x8007497C,0x80015268,call
0x800747E4,0x80074984,0x800154D0,call
0x800747E4,0x80074998,0x80015288,call
0x800747E4,0x800749B8,0x80017824,call
0x800747E4,0x800749C4,0x80015288,call
0x800747E4,0x800749E8,0x80017BA8,call
0x800747E4,0x80074A30,0x800156DC,call
0x800747E4,0x80074A44,0x800155EC,call
0x800747E4,0x80074A50,0x80015288,call
0x800747E4,0x80074A80,0x80015268,call
0x800747E4,0x80074A88,0x800154D0,call
0x800747E4,0x80074AA0,0x80015288,call
0x800747E4,0x80074AC8,0x80017824,call
0x800747E4,0x80074AD4,0x80015288,call
0x800747E4,0x80074AEC,0x80017BA8,call
0x80074B08,0x80074B68,0x800181BC,call
0x80074B08,0x80074B8C,0x800181BC,call
0x80074B08,0x80074BB0,0x800181BC,call
0x80074B08,0x80074BD4,0x800181BC,call
0x80074B08,0x80074BF8,0x800181BC,call
0x80074B08,0x80074C30,0x800181BC,call
0x80074B08,0x80074C54,0x800181BC,call
0x80074B08,0x80074C78,0x800181BC,call
0x80074B08,0x80074C9C,0x800181BC,call
0x80074B08,0x80074CC0,0x800181BC,call
0x80074CDC,0x80074E88,0x800154D0,call
0x80074CDC,0x80074EF8,0x80014CC0,call
0x80074CDC,0x80074F28,0x800155EC,call
0x80074CDC,0x80074F98,0x800155EC,call
0x80074CDC,0x80075010,0x80014CC0,call
0x80074CDC,0x80075040,0x800155EC,call
0x80074CDC,0x800750B8,0x800155EC,call
0x80074CDC,0x8007512C,0x80014CC0,call
0x80074CDC,0x80075154,0x800155EC,call
0x80074CDC,0x8007519C,0x800155EC,call
0x80074CDC,0x800751E4,0x800155EC,call
0x80074CDC,0x800751EC,0x800745AC,call
0x80074CDC,0x800751F4,0x800747E4,call
0x80074CDC,0x800752E0,0x800154D0,call
0x80074CDC,0x80075300,0x800155EC,call
0x8007531C,0x80075350,0x80017DA4,call
0x8007531C,0x80075428,0x80017DA4,call
0x8007531C,0x8007543C,0x80017DAC,call
0x8007531C,0x80075454,0x8007531C,call
0x8007531C,0x80075464,0x80017DAC,call
0x80075490,0x800754C4,0x80017DA4,call
0x80075490,0x80075594,0x80017DA4,call
0x80075490,0x800755A8,0x80017DAC,call
0x80075490,0x800755C0,0x80075490,call
0x80075490,0x800755D0,0x80017DAC,call
0x800755FC,0x80075618,0x8007531C,call
0x800755FC,0x80075630,0x80075490,call
0x80075648,0x8007568C,0x800736AC,call
0x80075648,0x800756AC,0x8003FA24,call
0x80075648,0x800756BC,0x80017874,call
0x80075648,0x800756E0,0x80082BE0,call
0x80075648,0x80075700,0x80082BE0,call
0x80075648,0x80075720,0x80082BE0,call
0x80075648,0x80075740,0x80082BE0,call
0x80075648,0x80075778,0x80015538,call
0x80075648,0x80075788,0x80015538,call
0x80075648,0x80075790,0x800154D0,call
0x80075648,0x80075798,0x800154D0,call
0x80075648,0x800757A0,0x800154D0,call
0x80075648,0x800757A8,0x80082BE0,call
0x80075648,0x800757E4,0x800155C0,call
0x80075648,0x800757EC,0x80082BE0,call
0x80075648,0x80075818,0x800155C0,call
0x80075648,0x80075820,0x80082BE0,call
0x80075648,0x8007584C,0x800155C0,call
0x80075648,0x80075858,0x80073640,call
0x80075648,0x80075868,0x800735BC,call
0x80075648,0x8007588C,0x80015288,call
0x80075648,0x8007589C,0x80015288,call
0x80075648,0x800758C4,0x800755FC,call
0x80075648,0x800758D8,0x800755FC,call
0x80075648,0x800758E8,0x800156DC,call
0x80075648,0x800758F8,0x80017BA8,call
0x80075648,0x8007591C,0x800181BC,call
0x80075940,0x80075968,0x800736AC,call
0x80075940,0x80075994,0x800181BC,call
0x80075940,0x800759C0,0x800156DC,call
0x80075940,0x800759E0,0x80015288,call
0x80075940,0x800759F0,0x800156DC,call
0x80075940,0x80075A00,0x80017BA8,call
0x80075940,0x80075A24,0x800181BC,call
0x80075A3C,0x80075A88,0x8001535C,call
0x80075A3C,0x80075A98,0x8001535C,call
0x80075A3C,0x80075B4C,0x800155EC,call
0x80075A3C,0x80075B8C,0x800155EC,call
0x80075BA8,0x80075BEC,0x80075A3C,call
0x80075BA8,0x80075C14,0x80017918,call
0x80075BA8,0x80075C24,0x80017BA8,call
0x80075BA8,0x80075C5C,0x800181BC,call
0x80075BA8,0x80075C98,0x80082BE0,call
0x80075BA8,0x80075CFC,0x80082BE0,call
0x80075BA8,0x80075D70,0x80008BC4,call
0x80075BA8,0x80075D78,0x80082BE0,call
0x80075BA8,0x80075DEC,0x800181BC,call
0x80075BA8,0x80075E20,0x80075A3C,call
0x80075BA8,0x80075E48,0x80017918,call
0x80075BA8,0x80075E58,0x80017BA8,call
0x80075BA8,0x80075E7C,0x800181BC,call
0x80075BA8,0x80075EC0,0x80082BE0,call
0x80075BA8,0x80075F34,0x80008BC4,call
0x80075BA8,0x80075F3C,0x80082BE0,call
0x80075BA8,0x80075FA8,0x800181BC,call
0x80075FC4,0x80075FE4,0x80015288,call
0x80075FC4,0x80075FF4,0x80015288,call
0x80075FC4,0x8007606C,0x80016BF4,call
0x80075FC4,0x8007607C,0x80015328,call
0x80075FC4,0x80076090,0x80016BF4,call
0x80075FC4,0x800760A0,0x80015328,call
0x80075FC4,0x800760B0,0x8001535C,call
0x80075FC4,0x800760B8,0x800153C0,call
0x80075FC4,0x800760C4,0x800154D0,call
0x80075FC4,0x800760DC,0x80017580,call
0x80075FC4,0x800760E8,0x80015288,call
0x80075FC4,0x80076104,0x80015268,call
0x80075FC4,0x80076114,0x80015538,call
0x80075FC4,0x80076124,0x80015538,call
0x80075FC4,0x80076158,0x80017918,call
0x80075FC4,0x80076164,0x800156DC,call
0x80076180,0x80076424,0x80082BE0,call
0x80076180,0x80076458,0x80082BE0,call
0x80076180,0x8007650C,0x80082BE0,call
0x80076180,0x80076564,0x8001745C,call
0x80076180,0x80076574,0x800155C0,call
0x80076180,0x80076584,0x800155C0,call
0x80076180,0x80076598,0x800156DC,call
0x80076180,0x800765A4,0x80017BA8,call
0x80076180,0x800765C4,0x800181BC,call
0x80076180,0x80076604,0x8000EA4C,call
0x80076180,0x80076624,0x80082BE0,call
0x80076180,0x80076658,0x80082BE0,call
0x80076180,0x80076704,0x80082BE0,call
0x80076180,0x8007675C,0x8001745C,call
0x80076180,0x8007676C,0x800155C0,call
0x80076180,0x8007677C,0x800155C0,call
0x80076180,0x80076790,0x800156DC,call
0x80076180,0x8007679C,0x80017BA8,call
0x80076180,0x800767BC,0x800181BC,call
0x80076180,0x800767FC,0x8000EA4C,call
0x80076180,0x80076814,0x8000E8C4,call
0x80076180,0x8007681C,0x80082BE0,call
0x80076180,0x80076824,0x80082BE0,call
0x80076180,0x80076858,0x80082BE0,call
0x80076180,0x80076878,0x80082BE0,call
0x80076180,0x800768B0,0x80082BE0,call
0x80076180,0x800768F4,0x8001745C,call
0x80076180,0x80076904,0x800155C0,call
0x80076180,0x80076918,0x800156DC,call
0x80076180,0x80076924,0x80017BA8,call
0x80076180,0x80076948,0x800181BC,call
0x80076180,0x80076978,0x8000E9BC,call
0x80076180,0x8007698C,0x8003E0A0,call
0x80076180,0x800769A4,0x8000E8C4,call
0x80076180,0x800769AC,0x80082BE0,call
0x80076180,0x800769B4,0x80082BE0,call
0x80076180,0x800769E8,0x80082BE0,call
0x80076180,0x80076A08,0x80082BE0,call
0x80076180,0x80076A40,0x80082BE0,call
0x80076180,0x80076A84,0x8001745C,call
0x80076180,0x80076A94,0x800155C0,call
0x80076180,0x80076AA8,0x800156DC,call
0x80076180,0x80076AB4,0x80017BA8,call
0x80076180,0x80076AD8,0x800181BC,call
0x80076180,0x80076B08,0x8000E9BC,call
0x80076180,0x80076B1C,0x8003E0A0,call
0x80076B34,0x80076C48,0x800155EC,call
0x80076B34,0x80076C8C,0x800155EC,call
0x80076B34,0x80076C9C,0x800155C0,call
0x80076B34,0x80076CD4,0x80065810,call
0x80076B34,0x80076CE4,0x80065CB0,call
0x80076B34,0x80076CFC,0x80065C98,call
0x80076B34,0x80076D10,0x80065C50,call
0x80076B34,0x80076D1C,0x80065C74,call
0x80076B34,0x80076D7C,0x80065C98,call
0x80076B34,0x80076E08,0x800155EC,call
0x80076B34,0x80076E20,0x800155EC,call
0x80076B34,0x80076E30,0x800155C0,call
0x80076B34,0x80076E64,0x800155EC,call
0x80076B34,0x80076E7C,0x800155EC,call
0x80076B34,0x80076E8C,0x800155C0,call
0x80076B34,0x80076E98,0x80065C50,call
0x80076B34,0x80076EA4,0x80065C74,call
0x80076B34,0x80076EBC,0x800155EC,call
0x80076B34,0x80076F00,0x8003FDCC,call
0x80076B34,0x80076F48,0x80082BE0,call
0x80076B34,0x8007701C,0x80065C98,call
0x80077054,0x80077070,0x800156DC,call
0x80077054,0x800770F4,0x80051FF4,call
0x80077054,0x80077114,0x800520C8,call
0x80077054,0x8007714C,0x80017918,call
0x80077054,0x80077190,0x800181BC,call
0x80077054,0x800771B8,0x800181BC,call
0x80077054,0x800771E8,0x800181BC,call
0x80077054,0x80077210,0x800181BC,call
0x80077054,0x800772B8,0x800181BC,call
0x80077054,0x800772E8,0x800181BC,call
0x80077054,0x800773D0,0x800181BC,call
0x80077054,0x80077430,0x80017D48,call
0x80077054,0x80077470,0x800156DC,call
0x80077054,0x800774A4,0x800156DC,call
0x80077054,0x800774B0,0x800156DC,call
0x80077054,0x800774EC,0x800156DC,call
0x80077054,0x80077520,0x800156DC,call
0x80077054,0x80077550,0x800156DC,call
0x80077054,0x80077584,0x800156DC,call
0x80077054,0x800775B8,0x800156DC,call
0x80077054,0x800775D0,0x800155EC,call
0x80077054,0x800775E8,0x800155EC,call
0x80077054,0x80077600,0x800155EC,call
0x80077054,0x80077610,0x80015538,call
0x80077054,0x80077620,0x80015538,call
0x80077054,0x80077628,0x800154D0,call
0x80077054,0x80077630,0x800154D0,call
0x80077054,0x80077638,0x800154D0,call
0x80077054,0x80077650,0x800155EC,call
0x80077054,0x80077668,0x800155EC,call
0x80077054,0x80077680,0x800155EC,call
0x80077054,0x80077690,0x80015538,call
0x80077054,0x800776A0,0x80015538,call
0x80077054,0x800776A8,0x800154D0,call
0x80077054,0x800776B0,0x800154D0,call
0x80077054,0x800776B8,0x800154D0,call
0x80077054,0x800776E0,0x800156DC,call
0x80077054,0x800776E8,0x80074CDC,call
0x80077054,0x80077714,0x80015288,call
0x80077054,0x80077724,0x80015328,call
0x80077054,0x80077730,0x800156DC,call
0x80077054,0x8007773C,0x80015288,call
0x80077054,0x80077750,0x800155EC,call
0x80077054,0x80077764,0x800155EC,call
0x80077054,0x80077778,0x800155EC,call
0x80077054,0x800777D4,0x800155EC,call
0x80077054,0x800777EC,0x8001535C,call
0x80077054,0x80077800,0x8001535C,call
0x80077054,0x80077808,0x800153C0,call
0x80077054,0x80077814,0x800154D0,call
0x80077054,0x80077850,0x800155EC,call
0x80077054,0x80077868,0x80081700,call
0x80077054,0x80077878,0x800155C0,call
0x80077054,0x8007789C,0x800155EC,call
0x80077054,0x800778B4,0x80015288,call
0x80077054,0x800778D0,0x80015268,call
0x80077054,0x800778E0,0x8001535C,call
0x80077054,0x800778F0,0x80015328,call
0x80077054,0x800778FC,0x80015288,call
0x80077054,0x800779A4,0x80017824,call
0x80077054,0x80077A3C,0x800156DC,call
0x80077054,0x80077A50,0x80015288,call
0x80077054,0x80077A60,0x80015328,call
0x80077054,0x80077A84,0x800156DC,call
0x80077054,0x80077AA8,0x80017824,call
0x80077054,0x80077ABC,0x800155EC,call
0x80077054,0x80077AD0,0x800155EC,call
0x80077054,0x80077AE4,0x800155EC,call
0x80077054,0x80077AF0,0x800156DC,call
0x80077054,0x80077B10,0x800155EC,call
0x80077054,0x80077B28,0x800155EC,call
0x80077054,0x80077B40,0x800155EC,call
0x80077054,0x80077B4C,0x800156DC,call
0x80077054,0x80077B58,0x80015288,call
0x80077054,0x80077B74,0x80015328,call
0x80077054,0x80077B98,0x800156DC,call
0x80077054,0x80077BBC,0x80017824,call
0x80077054,0x80077BD0,0x800155EC,call
0x80077054,0x80077BE4,0x800155EC,call
0x80077054,0x80077BF8,0x800155EC,call
0x80077054,0x80077C04,0x800156DC,call
0x80077054,0x80077C34,0x800155EC,call
0x80077054,0x80077C4C,0x800155EC,call
0x80077054,0x80077C64,0x800155EC,call
0x80077054,0x80077C70,0x800156DC,call
0x80077054,0x80077C78,0x80074CDC,call
0x80077C94,0x80077D18,0x800183A8,call
0x80077C94,0x80077DEC,0x80017874,call
0x80077C94,0x80077E58,0x800154D0,call
0x80077C94,0x80077E60,0x800154D0,call
0x80077C94,0x80077E68,0x800154D0,call
0x80077C94,0x8007831C,0x800155EC,call
0x80077C94,0x80078470,0x8007B34C,call
0x80077C94,0x800784E0,0x80008B14,call
0x800784F8,0x80078534,0x800181BC,call
0x800784F8,0x80078540,0x800156DC,call
0x800784F8,0x80078594,0x80015288,call
0x800784F8,0x800785CC,0x80015288,call
0x800784F8,0x800785E8,0x80016BF4,call
0x800784F8,0x800785F8,0x80015328,call
0x800784F8,0x80078610,0x80015288,call
0x800784F8,0x80078648,0x80015288,call
0x800784F8,0x80078658,0x80016BF4,call
0x800784F8,0x80078668,0x80015328,call
0x800784F8,0x8007869C,0x800738D4,call
0x800784F8,0x800786A8,0x80015288,call
0x800784F8,0x800786E0,0x80015288,call
0x800784F8,0x800786FC,0x80016BF4,call
0x800784F8,0x8007870C,0x80015328,call
0x800784F8,0x80078718,0x80015288,call
0x800784F8,0x80078750,0x80015288,call
0x800784F8,0x80078760,0x80016BF4,call
0x800784F8,0x80078770,0x80015328,call
0x800784F8,0x800787A4,0x800738D4,call
0x800784F8,0x80078848,0x8000E8C4,call
0x800784F8,0x80078858,0x8000E8C4,call
0x800784F8,0x80078868,0x800156DC,call
0x800784F8,0x800788A0,0x80015288,call
0x800784F8,0x800788B0,0x80016BF4,call
0x800784F8,0x80078924,0x800156DC,call
0x800784F8,0x80078948,0x800181BC,call
0x800784F8,0x80078960,0x80017BA8,call
0x800784F8,0x8007896C,0x800156DC,call
0x800784F8,0x800789A4,0x80015288,call
0x800784F8,0x800789C8,0x80016BF4,call
0x800784F8,0x80078A3C,0x800156DC,call
0x800784F8,0x80078A60,0x800181BC,call
0x800784F8,0x80078A78,0x80017BA8,call
0x800784F8,0x80078AF4,0x80017520,call
0x800784F8,0x80078B14,0x80017520,call
0x800784F8,0x80078B2C,0x80017BA8,call
0x800784F8,0x80078B44,0x80017BA8,call
0x800784F8,0x80079198,0x8000E9BC,call
0x800784F8,0x800791D8,0x8003E0A0,call
0x800784F8,0x80079250,0x8000E9BC,call
0x800784F8,0x80079278,0x8003E0A0,call
0x800784F8,0x800792C8,0x80077C94,call
0x800784F8,0x80079300,0x80077C94,call
0x800784F8,0x80079350,0x800181BC,call
0x800784F8,0x80079374,0x800181BC,call
0x800784F8,0x800793B8,0x80075FC4,call
0x800784F8,0x800793D8,0x80017BA8,call
0x800784F8,0x80079418,0x80075FC4,call
0x800784F8,0x80079438,0x80017BA8,call
0x800784F8,0x80079478,0x80075FC4,call
0x800784F8,0x80079498,0x80017BA8,call
0x800784F8,0x800794D8,0x80075FC4,call
0x800784F8,0x800794F8,0x80017BA8,call
0x800784F8,0x80079548,0x80015268,call
0x800784F8,0x80079564,0x80015268,call
0x800784F8,0x80079614,0x800834F0,call
0x800784F8,0x80079630,0x80015268,call
0x800784F8,0x80079644,0x80015268,call
0x800784F8,0x800796F8,0x800834F0,call
0x80079714,0x800797CC,0x80073C58,call
0x80079824,0x8007986C,0x800181BC,call
0x80079824,0x80079878,0x800156DC,call
0x80079824,0x80079A30,0x80079714,call
0x80079824,0x80079A74,0x80079714,call
0x80079824,0x80079AC8,0x80079714,call
0x80079824,0x80079B1C,0x80079714,call
0x80079824,0x80079B68,0x80079714,call
0x80079824,0x80079BB4,0x80079714,call
0x80079824,0x80079CC0,0x8001745C,call
0x80079824,0x80079CD8,0x80017BA8,call
0x80079824,0x80079CF0,0x80017BA8,call
0x80079824,0x80079D08,0x80017BA8,call
0x80079824,0x80079D1C,0x8001745C,call
0x80079824,0x80079D34,0x80017BA8,call
0x80079824,0x80079D4C,0x80017BA8,call
0x80079824,0x80079D64,0x80017BA8,call
0x80079824,0x80079D84,0x8001745C,call
0x80079824,0x80079D9C,0x80017BA8,call
0x80079824,0x80079DB0,0x8001745C,call
0x80079824,0x80079DC8,0x80017BA8,call
0x80079824,0x80079DE0,0x80017BA8,call
0x80079824,0x80079E00,0x8001745C,call
0x80079824,0x80079E18,0x80017BA8,call
0x80079824,0x80079E30,0x80017BA8,call
0x80079824,0x80079E44,0x8001745C,call
0x80079824,0x80079E5C,0x80017BA8,call
0x80079824,0x80079E7C,0x8001745C,call
0x80079824,0x80079E94,0x80017BA8,call
0x80079824,0x80079EAC,0x80017BA8,call
0x80079824,0x80079ECC,0x8001745C,call
0x80079824,0x80079EE4,0x80017BA8,call
0x80079824,0x80079EFC,0x80017BA8,call
0x80079824,0x80079F1C,0x8001745C,call
0x80079824,0x80079F34,0x80017BA8,call
0x80079824,0x80079F4C,0x80017BA8,call
0x80079824,0x80079F60,0x8001745C,call
0x80079824,0x80079F78,0x80017BA8,call
0x80079824,0x80079F90,0x80017BA8,call
0x80079824,0x80079FB8,0x8001745C,call
0x80079824,0x80079FD0,0x80017BA8,call
0x80079824,0x80079FE8,0x80017BA8,call
0x80079824,0x8007A008,0x8001745C,call
0x80079824,0x8007A020,0x80017BA8,call
0x80079824,0x8007A038,0x80017BA8,call
0x80079824,0x8007A058,0x8001745C,call
0x80079824,0x8007A070,0x80017BA8,call
0x80079824,0x8007A088,0x80017BA8,call
0x80079824,0x8007A09C,0x8001745C,call
0x80079824,0x8007A0B4,0x80017BA8,call
0x80079824,0x8007A0C8,0x8001745C,call
0x80079824,0x8007A0E0,0x80017BA8,call
0x80079824,0x8007A0F4,0x8001745C,call
0x80079824,0x8007A10C,0x80017BA8,call
0x80079824,0x8007A124,0x80017BA8,call
0x80079824,0x8007A13C,0x80017BA8,call
0x80079824,0x8007A154,0x80017BA8,call
0x80079824,0x8007A180,0x8001745C,call
0x80079824,0x8007A19C,0x80017BA8,call
0x80079824,0x8007A1B8,0x80017BA8,call
0x80079824,0x8007A1D0,0x8001745C,call
0x80079824,0x8007A1E8,0x80017BA8,call
0x80079824,0x8007A200,0x80017BA8,call
0x80079824,0x8007A220,0x8001745C,call
0x80079824,0x8007A240,0x80017BA8,call
0x80079824,0x8007A260,0x80017BA8,call
0x80079824,0x8007A278,0x8001745C,call
0x80079824,0x8007A290,0x80017BA8,call
0x80079824,0x8007A2A8,0x80017BA8,call
0x80079824,0x8007A2C8,0x8001745C,call
0x80079824,0x8007A2E0,0x80017BA8,call
0x80079824,0x8007A2F8,0x80017BA8,call
0x80079824,0x8007A318,0x8001745C,call
0x80079824,0x8007A330,0x80017BA8,call
0x80079824,0x8007A348,0x80017BA8,call
0x80079824,0x8007A360,0x80017BA8,call
0x80079824,0x8007A378,0x80017BA8,call
0x80079824,0x8007A390,0x80017BA8,call
0x80079824,0x8007A3A8,0x80017BA8,call
0x80079824,0x8007A3C0,0x80017BA8,call
0x80079824,0x8007A3D8,0x80017BA8,call
0x80079824,0x8007A3F8,0x8001745C,call
0x80079824,0x8007A410,0x80017BA8,call
0x80079824,0x8007A428,0x80017BA8,call
0x80079824,0x8007A440,0x80017BA8,call
0x80079824,0x8007A460,0x8001745C,call
0x80079824,0x8007A478,0x80017BA8,call
0x80079824,0x8007A490,0x80017BA8,call
0x80079824,0x8007A4A8,0x80017BA8,call
0x80079824,0x8007A4C8,0x8001745C,call
0x80079824,0x8007A4E0,0x80017BA8,call
0x80079824,0x8007A4F8,0x80017BA8,call
0x80079824,0x8007A518,0x8001745C,call
0x80079824,0x8007A530,0x80017BA8,call
0x80079824,0x8007A548,0x80017BA8,call
0x80079824,0x8007A568,0x8001745C,call
0x80079824,0x8007A580,0x80017BA8,call
0x80079824,0x8007A594,0x8001745C,call
0x80079824,0x8007A5AC,0x80017BA8,call
0x80079824,0x8007A5CC,0x8001745C,call
0x80079824,0x8007A5E4,0x80017BA8,call
0x80079824,0x8007A5FC,0x80017BA8,call
0x80079824,0x8007A620,0x8001745C,call
0x80079824,0x8007A638,0x80017BA8,call
0x80079824,0x8007A650,0x80017BA8,call
0x80079824,0x8007A668,0x80017BA8,call
0x80079824,0x8007A68C,0x8001745C,call
0x80079824,0x8007A6A4,0x80017BA8,call
0x80079824,0x8007A6BC,0x80017BA8,call
0x80079824,0x8007A6D4,0x80017BA8,call
0x80079824,0x8007A6FC,0x8001745C,call
0x80079824,0x8007A714,0x80017BA8,call
0x80079824,0x8007A728,0x8001745C,call
0x80079824,0x8007A740,0x80017BA8,call
0x80079824,0x8007A760,0x8001745C,call
0x80079824,0x8007A778,0x80017BA8,call
0x80079824,0x8007A78C,0x8001745C,call
0x80079824,0x8007A7A4,0x80017BA8,call
0x80079824,0x8007A7B8,0x8001745C,call
0x80079824,0x8007A7D0,0x80017BA8,call
0x80079824,0x8007A7E8,0x80017BA8,call
0x80079824,0x8007A808,0x8001745C,call
0x80079824,0x8007A820,0x80017BA8,call
0x80079824,0x8007A838,0x80017BA8,call
0x80079824,0x8007A86C,0x8001745C,call
0x80079824,0x8007A884,0x80017BA8,call
0x80079824,0x8007A89C,0x80017BA8,call
0x80079824,0x8007A8D4,0x8001745C,call
0x80079824,0x8007A8EC,0x80017BA8,call
0x80079824,0x8007A904,0x80017BA8,call
0x80079824,0x8007A924,0x8001745C,call
0x80079824,0x8007A93C,0x80017BA8,call
0x80079824,0x8007A954,0x80017BA8,call
0x80079824,0x8007A96C,0x80017BA8,call
0x80079824,0x8007A984,0x80017BA8,call
0x80079824,0x8007A998,0x8001745C,call
0x80079824,0x8007A9B0,0x80017BA8,call
0x80079824,0x8007A9C8,0x80017BA8,call
0x80079824,0x8007A9DC,0x8001745C,call
0x80079824,0x8007A9F4,0x80017BA8,call
0x80079824,0x8007AA0C,0x80017BA8,call
0x80079824,0x8007AA34,0x8001745C,call
0x80079824,0x8007AA4C,0x80017BA8,call
0x80079824,0x8007AA64,0x80017BA8,call
0x80079824,0x8007AA7C,0x80017BA8,call
0x80079824,0x8007AA94,0x80017BA8,call
0x80079824,0x8007AAAC,0x80017BA8,call
0x80079824,0x8007AAC4,0x80017BA8,call
0x80079824,0x8007AAE4,0x8001745C,call
0x80079824,0x8007AAFC,0x80017BA8,call
0x80079824,0x8007AB14,0x80017BA8,call
0x80079824,0x8007AB2C,0x80017BA8,call
0x80079824,0x8007AB44,0x80017BA8,call
0x80079824,0x8007AB5C,0x80017BA8,call
0x80079824,0x8007AB74,0x80017BA8,call
0x80079824,0x8007AB9C,0x8001745C,call
0x80079824,0x8007ABB4,0x80017BA8,call
0x80079824,0x8007ABCC,0x80017BA8,call
0x80079824,0x8007ABE4,0x80017BA8,call
0x80079824,0x8007ABFC,0x80017BA8,call
0x80079824,0x8007AC1C,0x8001745C,call
0x80079824,0x8007AC34,0x80017BA8,call
0x80079824,0x8007AC4C,0x80017BA8,call
0x80079824,0x8007AC64,0x80017BA8,call
0x80079824,0x8007AC7C,0x80017BA8,call
0x80079824,0x8007AC9C,0x8001745C,call
0x80079824,0x8007ACB4,0x80017BA8,call
0x80079824,0x8007ACCC,0x80017BA8,call
0x8007ACEC,0x8007ACFC,0x80073470,call
0x8007ACEC,0x8007AD14,0x80077054,call
0x8007ACEC,0x8007AD3C,0x800156DC,call
0x8007ACEC,0x8007AD48,0x800156DC,call
0x8007ACEC,0x8007AD5C,0x800784F8,call
0x8007ACEC,0x8007AD64,0x80079824,call
0x8007ACEC,0x8007AD78,0x80076180,call
0x8007ACEC,0x8007AD80,0x80075BA8,call
0x8007ACEC,0x8007AD88,0x80076B34,call
0x8007ACEC,0x8007AD9C,0x80073834,call
0x8007ACEC,0x8007ADA4,0x80075940,call
0x8007ACEC,0x8007ADAC,0x80073714,call
0x8007ACEC,0x8007ADB4,0x80074474,call
0x8007ACEC,0x8007ADBC,0x80074B08,call
0x8007ACEC,0x8007ADDC,0x80017BA8,call
0x8007ACEC,0x8007AE00,0x80017D48,call
0x8007ACEC,0x8007AE10,0x80017D48,call
0x8007ACEC,0x8007AE30,0x80017BA8,call
0x8007ACEC,0x8007AE4C,0x80017BA8,call
0x8007ACEC,0x8007AE68,0x80017BA8,call
0x8007ACEC,0x8007AE84,0x80017BA8,call
0x8007ACEC,0x8007AE9C,0x80017BA8,call
0x8007ACEC,0x8007AECC,0x80017BA8,call
0x8007ACEC,0x8007AFC4,0x80086A20,call
0x8007AFE8,0x8007B04C,0x800181BC,call
0x8007AFE8,0x8007B054,0x8003FD7C,call
0x8007B06C,0x8007B1A8,0x8000E9BC,call
0x8007B06C,0x8007B1EC,0x8003E0A0,call
0x8007B06C,0x8007B234,0x80017918,call
0x8007B06C,0x8007B240,0x80017BA8,call
0x8007B25C,0x8007B2AC,0x8003FD7C,call
0x8007B25C,0x8007B2BC,0x8003FD7C,call
0x8007B25C,0x8007B318,0x800181BC,call
0x8007B34C,0x8007B374,0x8003FBD4,call
0x8007B34C,0x8007B3C4,0x8000E8C4,call
0x8007B34C,0x8007B3D8,0x800156DC,call
0x8007B34C,0x8007B400,0x800181BC,call
0x8007B430,0x8007B454,0x80017DA4,call
0x8007B430,0x8007B4C4,0x80017DA4,call
0x8007B430,0x8007B4D8,0x80017DAC,call
0x8007B430,0x8007B4F0,0x8007B430,call
0x8007B430,0x8007B510,0x80017DAC,call
0x8007B544,0x8007B578,0x80017DA4,call
0x8007B544,0x8007B58C,0x80017DA4,call
0x8007B544,0x8007B5A0,0x80006D5C,call
0x8007B544,0x8007B5DC,0x80006EB4,call
0x8007B544,0x8007B5F4,0x80006EB4,call
0x8007B544,0x8007B600,0x80006D5C,call
0x8007B544,0x8007B63C,0x80006EB4,call
0x8007B544,0x8007B654,0x80006EB4,call
0x8007B544,0x8007B660,0x80017DAC,call
0x8007B544,0x8007B684,0x8007B544,call
0x8007B544,0x8007B694,0x80017DAC,call
0x8007B6CC,0x8007B708,0x80006E50,call
0x8007B6CC,0x8007B714,0x80006E74,call
0x8007B744,0x8007B780,0x80006E60,call
0x8007B744,0x8007B78C,0x80006E74,call
0x8007B828,0x8007B90C,0x8007B744,call
0x8007B828,0x8007B93C,0x800181BC,call
0x8007B828,0x8007B954,0x8003FD7C,call
0x8007B828,0x8007B96C,0x8007B744,call
0x8007B828,0x8007B990,0x800181BC,call
0x8007B828,0x8007B9B0,0x800181BC,call
0x8007B828,0x8007B9C8,0x8003FD7C,call
0x8007B9E4,0x8007BA08,0x8003F7B8,call
0x8007B9E4,0x8007BA20,0x8003F800,call
0x8007B9E4,0x8007BA60,0x8007B828,call
0x8007BB28,0x8007BBBC,0x80018324,call
0x8007BBEC,0x8007BC40,0x80083D80,call
0x8007BBEC,0x8007BCB8,0x800181BC,call
0x8007BBEC,0x8007BCD8,0x800181BC,call
0x8007BBEC,0x8007BD00,0x80017B7C,call
0x8007BBEC,0x8007BD28,0x800181BC,call
0x8007BBEC,0x8007BD30,0x8007B6CC,call
0x8007BBEC,0x8007BD40,0x8007B430,call
0x8007BBEC,0x8007BD8C,0x8003FA24,call
0x8007BBEC,0x8007BD94,0x8007B744,call
0x8007BBEC,0x8007BDC0,0x800181BC,call
0x8007BBEC,0x8007BDD8,0x8003FD7C,call
0x8007BDF4,0x8007BE38,0x8003FA24,call
0x8007BDF4,0x8007BE50,0x8003FD7C,call
0x8007BE68,0x8007BECC,0x8007B7BC,call
0x8007BE68,0x8007BEDC,0x8007B828,call
0x8007BE68,0x8007BEF4,0x8007B7BC,call
0x8007BE68,0x8007BF04,0x8007B828,call
0x8007BE68,0x8007BF1C,0x8007BDF4,call
0x8007BE68,0x8007BF34,0x8007B7BC,call
0x8007BE68,0x8007BF44,0x8007B828,call
0x8007BE68,0x8007BF5C,0x8007B7BC,call
0x8007BE68,0x8007BF6C,0x8007B828,call
0x8007BE68,0x8007BF84,0x8007B7BC,call
0x8007BE68,0x8007BF94,0x8007B828,call
0x8007BE68,0x8007BFAC,0x8007B7BC,call
0x8007BE68,0x8007BFBC,0x8007B828,call
0x8007BE68,0x8007BFD8,0x8007BBEC,call
0x8007BE68,0x8007BFF0,0x8007BBEC,call
0x8007BE68,0x8007C008,0x8007BDF4,call
0x8007BE68,0x8007C020,0x8007B7BC,call
0x8007BE68,0x8007C030,0x8007B828,call
0x8007BE68,0x8007C048,0x8007B7BC,call
0x8007BE68,0x8007C058,0x8007B828,call
0x8007C074,0x8007C0B4,0x80017C18,call
0x8007C074,0x8007C0DC,0x800181BC,call
0x8007C074,0x8007C0E8,0x80017BA8,call
0x8007C074,0x8007C114,0x80017C18,call
0x8007C074,0x8007C13C,0x800181BC,call
0x8007C074,0x8007C148,0x80017BA8,call
0x8007C074,0x8007C370,0x800155EC,call
0x8007C074,0x8007C3A0,0x80017B7C,call
0x8007C3C4,0x8007C418,0x8003FD7C,call
0x8007C3C4,0x8007C428,0x8003FD7C,call
0x8007C3C4,0x8007C458,0x80015268,call
0x8007C3C4,0x8007C488,0x80015268,call
0x8007C4C8,0x8007C4F0,0x8003F7B8,call
0x8007C4C8,0x8007C508,0x8003F800,call
0x8007C4C8,0x8007C560,0x8003FBD4,call
0x8007C4C8,0x8007C58C,0x80006D5C,call
0x8007C4C8,0x8007C59C,0x80006D5C,call
0x8007C4C8,0x8007C5B8,0x80017874,call
0x8007C4C8,0x8007C5C0,0x8005EEFC,call
0x8007C4C8,0x8007C5D4,0x80082C80,call
0x8007C4C8,0x8007C5E0,0x80015288,call
0x8007C4C8,0x8007C5F4,0x80006E74,call
0x8007C4C8,0x8007C600,0x80006EB4,call
0x8007C4C8,0x8007C614,0x80006E74,call
0x8007C4C8,0x8007C620,0x80006EB4,call
0x8007C64C,0x8007C680,0x800181BC,call
0x8007C64C,0x8007C694,0x8007B7BC,call
0x8007C64C,0x8007C6A4,0x8007B9E4,call
0x8007C64C,0x8007C6B8,0x80017874,call
0x8007C64C,0x8007C740,0x800151E0,call
0x8007C64C,0x8007C780,0x80017BA8,call
0x8007C64C,0x8007C7A4,0x800181BC,call
0x8007C64C,0x8007C7AC,0x8007BA9C,call
0x8007C64C,0x8007C7D8,0x800181BC,call
0x8007C64C,0x8007C7E4,0x80017BA8,call
0x8007C64C,0x8007C7FC,0x8007B6CC,call
0x8007C818,0x8007C864,0x80081700,call
0x8007C818,0x8007C888,0x8003F99C,call
0x8007C818,0x8007C8B0,0x80081700,call
0x8007C818,0x8007C8D4,0x8003F99C,call
0x8007C818,0x8007C914,0x80081700,call
0x8007C818,0x8007C938,0x8003F99C,call
0x8007C818,0x8007C96C,0x800181BC,call
0x8007C818,0x8007C99C,0x800181BC,call
0x8007C818,0x8007C9E4,0x80017520,call
0x8007C818,0x8007CA2C,0x80017BA8,call
0x8007C818,0x8007CA5C,0x80017B7C,call
0x8007C818,0x8007CA8C,0x80017B7C,call
0x8007C818,0x8007CAB4,0x800181BC,call
0x8007C818,0x8007CABC,0x8007B6CC,call
0x8007C818,0x8007CAC4,0x80082BE0,call
0x8007C818,0x8007CB3C,0x80008BC4,call
0x8007C818,0x8007CC20,0x8007B430,call
0x8007CC48,0x8007CC5C,0x8007B7BC,call
0x8007CC48,0x8007CC6C,0x8003FD7C,call
0x8007CC48,0x8007CCA0,0x80017C18,call
0x8007CC48,0x8007CCC4,0x80017BA8,call
0x8007CC48,0x8007CCF0,0x800181BC,call
0x8007CC48,0x8007CD00,0x8007B6CC,call
0x8007CC48,0x8007CD1C,0x8007B430,call
0x8007CD50,0x8007CE20,0x8007C818,call
0x8007CD50,0x8007CE8C,0x80006EB4,call
0x8007CD50,0x8007CE9C,0x80006EB4,call
0x8007CD50,0x8007CEB0,0x8007C818,call
0x8007CD50,0x8007CEE0,0x800181BC,call
0x8007CD50,0x8007CF00,0x800181BC,call
0x8007CD50,0x8007CF28,0x8003FD7C,call
0x8007CD50,0x8007CF38,0x80082BE0,call
0x8007CD50,0x8007CF78,0x80070764,call
0x8007CD50,0x8007CF88,0x80070764,call
0x8007CD50,0x8007CFC4,0x8007B544,call
0x8007CD50,0x8007CFF8,0x8003FA24,call
0x8007CD50,0x8007D00C,0x8007E988,call
0x8007CD50,0x8007D020,0x8007C64C,call
0x8007CD50,0x8007D034,0x8007C818,call
0x8007CD50,0x8007D094,0x80008B14,call
0x8007CD50,0x8007D09C,0x8007E988,call
0x8007CD50,0x8007D0B0,0x8007C818,call
0x8007CD50,0x8007D0FC,0x8003FA24,call
0x8007CD50,0x8007D13C,0x80006EB4,call
0x8007CD50,0x8007D150,0x80006EB4,call
0x8007CD50,0x8007D178,0x8003FD7C,call
0x8007CD50,0x8007D1C4,0x8003FA24,call
0x8007CD50,0x8007D238,0x8007B544,call
0x8007CD50,0x8007D274,0x8007B544,call
0x8007CD50,0x8007D2A8,0x8003FA24,call
0x8007CD50,0x8007D2C0,0x8007CC48,call
0x8007CD50,0x8007D2D0,0x8007CC48,call
0x8007CD50,0x8007D2E0,0x8003E1EC,call
0x8007CD50,0x8007D2F4,0x800704A8,call
0x8007D310,0x8007D31C,0x8007BB28,call
0x8007D310,0x8007D384,0x800181BC,call
0x8007D310,0x8007D3AC,0x800181BC,call
0x8007D3CC,0x8007D428,0x8007D310,call
0x8007D3CC,0x8007D464,0x80017B7C,call
0x8007D3CC,0x8007D4B0,0x8007B544,call
0x8007D3CC,0x8007D4EC,0x800181BC,call
0x8007D3CC,0x8007D514,0x800181BC,call
0x8007D3CC,0x8007D570,0x8007D310,call
0x8007D3CC,0x8007D57C,0x8007C4C8,call
0x8007D3CC,0x8007D5A4,0x80006EB4,call
0x8007D3CC,0x8007D5BC,0x80006EB4,call
0x8007D3CC,0x8007D5E0,0x80017C18,call
0x8007D3CC,0x8007D60C,0x800181BC,call
0x8007D3CC,0x8007D61C,0x80017BA8,call
0x8007D3CC,0x8007D644,0x800181BC,call
0x8007D3CC,0x8007D66C,0x8007D310,call
0x8007D3CC,0x8007D6DC,0x80015538,call
0x8007D3CC,0x8007D6EC,0x80015538,call
0x8007D3CC,0x8007D6F4,0x800154D0,call
0x8007D3CC,0x8007D6FC,0x800154D0,call
0x8007D3CC,0x8007D73C,0x80017BA8,call
0x8007D3CC,0x8007D75C,0x800181BC,call
0x8007D3CC,0x8007D7A4,0x80082BE0,call
0x8007D3CC,0x8007D800,0x8007B544,call
0x8007D3CC,0x8007D81C,0x8007D310,call
0x8007D3CC,0x8007D828,0x8007C4C8,call
0x8007D3CC,0x8007D850,0x80006EB4,call
0x8007D3CC,0x8007D868,0x80006EB4,call
0x8007D3CC,0x8007D88C,0x80017C18,call
0x8007D3CC,0x8007D8B8,0x800181BC,call
0x8007D3CC,0x8007D8C8,0x80017BA8,call
0x8007D3CC,0x8007D8E4,0x8007D310,call
0x8007D3CC,0x8007D900,0x80017C18,call
0x8007D3CC,0x8007D920,0x800181BC,call
0x8007D3CC,0x8007D92C,0x80017BA8,call
0x8007D3CC,0x8007D968,0x8007B544,call
0x8007D3CC,0x8007D9A8,0x800181BC,call
0x8007D3CC,0x8007D9E0,0x800181BC,call
0x8007DBA4,0x8007DE8C,0x800181BC,call
0x8007DBA4,0x8007DEBC,0x800181BC,call
0x8007DED8,0x8007DEF4,0x80017DA4,call
0x8007DED8,0x8007DF2C,0x8007DBA4,call
0x8007DED8,0x8007DF38,0x80017E54,call
0x8007DED8,0x8007DF50,0x80017E5C,call
0x8007DED8,0x8007DF60,0x800183A8,call
0x8007DED8,0x8007DF80,0x800182FC,call
0x8007DED8,0x8007DF8C,0x8007D3CC,call
0x8007DED8,0x8007DFD4,0x80017DAC,call
0x8007DED8,0x8007DFFC,0x8007DED8,call
0x8007DED8,0x8007E048,0x800181BC,call
0x8007DED8,0x8007E064,0x800181BC,call
0x8007E0AC,0x8007E0BC,0x80018324,call
0x8007E0EC,0x8007E168,0x8007DA20,call
0x8007E0EC,0x8007E180,0x8007E0AC,call
0x8007E0EC,0x8007E18C,0x800305E8,call
0x8007E0EC,0x8007E198,0x80030964,call
0x8007E0EC,0x8007E1A8,0x8007B744,call
0x8007E0EC,0x8007E1D4,0x800181BC,call
0x8007E0EC,0x8007E204,0x800305E8,call
0x8007E0EC,0x8007E210,0x80030964,call
0x8007E0EC,0x8007E220,0x8007B744,call
0x8007E0EC,0x8007E244,0x800181BC,call
0x8007E0EC,0x8007E274,0x800305E8,call
0x8007E0EC,0x8007E280,0x80030964,call
0x8007E0EC,0x8007E290,0x8007B744,call
0x8007E0EC,0x8007E2B4,0x800181BC,call
0x8007E0EC,0x8007E2E4,0x800305E8,call
0x8007E0EC,0x8007E2F0,0x80030964,call
0x8007E0EC,0x8007E338,0x8007DED8,call
0x8007E0EC,0x8007E354,0x8007E0AC,call
0x8007E0EC,0x8007E360,0x800305E8,call
0x8007E0EC,0x8007E36C,0x80030964,call
0x8007E0EC,0x8007E38C,0x800305E8,call
0x8007E0EC,0x8007E398,0x80030964,call
0x8007E0EC,0x8007E3A8,0x8007B744,call
0x8007E0EC,0x8007E3CC,0x800181BC,call
0x8007E0EC,0x8007E404,0x8007DED8,call
0x8007E0EC,0x8007E41C,0x8007E0AC,call
0x8007E0EC,0x8007E434,0x8007DED8,call
0x8007E0EC,0x8007E44C,0x8007E0AC,call
0x8007E0EC,0x8007E458,0x800305E8,call
0x8007E0EC,0x8007E464,0x80030964,call
0x8007E0EC,0x8007E474,0x8007B744,call
0x8007E0EC,0x8007E498,0x800181BC,call
0x8007E0EC,0x8007E4C8,0x800305E8,call
0x8007E0EC,0x8007E4D4,0x80030964,call
0x8007E0EC,0x8007E4E4,0x8007B744,call
0x8007E0EC,0x8007E508,0x800181BC,call
0x8007E0EC,0x8007E538,0x800305E8,call
0x8007E0EC,0x8007E544,0x80030964,call
0x8007E0EC,0x8007E554,0x8007B744,call
0x8007E0EC,0x8007E578,0x800181BC,call
0x8007E0EC,0x8007E5A8,0x800305E8,call
0x8007E0EC,0x8007E5B4,0x80030964,call
0x8007E0EC,0x8007E5D4,0x800305E8,call
0x8007E0EC,0x8007E5E0,0x80030964,call
0x8007E0EC,0x8007E5F0,0x8007B744,call
0x8007E0EC,0x8007E614,0x800181BC,call
0x8007E0EC,0x8007E64C,0x8007DED8,call
0x8007E0EC,0x8007E664,0x8007E0AC,call
0x8007E0EC,0x8007E670,0x800305E8,call
0x8007E0EC,0x8007E67C,0x80030964,call
0x8007E0EC,0x8007E69C,0x800305E8,call
0x8007E0EC,0x8007E6A8,0x80030964,call
0x8007E0EC,0x8007E6DC,0x80017520,call
0x8007E0EC,0x8007E6E8,0x80017BA8,call
0x8007E0EC,0x8007E6FC,0x8007DED8,call
0x8007E0EC,0x8007E714,0x8007E0AC,call
0x8007E0EC,0x8007E720,0x800305E8,call
0x8007E0EC,0x8007E72C,0x80030964,call
0x8007E0EC,0x8007E73C,0x8007B744,call
0x8007E0EC,0x8007E760,0x800181BC,call
0x8007E0EC,0x8007E798,0x8007DED8,call
0x8007E0EC,0x8007E7B0,0x8007E0AC,call
0x8007E0EC,0x8007E7BC,0x800305E8,call
0x8007E0EC,0x8007E7C8,0x80030964,call
0x8007E0EC,0x8007E7D8,0x8007B744,call
0x8007E0EC,0x8007E7FC,0x800181BC,call
0x8007E0EC,0x8007E834,0x8007DED8,call
0x8007E0EC,0x8007E848,0x8007E0AC,call
0x8007E0EC,0x8007E854,0x800305E8,call
0x8007E0EC,0x8007E860,0x80030964,call
0x8007E0EC,0x8007E870,0x8007B744,call
0x8007E0EC,0x8007E894,0x800181BC,call
0x8007E0EC,0x8007E8C4,0x800305E8,call
0x8007E0EC,0x8007E8D0,0x80030964,call
0x8007E0EC,0x8007E8E0,0x8007B744,call
0x8007E0EC,0x8007E904,0x800181BC,call
0x8007E0EC,0x8007E934,0x800305E8,call
0x8007E0EC,0x8007E940,0x80030964,call
0x8007E0EC,0x8007E968,0x8007DED8,call
0x8007E988,0x8007E9CC,0x80082BE0,call
0x8007E988,0x8007E9DC,0x80082BE0,call
0x8007E988,0x8007EA48,0x80082BE0,call
0x8007E988,0x8007EA6C,0x800156DC,call
0x8007E988,0x8007EAB4,0x8003B184,call
0x8007E988,0x8007EADC,0x80082BE0,call
0x8007E988,0x8007EB00,0x80082BE0,call
0x8007EB7C,0x8007EC8C,0x80082BE0,call
0x8007EB7C,0x8007ECB4,0x80082BE0,call
0x8007EB7C,0x8007ECDC,0x80082BE0,call
0x8007EB7C,0x8007ED0C,0x80008B14,call
0x8007EB7C,0x8007ED38,0x80082BE0,call
0x8007EB7C,0x8007ED60,0x80082BE0,call
0x8007EB7C,0x8007EDB8,0x80008BC4,call
0x8007EB7C,0x8007EDE8,0x80065810,call
0x8007EE4C,0x8007EE7C,0x8003B250,call
0x8007F098,0x8007F0D4,0x8003B02C,call
0x8007F098,0x8007F0F4,0x80000520,call
0x8007F098,0x8007F100,0x80005134,call
0x8007F098,0x8007F120,0x80005134,call
0x8007F098,0x8007F130,0x80000520,call
0x8007F098,0x8007F13C,0x8003A568,call
0x8007F098,0x8007F1E8,0x800183A8,call
0x8007F098,0x8007F200,0x800183B0,call
0x8007F24C,0x8007F284,0x8003B02C,call
0x8007F24C,0x8007F308,0x8003B02C,call
0x8007F24C,0x8007F34C,0x8003B02C,call
0x8007F24C,0x8007F3C8,0x8003B02C,call
0x8007F24C,0x8007F3FC,0x8003B02C,call
0x8007F430,0x8007F450,0x8007EE4C,call
0x8007F430,0x8007F460,0x8003A568,call
0x8007F430,0x8007F4A8,0x800183A8,call
0x8007F430,0x8007F4D4,0x8007EE98,call
0x8007F430,0x8007F4E0,0x8003B02C,call
0x8007F430,0x8007F530,0x8007F24C,call
0x8007F430,0x8007F53C,0x8003B02C,call
0x8007F430,0x8007F548,0x800153EC,call
0x8007F560,0x8007F5B0,0x8007EE4C,call
0x8007F560,0x8007F5E4,0x80008F28,call
0x8007F560,0x8007F698,,jalr
0x8007F560,0x8007F7E4,,jalr
0x8007F914,0x8007F96C,0x8003A568,call
0x8007F914,0x8007FA1C,0x8003B02C,call
0x8007F914,0x8007FA90,0x8003B184,call
0x8007F914,0x8007FA9C,0x80015470,call
0x8007F914,0x8007FAE4,0x8003B02C,call
0x8007F914,0x8007FAF4,0x8003A568,call
0x8007F914,0x8007FBBC,0x80015470,call
0x8007F914,0x8007FC7C,0x8003A568,call
0x8007F914,0x8007FD04,0x8003B02C,call
0x8007FD98,0x8007FDA8,0x8007F914,call
0x8007FDC0,0x8007FE48,0x8007EE4C,call
0x8007FDC0,0x8007FE6C,0x80008F28,call
0x8007FDC0,0x8007FE7C,0x8003A50C,call
0x8007FDC0,0x8007FF2C,0x8007FD98,call
0x8007FDC0,0x8008003C,0x8007FD98,call
0x8007FDC0,0x800800E4,0x8003A50C,call
0x800801B8,0x8008022C,0x80008F28,call
0x800801B8,0x8008025C,0x80080148,call
0x800801B8,0x80080294,0x80008F28,call
0x800801B8,0x800802B0,0x80080148,call
0x800801B8,0x800802DC,0x8007FDC0,call
0x800801B8,0x800802FC,0x8007F560,call
0x800801B8,0x80080328,0x8007F560,call
0x8008035C,0x80080368,0x8003A568,call
0x80080408,0x80080414,0x8003A568,call
0x80080498,0x80080500,0x8003B02C,call
0x80080498,0x80080538,0x800153C0,call
0x80080498,0x80080630,0x8003B02C,call
0x80080498,0x800806CC,0x8003B02C,call
0x80080498,0x8008075C,0x8003B02C,call
0x80080498,0x80080794,0x8003B02C,call
0x800807E0,0x80080824,0x800183A8,call
0x800807E0,0x80080858,0x8007EE98,call
0x800807E0,0x8008086C,0x80080498,call
0x800807E0,0x80080878,0x80080408,call
0x800807E0,0x80080884,0x80080350,call
0x800807E0,0x80080894,0x8007F22C,call
0x800807E0,0x800808A4,0x8007F23C,call
0x800808E0,0x800808F4,0x8003B02C,call
0x800808E0,0x8008095C,0x800155EC,call
0x800808E0,0x80080994,0x800153C0,call
0x80080A1C,0x80080A54,0x8008035C,call
0x80080BEC,0x80080C00,0x80080498,call
0x80080BEC,0x80080C14,0x80080408,call
0x80080BEC,0x80080C20,0x80080350,call
0x80080BEC,0x80080C30,0x8007F22C,call
0x80080BEC,0x80080C40,0x8007F23C,call
0x80080BEC,0x80080C60,0x800807E0,call
0x80080BEC,0x80080C6C,0x800808E0,call
0x80080BEC,0x80080C90,0x80080A1C,call
0x80080DB4,0x80080E24,0x8007EE4C,call
0x80080DB4,0x80080F1C,0x8003A4A0,call
0x80080DB4,0x80080FB0,0x8003A4A0,call
0x80080DB4,0x80081084,0x8003B02C,call
0x800811DC,0x800811E4,0x8008C550,call
0x800811DC,0x80081234,0x8008AB84,call
0x8008126C,0x80081274,0x800811DC,call
0x8008126C,0x80081298,0x8008AC48,call
0x8008126C,0x800812AC,0x8008AB48,call
0x8008126C,0x800812B8,0x8008C738,call
0x800812E8,0x80081318,0x8008126C,call
0x80081360,0x80081378,0x80081260,call
0x80081360,0x80081380,0x800811DC,call
0x80081360,0x80081394,0x8008AC48,call
0x80081360,0x800813A8,0x8008AB48,call
0x80081360,0x800813DC,0x8008126C,call
0x80081360,0x80081440,0x8008126C,call
0x80081814,0x80081830,0x800153C0,call
0x80081814,0x80081878,0x800153C0,call
0x80081814,0x800818C0,0x800153C0,call
0x80081948,0x8008195C,0x800156DC,call
0x80081948,0x80081970,0x80015328,call
0x80081948,0x8008198C,0x80017918,call
0x80081BE8,0x80081C94,0x80015538,call
0x80081BE8,0x80081CE4,0x80015538,call
0x80081BE8,0x80081CF4,0x80015538,call
0x80081BE8,0x80081D04,0x80015538,call
0x80081FB0,0x80081FE0,0x800179EC,call
0x80081FB0,0x80082074,0x800819A4,call
0x80081FB0,0x8008219C,0x80081BE8,call
0x80081FB0,0x800821B4,0x80081A2C,call
0x80081FB0,0x800821C8,0x80081A2C,call
0x80081FB0,0x800821DC,0x80081A2C,call
0x80082440,0x80082564,0x80015538,call
0x80082440,0x80082574,0x80015538,call
0x80082440,0x8008257C,0x800154D0,call
0x80082440,0x80082584,0x800154D0,call
0x80082440,0x800825E0,0x80015538,call
0x80082440,0x800825F0,0x80015538,call
0x80082440,0x800825F8,0x800154D0,call
0x80082440,0x80082600,0x800154D0,call
0x80082624,0x80082688,0x800153C0,call
0x80082624,0x800826C0,0x800155C0,call
0x80082624,0x800826C8,0x80014D4C,call
0x80082624,0x8008276C,0x80014F54,call
0x80082624,0x8008277C,0x800174B8,call
0x80082624,0x80082798,0x80017580,call
0x800827E0,0x80082880,0x800827E0,call
0x800827E0,0x800828B0,0x80014F2C,call
0x800827E0,0x800828FC,0x80014CC0,call
0x800827E0,0x8008292C,0x80014CC0,call
0x800827E0,0x80082954,0x80014CC0,call
0x800829F4,0x80082A74,0x80014F2C,call
0x800829F4,0x80082A88,0x80014CC0,call
0x800829F4,0x80082B20,0x800154D0,call
0x80082B38,0x80082B60,0x80014CC0,call
0x80082B38,0x80082B84,0x800154D0,call
0x80082BE0,0x80082BF8,0x800811DC,call
0x80082C80,0x80082CB8,0x80017DA4,call
0x80082C80,0x80082CCC,0x800156DC,call
0x80082C80,0x80082E1C,0x80015724,call
0x80082C80,0x80082EA8,0x80017DAC,call
0x80082C80,0x80082ED8,0x80082C80,call
0x80082FA4,0x80083008,0x80017DA4,call
0x80082FA4,0x80083070,0x80017DAC,call
0x80082FA4,0x800830B8,0x80082FA4,call
0x80083134,0x80083164,0x80082FA4,call
0x80083190,0x80083234,0x80017DA4,call
0x80083190,0x8008336C,0x80015724,call
0x800833B4,0x800833E8,0x80017DA4,call
0x800833B4,0x8008342C,0x80017D58,call
0x800833B4,0x80083440,0x80017D58,call
0x800833B4,0x8008346C,0x80017D58,call
0x800833B4,0x80083480,0x80017DAC,call
0x800833B4,0x800834A0,0x800833B4,call
0x800834F0,0x80083578,0x80014CC0,call
0x800834F0,0x80083598,0x80017DA4,call
0x800834F0,0x800835AC,0x80017DAC,call
0x800834F0,0x800835F4,0x800834F0,call
0x80083D80,0x80083DC4,0x80017874,call
0x80083D80,0x80083DDC,0x80017DA4,call
0x80083D80,0x80083E00,0x80017C18,call
0x80083D80,0x80083E0C,0x80015C30,call
0x80083D80,0x80083E2C,0x80017C98,call
0x80083D80,0x80083E38,0x80015C30,call
0x80083D80,0x80083E40,0x80017DAC,call
0x80083D80,0x80083E68,0x80083D80,call
0x80083D80,0x80083EA4,0x80017E20,call
0x80083D80,0x80083EB4,0x80016CAC,call
0x80083D80,0x80083EC4,0x80016CAC,call
0x80083EFC,0x80083FD0,0x80016CAC,call
0x80083EFC,0x80083FE0,0x80016CAC,call
0x80083EFC,0x80083FF0,0x80016CAC,call
0x80083EFC,0x80084020,0x80081FB0,call
0x80083EFC,0x80084108,0x80016A20,call
0x80083EFC,0x8008411C,0x80016CAC,call
0x80083EFC,0x80084130,0x80016BF4,call
0x80084148,0x80084258,0x80083EFC,call
0x80084148,0x80084290,0x80083EFC,call
0x80084148,0x800842D8,0x80083EFC,call
0x80084324,0x800843F4,0x80016CAC,call
0x80084324,0x80084400,0x800153EC,call
0x80084324,0x80084470,0x80084148,call
0x800844C8,0x800844D0,0x80017DAC,call
0x800845A0,0x800845E4,0x800182FC,call
0x800845A0,0x800845F4,0x80017DA4,call
0x800845A0,0x80084618,0x800156DC,call
0x800845A0,0x800847E0,0x80015724,call
0x800845A0,0x800847E8,0x80017DAC,call
0x800845A0,0x80084844,0x800845A0,call
0x800845A0,0x80084888,0x800844C8,call
0x800845A0,0x800848E0,0x800845A0,call
0x800845A0,0x800848F0,0x80017DAC,call
0x800845A0,0x80084968,0x800845A0,call
0x800845A0,0x800849CC,0x800845A0,call
0x800845A0,0x80084A04,0x80084324,call
0x80084A3C,0x80084B7C,0x800845A0,call
0x80084BDC,0x80084BF4,0x80083190,call
0x80084BDC,0x80084C04,0x80016CAC,call
0x80084BDC,0x80084C14,0x80016BF4,call
0x80084CC4,0x80084CD0,0x8008A360,call
0x80084CC4,0x80084D24,0x80039CD8,call
0x80084D44,0x80084D88,0x80088AD0,call
0x80084D44,0x80084E28,0x80088AD0,call
0x80084D44,0x80084E30,0x80084C30,call
0x80084D44,0x80084E44,0x8002E2FC,call
0x80084D44,0x80084E7C,0x8002E548,call
0x80084D44,0x80084E90,0x8002DFBC,call
0x80084D44,0x80084E98,0x8002E034,call
0x80084D44,0x80084EA0,0x80088AD0,call
0x80084EB8,0x80084FFC,0x80088360,call
0x80084EB8,0x80085118,0x80088360,call
0x80084EB8,0x80085274,0x800390AC,call
0x8008528C,0x800853DC,0x80088360,call
0x8008528C,0x800854F8,0x80088360,call
0x8008528C,0x80085798,0x800390AC,call
0x800857B0,0x80085928,0x80088360,call
0x80085D44,0x80085D58,0x8008C770,call
0x80085D44,0x80085D74,0x8008C770,call
0x80085D44,0x80085DC8,0x80085AB4,call
0x80085D44,0x80085DE4,0x800118F8,call
0x80085D44,0x80085DF8,0x80084D44,call
0x80085E20,0x80085E68,0x8002DFBC,call
0x80085E20,0x80085E8C,0x8002E034,call
0x80085EB0,0x80085EF8,0x800153EC,call
0x80085EB0,0x80085F20,0x800153EC,call
0x80085FB0,0x80086034,0x80014D20,call
0x80085FB0,0x80086040,0x80014F54,call
0x80085FB0,0x80086070,0x80014D20,call
0x80085FB0,0x8008615C,0x80085F78,call
0x800862D8,0x8008633C,0x80086178,call
0x800862D8,0x80086344,0x80085FB0,call
0x800863C8,0x800865C8,0x80086178,call
0x800863C8,0x800865D0,0x80085FB0,call
0x800865E8,0x800865F4,0x80011838,call
0x800865E8,0x800865FC,0x8000FE1C,call
0x800865E8,0x80086604,0x8000FE78,call
0x800865E8,0x8008660C,0x8000FEF0,call
0x800865E8,0x80086614,0x80010040,call
0x800865E8,0x80086624,0x800863C8,call
0x800865E8,0x8008663C,0x8008635C,call
0x800865E8,0x80086658,0x800862D8,call
0x800865E8,0x80086674,0x800862D8,call
0x800865E8,0x800866A8,0x8008635C,call
0x800865E8,0x800866C4,0x800862D8,call
0x800865E8,0x800866DC,0x8003E1D0,call
0x800865E8,0x80086708,0x80005B1C,call
0x800865E8,0x80086714,0x80005B1C,call
0x80086730,0x80086804,0x80085F78,call
0x80086930,0x8008695C,0x80086178,call
0x80086930,0x80086964,0x80085FB0,call
0x80086930,0x80086970,0x800156DC,call
0x80086930,0x800869A4,0x8008681C,call
0x80086930,0x800869B4,0x80015724,call
0x80086930,0x800869C0,0x80033E40,call
0x80086A20,0x80086A38,0x800153C0,call
0x80086A20,0x80086B64,0x80038E58,call
0x80086A20,0x80086B74,0x80038ED0,call
0x80086B8C,0x80086BA8,0x800153C0,call
0x80086B8C,0x80086C88,0x80038FE8,call
0x80086CA0,0x80086CB0,0x80038F68,call
0x80086CE0,0x80086D24,0x800181BC,call
0x80086CE0,0x80086D50,0x800181BC,call
0x80086CE0,0x80086D7C,0x800181BC,call
0x80086CE0,0x80086DA8,0x800181BC,call
0x80086CE0,0x80086DDC,0x800181BC,call
0x80086CE0,0x80086E08,0x800181BC,call
0x80086CE0,0x80086E34,0x800181BC,call
0x80086CE0,0x80086E60,0x800181BC,call
0x80086CE0,0x80086E6C,0x80038950,call
0x80086CE0,0x80086E9C,0x800387F8,call
0x80086EB4,0x80087068,0x80038D5C,call
0x80087080,0x800870B0,0x80086930,call
0x80087080,0x800870B8,0x80086EB4,call
0x800870D0,0x80087120,0x8008A6B4,call
0x800870D0,0x80087134,0x8003ED74,call
0x800870D0,0x8008713C,0x80052060,call
0x800870D0,0x8008716C,0x8008A6B4,call
0x800870D0,0x80087180,0x8003ED74,call
0x80087198,0x800871E0,0x800390A4,call
0x80087198,0x800872CC,0x80088360,call
0x80087198,0x80087314,0x80035698,call
0x80087198,0x8008732C,0x800356BC,call
0x80087198,0x8008733C,0x80035698,call
0x80087198,0x800873C8,0x80087080,call
0x80087198,0x8008742C,0x8008528C,call
0x80087198,0x8008747C,0x80084EB8,call
0x80087198,0x80087484,0x8000A53C,call
0x80087198,0x800874C8,0x80087080,call
0x80087198,0x80087518,0x80038DBC,call
0x80087198,0x8008753C,0x80038DF8,call
0x80087198,0x8008754C,0x80038DBC,call
0x80087198,0x80087578,0x800181BC,call
0x80087198,0x800875A0,0x800181BC,call
0x80087198,0x800875C4,0x80011888,call
0x80087198,0x800875D4,0x80011888,call
0x80087198,0x800875DC,0x80086CE0,call
0x80087198,0x80087628,0x80015288,call
0x80087198,0x8008764C,0x80087080,call
0x80087198,0x800876D0,0x8000A53C,call
0x80087198,0x800876F0,0x800870D0,call
0x80087198,0x800876F8,0x8003E9D0,call
0x80087198,0x80087700,0x8000A53C,call
0x80087198,0x80087708,0x8003EA24,call
0x80087198,0x80087710,0x80031FA4,call
0x80087198,0x80087718,0x800879B8,call
0x80087754,0x80087780,0x80018114,call
0x800877AC,0x800877E4,0x8001811C,call
0x80087D70,0x80087E20,0x8008C900,call
0x80087D70,0x80087E34,0x8008C7B0,call
0x80087D70,0x80087E44,0x8008C900,call
0x80087D70,0x80087E58,0x8008C930,call
0x80087E80,0x80087E98,0x8008CA80,call
0x80087E80,0x80087EC0,0x8008CAA0,call
0x80087E80,0x80087EE0,0x8008D12C,call
0x80087E80,0x80087F84,0x8008D274,call
0x80087E80,0x80087F90,0x8008B960,call
0x80087E80,0x80087F98,0x8008CAA0,call
0x80088074,0x8008808C,0x8008D410,call
0x800880AC,0x800880C8,0x800887D0,call
0x800882B0,0x8008830C,0x8008D420,call
0x800882B0,0x80088324,0x80088360,call
0x80088360,0x800883C4,0x8008D450,call
0x80088450,0x80088460,0x80088020,call
0x80088450,0x80088470,0x80088050,call
0x80088488,0x800884B0,0x80088020,call
0x80088488,0x800884BC,0x80088050,call
0x80088538,0x80088634,,jalr
0x80088538,0x80088734,,jalr
0x80088538,0x80088754,,jalr
0x80088538,0x80088790,0x80088488,call
0x800887D0,0x80088848,0x80087FC0,call
0x800887D0,0x80088854,0x8008D510,call
0x800887D0,0x80088878,0x80087FC0,call
0x800887D0,0x800888A0,0x80087FC0,call
0x800887D0,0x800888B0,0x8008D5A8,call
0x800887D0,0x800888CC,0x80087FC0,call
0x800887D0,0x800888EC,0x80087FC0,call
0x800887D0,0x800888FC,0x8008D554,call
0x800887D0,0x8008891C,0x8008DCB0,call
0x800887D0,0x80088930,0x8008DD50,call
0x800887D0,0x80088964,0x80087FC0,call
0x800887D0,0x80088998,0x80088050,call
0x800887D0,0x800889AC,0x8008D684,call
0x800887D0,0x800889BC,0x8008DEA0,call
0x800887D0,0x800889C8,0x8008D5FC,call
0x800887D0,0x800889D8,0x8008E9F0,call
0x800887D0,0x800889E4,0x8008D72C,call
0x800887D0,0x800889F4,0x8008EE04,call
0x800887D0,0x80088A04,0x8008F950,call
0x800887D0,0x80088A40,0x8008FA60,call
0x800887D0,0x80088A5C,0x80087FC0,call
0x80088B20,0x80088B54,0x8008FC3C,call
0x80088B70,0x80088B78,0x80090500,call
0x80088B70,0x80088BB8,0x80088020,call
0x80088B70,0x80088BC4,0x80088050,call
0x80088B70,0x80088BD4,0x80090500,call
0x80088BFC,0x80088C60,0x8008FC3C,call
0x80088BFC,0x80088CC0,0x8008FF98,call
0x80088BFC,0x80088D48,0x800900E0,call
0x80088BFC,0x80088D5C,0x80090170,call
0x80088BFC,0x80088D70,0x80090200,call
0x80088BFC,0x80088D80,0x800902A0,call
0x80088BFC,0x80088D90,0x80090330,call
0x80088BFC,0x80088DF0,0x8008FC3C,call
0x80088BFC,0x80088E64,0x80090200,call
0x80088BFC,0x80088E88,0x8008FC3C,call
0x80088BFC,0x80088E9C,0x800903D0,call
0x80088BFC,0x80088EA8,0x80090450,call
0x80088BFC,0x80088EB8,0x80088B70,call
0x80088BFC,0x80088F24,0x80090170,call
0x80088BFC,0x80088F78,0x800902A0,call
0x80088BFC,0x80088FA0,0x80090330,call
0x80088BFC,0x80089004,0x80090200,call
0x80088BFC,0x80089098,0x80090200,call
0x80088BFC,0x800890B0,0x8008FC3C,call
0x80088BFC,0x800890C4,0x800903D0,call
0x80088BFC,0x800890D0,0x80090450,call
0x80088BFC,0x800890E0,0x80088B70,call
0x80088BFC,0x800890F4,0x8008FD60,call
0x80089144,0x80089194,0x80087FC0,call
0x80089144,0x800891F4,0x80087FC0,call
0x80089144,0x8008920C,0x8008FDEC,call
0x80089144,0x80089234,0x8008FE60,call
0x80089144,0x8008924C,0x8008FC3C,call
0x80089144,0x80089258,0x8008FD60,call
0x80089384,0x80089404,0x80089290,call
0x80089384,0x80089430,0x80089290,call
0x80089610,0x80089650,0x8008FC3C,call
0x80089670,0x800896B0,0x8008FC3C,call
0x800896D0,0x8008970C,0x8008FC3C,call
0x80089730,0x80089770,0x8008FC3C,call
0x80089790,0x800897DC,0x8008FC3C,call
0x80089800,0x8008980C,0x800905F0,call
0x80089800,0x80089848,0x80090634,call
0x80089870,0x800898A4,0x80090660,call
0x80089870,0x800898DC,0x800880E0,call
0x80089870,0x80089928,0x800906F0,call
0x80089870,0x80089938,0x80087E80,call
0x80089870,0x8008994C,0x80089AB0,call
0x80089870,0x8008995C,0x800907D0,call
0x80089870,0x80089970,0x80087E80,call
0x80089870,0x80089980,0x800907D0,call
0x80089870,0x80089994,0x80087E80,call
0x80089870,0x800899A0,0x800899E0,call
0x80089870,0x800899AC,0x800905A0,call
0x80089870,0x800899C4,0x800880E0,call
0x80089BB0,0x80089BB8,0x800905F0,call
0x80089BB0,0x80089BD4,0x80089CC0,call
0x80089BB0,0x80089BE4,0x800907D0,call
0x80089BB0,0x80089BF4,0x80087E80,call
0x80089BB0,0x80089C04,0x800907D0,call
0x80089BB0,0x80089C18,0x80090634,call
0x80089D90,0x80089DA4,0x800905F0,call
0x80089D90,0x80089DB0,0x80090880,call
0x80089D90,0x80089DB8,0x80090634,call
0x80089D90,0x80089E00,0x800910D4,call
0x80089D90,0x80089E20,0x80091630,call
0x80089E50,0x80089E90,0x80091280,call
0x80089E50,0x80089EB8,0x80091FD0,call
0x80089E50,0x80089EFC,0x80092050,call
0x80089F70,0x80089FD0,0x80091280,call
0x80089F70,0x80089FF8,0x80091FD0,call
0x80089F70,0x8008A028,0x80092050,call
0x80089F70,0x8008A098,0x80091354,call
0x80089F70,0x8008A104,0x80092250,call
0x80089F70,0x8008A118,0x80092250,call
0x8008A150,0x8008A194,0x80091280,call
0x8008A150,0x8008A1D0,0x80091354,call
0x8008A2F0,0x8008A2FC,0x8008CA80,call
0x8008A2F0,0x8008A33C,0x8008CAA0,call
0x8008A360,0x8008A368,0x8008CA80,call
0x8008A360,0x8008A398,0x8008CAA0,call
0x8008A3B0,0x8008A3BC,0x8008CA80,call
0x8008A3B0,0x8008A404,0x8008CAA0,call
0x8008A420,0x8008A470,0x800926A0,call
0x8008A420,0x8008A498,0x80091FD0,call
0x8008A420,0x8008A4CC,0x80092050,call
0x8008A420,0x8008A50C,0x80091354,call
0x8008A420,0x8008A530,0x8008A5F8,call
0x8008A420,0x8008A550,0x80091354,call
0x8008A420,0x8008A5A4,0x80092850,call
0x8008A420,0x8008A5CC,0x800928F0,call
0x8008A690,0x8008A698,0x8008C2F0,call
0x8008A6B4,0x8008A6DC,0x80093180,call
0x8008A710,0x8008A720,0x80093820,call
0x8008A710,0x8008A72C,0x80093890,call
0x8008A710,0x8008A734,0x80093864,call
0x8008ADB0,0x8008ADB8,0x800938F0,call
0x8008AE30,0x8008AE44,0x8008CA80,call
0x8008AE30,0x8008AE7C,0x8008CAA0,call
0x8008AEA0,0x8008AEC0,0x80092250,call
0x8008AEA0,0x8008AED8,0x80088360,call
0x8008AEA0,0x8008AEF8,0x80088360,call
0x8008AEA0,0x8008AF18,0x80088360,call
0x8008AEA0,0x8008AF38,0x80088360,call
0x8008AEA0,0x8008AF58,0x80088360,call
0x8008AEA0,0x8008AF78,0x80088360,call
0x8008AEA0,0x8008AF98,0x80088360,call
0x8008AFBC,0x8008AFC8,0x8008AEA0,call
0x8008AFBC,0x8008B044,0x80093900,call
0x8008AFBC,0x8008B04C,0x80093980,call
0x8008AFBC,0x8008B058,0x80093990,call
0x8008AFBC,0x8008B070,0x80093990,call
0x8008AFBC,0x8008B094,0x800939D0,call
0x8008AFBC,0x8008B0B8,0x800939D0,call
0x8008AFBC,0x8008B0CC,0x80093A60,call
0x8008AFBC,0x8008B0DC,0x80093A60,call
0x8008AFBC,0x8008B100,0x800939D0,call
0x8008AFBC,0x8008B128,0x800939D0,call
0x8008B14C,0x8008B154,0x80093A60,call
0x8008B14C,0x8008B164,0x80093A60,call
0x8008B14C,0x8008B174,0x80093980,call
0x8008B190,0x8008B198,0x80093980,call
0x8008B1B0,0x8008B1F0,0x800905F0,call
0x8008B1B0,0x8008B26C,0x800907D0,call
0x8008B1B0,0x8008B27C,0x80087E80,call
0x8008B1B0,0x8008B298,0x800907D0,call
0x8008B1B0,0x8008B2A8,0x80087E80,call
0x8008B1B0,0x8008B2F8,0x80090634,call
0x8008B318,0x8008B354,0x80093A90,call
0x8008B424,0x8008B458,0x80091FD0,call
0x8008B424,0x8008B470,0x80091FD0,call
0x8008B424,0x8008B494,0x80092050,call
0x8008B424,0x8008B4D0,0x80091FD0,call
0x8008B424,0x8008B500,0x80092050,call
0x8008B424,0x8008B558,0x8008B318,call
0x8008B580,0x8008B598,0x80093C10,call
0x8008B580,0x8008B5A8,0x80093C00,call
0x8008B580,0x8008B5B4,0x80093C20,call
0x8008B580,0x8008B5C4,0x80093C30,call
0x8008B580,0x8008B5DC,0x80093C30,call
0x8008B580,0x8008B5FC,0x80093C80,call
0x8008B580,0x8008B61C,0x80093C80,call
0x8008B580,0x8008B6EC,0x80093900,call
0x8008B580,0x8008B6F8,0x80093CD0,call
0x8008B580,0x8008B700,0x80093D50,call
0x8008B580,0x8008B70C,0x80093890,call
0x8008B580,0x8008B750,0x8008AC48,call
0x8008B580,0x8008B76C,0x8008AB48,call
0x8008B580,0x8008B794,0x80092850,call
0x8008B810,0x8008B910,0x8008CA80,call
0x8008B810,0x8008B938,0x8008CAA0,call
0x8008B960,0x8008B970,0x8008CA80,call
0x8008B960,0x8008B9AC,0x8008D22C,call
0x8008B960,0x8008B9F0,0x8008D22C,call
0x8008B960,0x8008BA14,0x8008D22C,call
0x8008B960,0x8008BA20,0x8008D274,call
0x8008B960,0x8008BA34,0x8008D22C,call
0x8008B960,0x8008BA4C,0x8008D284,call
0x8008B960,0x8008BA8C,0x8008D12C,call
0x8008B960,0x8008BA94,0x8008CAA0,call
0x8008BAB0,0x8008BAD4,0x80093DB0,call
0x8008BAB0,0x8008BAF4,0x800880E0,call
0x8008BAB0,0x8008BB34,0x8008AE30,call
0x8008BAB0,0x8008BB4C,0x8008AE30,call
0x8008BAB0,0x8008BB5C,0x800941B0,call
0x8008BAB0,0x8008BB78,0x8008BFB0,call
0x8008BAB0,0x8008BB80,0x8008CA80,call
0x8008BAB0,0x8008BBDC,0x8008B810,call
0x8008BAB0,0x8008BBE4,0x80092560,call
0x8008BAB0,0x8008BBF0,0x8008B960,call
0x8008BAB0,0x8008BBF8,0x8008CAA0,call
0x8008BAB0,0x8008BC14,0x8008BFB0,call
0x8008BC30,0x8008BC5C,0x800941D0,call
0x8008BC30,0x8008BCAC,0x80087E80,call
0x8008BC30,0x8008BCD4,0x800941E0,call
0x8008BC30,0x8008BCF8,0x800941D0,call
0x8008BC30,0x8008BD18,0x8008C930,call
0x8008BC30,0x8008BD38,0x8008C550,call
0x8008BC30,0x8008BD70,0x80093E3C,call
0x8008BDC0,0x8008BDEC,0x8008BF3C,call
0x8008BDC0,0x8008BDFC,0x800880E0,call
0x8008BDC0,0x8008BE14,0x800880E0,call
0x8008BDC0,0x8008BE2C,0x800937D0,call
0x8008BDC0,0x8008BE44,0x8008AE30,call
0x8008BDC0,0x8008BE54,0x800941B0,call
0x8008BDC0,0x8008BE70,0x8008BFB0,call
0x8008BDC0,0x8008BE78,0x8008CA80,call
0x8008BDC0,0x8008BEF0,0x8008B810,call
0x8008BDC0,0x8008BEFC,0x8008B960,call
0x8008BDC0,0x8008BF04,0x8008CAA0,call
0x8008BDC0,0x8008BF20,0x8008BFB0,call
0x8008BFB0,0x8008BFC0,0x8008CA80,call
0x8008BFB0,0x8008C024,0x8008CAC0,call
0x8008BFB0,0x8008C034,0x8008D22C,call
0x8008BFB0,0x8008C06C,0x8008D12C,call
0x8008BFB0,0x8008C074,0x8008CAA0,call
0x8008C090,0x8008C0A4,0x8008CA80,call
0x8008C090,0x8008C0E0,0x8008CAA0,call
0x8008C100,0x8008C12C,0x80094C80,call
0x8008C190,0x8008C1BC,0x80094ED0,call
0x8008C190,0x8008C238,0x800906F0,call
0x8008C190,0x8008C24C,0x80087E80,call
0x8008C280,0x8008C288,0x800905F0,call
0x8008C280,0x8008C294,0x800950F4,call
0x8008C280,0x8008C2D4,0x80090634,call
0x8008C390,0x8008C39C,0x8008CA80,call
0x8008C390,0x8008C52C,0x8008CAA0,call
0x8008C770,0x8008C778,0x8008CA80,call
0x8008C770,0x8008C794,0x8008CAA0,call
0x8008C7B0,0x8008C7C8,0x8008CA80,call
0x8008C7B0,0x8008C810,0x8008D12C,call
0x8008C7B0,0x8008C820,0x8008CAA0,call
0x8008C7B0,0x8008C8CC,0x8008D274,call
0x8008C7B0,0x8008C8D8,0x8008B960,call
0x8008C7B0,0x8008C8E0,0x8008CAA0,call
0x8008C930,0x8008C94C,0x8008CA80,call
0x8008C930,0x8008C994,0x8008D12C,call
0x8008C930,0x8008C9A4,0x8008CAA0,call
0x8008C930,0x8008CA44,0x8008D274,call
0x8008C930,0x8008CA50,0x8008B960,call
0x8008C930,0x8008CA58,0x8008CAA0,call
0x8008CB00,0x8008CB08,,jr
0x8008CB10,0x8008CD68,0x8008D044,call
0x8008CB10,0x8008CDAC,,jalr
0x8008CB10,0x8008CDC4,0x8008D044,call
0x8008CB10,0x8008CE1C,0x8008D044,call
0x8008CB10,0x8008CE34,0x8008D044,call
0x8008CB10,0x8008CE58,0x8008D044,call
0x8008CB10,0x8008CE84,0x8008D044,call
0x8008CB10,0x8008CEA8,0x8008D044,call
0x8008CB10,0x8008CED4,0x8008D044,call
0x8008CB10,0x8008CF00,0x8008D044,call
0x8008CB10,0x8008CF48,0x8008D044,call
0x8008CB10,0x8008CF7C,0x8008D044,call
0x8008CB10,0x8008CF9C,0x8008D044,call
0x8008CB10,0x8008CFB8,0x8008D044,call
0x8008CB10,0x8008CFEC,0x8008D22C,call
0x8008CB10,0x8008CFF4,0x8008D284,tail
0x8008CB10,0x8008D00C,0x8008D284,tail
0x8008CB10,0x8008D034,0x8008D044,call
0x8008CB10,0x8008D03C,0x8008D284,tail
0x8008D044,0x8008D0D4,0x8008D274,call
0x8008D044,0x8008D0E8,0x8008D22C,call
0x8008D044,0x8008D0F0,,jr
0x8008D12C,0x8008D21C,0x8008D22C,call
0x8008D12C,0x8008D224,0x8008D284,tail
0x8008D284,0x8008D288,0x8008D274,call
0x8008D400,0x8008D400,0x80095990,call
0x8008D400,0x8008D410,0x8008D410,fallthrough
0x8008D510,0x8008D52C,0x80095AA0,call
0x8008D554,0x8008D578,0x80095AA0,call
0x8008D5A8,0x8008D5CC,0x80095AA0,call
0x8008D5FC,0x8008D61C,0x80095AA0,call
0x8008D5FC,0x8008D638,0x80087FC0,call
0x8008D684,0x8008D6AC,0x80095AA0,call
0x8008D684,0x8008D6C8,0x80087FC0,call
0x8008D684,0x8008D6E8,0x80087FC0,call
0x8008D684,0x8008D6FC,,jalr
0x8008D72C,0x8008D74C,0x80095AA0,call
0x8008D72C,0x8008D768,0x80087FC0,call
0x8008D870,0x8008D8C4,0x80095AA0,call
0x8008D870,0x8008D984,0x80087FC0,call
0x8008D870,0x8008D9A4,0x80087FC0,call
0x8008D870,0x8008DB78,0x80087FC0,call
0x8008D870,0x8008DB98,0x80087FC0,call
0x8008D870,0x8008DBEC,0x80087FC0,call
0x8008D870,0x8008DC0C,0x80087FC0,call
0x8008D870,0x8008DC34,0x8008D7D0,call
0x8008DCB0,0x8008DCF4,0x8008D870,call
0x8008DCB0,0x8008DD08,0x800963B4,call
0x8008DCB0,0x8008DD20,0x8008DD50,call
0x8008DD80,0x8008DE20,,jalr
0x8008DEA0,0x8008DF98,0x80096710,call
0x8008E074,0x8008E0F4,,jalr
0x8008E074,0x8008E1E8,,jalr
0x8008E074,0x8008E334,,jalr
0x8008E420,0x8008E450,,jalr
0x8008E54C,0x8008E67C,0x8008E420,call
0x8008E54C,0x8008E7BC,0x8008E420,call
0x8008E54C,0x8008E8E8,0x8008E420,call
0x8008E9F0,0x8008EA54,,jalr
0x8008E9F0,0x8008EA84,,jalr
0x8008E9F0,0x8008EAC0,,jalr
0x8008EADC,0x8008EB2C,,jalr
0x8008EADC,0x8008EC2C,,jalr
0x8008EADC,0x8008ECB4,0x80088360,call
0x8008EE04,0x8008EE78,,jalr
0x8008EE04,0x8008EEA0,,jalr
0x8008EE04,0x8008EEC8,,jalr
0x8008EEE4,0x8008EFC0,0x8008ED18,call
0x8008F0B4,0x8008F0F0,,jalr
0x8008F0B4,0x8008F1BC,0x8008EEE4,call
0x8008F0B4,0x8008F214,0x8008EEE4,call
0x8008F0B4,0x8008F2F8,0x80088360,call
0x8008F0B4,0x8008F314,0x80088360,call
0x8008F3FC,0x8008F4CC,,jalr
0x8008F3FC,0x8008F4E0,,jalr
0x8008F3FC,0x8008F4F4,,jalr
0x8008F3FC,0x8008F5E0,,jalr
0x8008F3FC,0x8008F604,0x8008F0B4,call
0x8008F3FC,0x8008F69C,0x8008F34C,call
0x8008F3FC,0x8008F6C4,0x8008F34C,call
0x8008F3FC,0x8008F7B0,,jalr
0x8008F3FC,0x8008F7C4,,jalr
0x8008F3FC,0x8008F7D8,,jalr
0x8008F3FC,0x8008F7FC,0x8008F0B4,call
0x8008F3FC,0x8008F818,,jalr
0x8008F3FC,0x8008F838,0x80088450,call
0x8008F3FC,0x8008F85C,0x8008F0B4,call
0x8008F3FC,0x8008F87C,,jalr
0x8008F3FC,0x8008F8B8,0x800884E8,call
0x8008F3FC,0x8008F8E4,0x8008F0B4,call
0x8008F980,0x8008FA0C,,jalr
0x8008FA94,0x8008FAB4,,jalr
0x8008FB20,0x8008FB4C,0x80090500,call
0x8008FB20,0x8008FB8C,0x80088020,call
0x8008FB20,0x8008FB98,0x80088050,call
0x8008FB20,0x8008FBA8,0x80090500,call
0x8008FBCC,0x8008FBE4,0x80090500,call
0x8008FBCC,0x8008FC00,0x80088020,call
0x8008FBCC,0x8008FC0C,0x80088050,call
0x8008FBCC,0x8008FC1C,0x80090500,call
0x8008FC3C,0x8008FC54,0x80090500,call
0x8008FC3C,0x8008FC74,0x80090500,call
0x8008FC3C,0x8008FC8C,0x80088020,call
0x8008FC3C,0x8008FCA0,0x80096710,call
0x8008FC3C,0x8008FCF8,0x80088050,call
0x8008FC3C,0x8008FD2C,0x80088050,call
0x8008FC3C,0x8008FD48,0x80090500,call
0x8008FD60,0x8008FD74,0x80090500,call
0x8008FD60,0x8008FD98,0x80088020,call
0x8008FD60,0x8008FDA8,0x80096710,call
0x8008FD60,0x8008FDB4,0x80088050,call
0x8008FD60,0x8008FDD0,0x80090500,call
0x8008FDEC,0x8008FE30,0x80088050,call
0x8008FE60,0x8008FE74,0x80090500,call
0x8008FE60,0x8008FE98,0x80090500,call
0x8008FEB0,0x8008FEE4,0x80088020,call
0x8008FEB0,0x8008FEF4,0x80088050,call
0x8008FEB0,0x8008FF1C,0x80088020,call
0x8008FEB0,0x8008FF2C,0x80088050,call
0x8008FF98,0x8008FFDC,0x8008FEB0,call
0x8008FF98,0x8009000C,0x80088500,call
0x8008FF98,0x8009004C,,jalr
0x8008FF98,0x80090054,0x80088500,call
0x8008FF98,0x80090094,,jalr
0x800900E0,0x800900FC,0x80088500,call
0x800900E0,0x80090154,,jalr
0x80090170,0x8009018C,0x80088500,call
0x80090170,0x800901DC,,jalr
0x80090200,0x80090220,0x80088500,call
0x80090200,0x8009025C,0x800883F8,call
0x80090200,0x80090284,,jalr
0x800902A0,0x800902BC,0x80088500,call
0x800902A0,0x8009030C,,jalr
0x80090330,0x8009034C,0x80088500,call
0x80090330,0x800903AC,,jalr
0x800903D0,0x800903E8,0x80088500,call
0x800903D0,0x80090430,,jalr
0x80090450,0x8009047C,0x80088500,call
0x80090450,0x800904C8,,jalr
0x80090450,0x800904E0,0x80088450,call
0x800905A0,0x800905C4,0x800880E0,call
0x800905A0,0x800905D8,0x8008C930,call
0x800905F0,0x80090608,0x800905A0,call
0x800905F0,0x8009061C,0x80087E80,call
0x80090634,0x80090648,0x8008C930,call
0x80090660,0x80090668,0x8008CA80,call
0x80090660,0x80090670,0x8008C550,call
0x80090660,0x800906A8,0x8008CAA0,call
0x800906F0,0x8009077C,0x80094028,call
0x800906F0,0x800907A8,0x80093FB4,call
0x800907D0,0x8009080C,0x80093900,call
0x800907D0,0x8009081C,0x80088360,call
0x800907D0,0x80090860,0x80087CC0,call
0x80090880,0x8009089C,0x8009094C,call
0x80090880,0x800908AC,0x800907D0,call
0x80090880,0x800908BC,0x80087E80,call
0x80090880,0x800908CC,0x800907D0,call
0x80090880,0x800908E0,0x80087E80,call
0x80090880,0x800908EC,0x80090A0C,call
0x80090C20,0x80090C58,0x8008C550,call
0x80090C20,0x80090C94,0x80091FD0,call
0x80090C20,0x80090CBC,0x80091FD0,call
0x80090C20,0x80090CDC,0x80092050,call
0x80090C20,0x80090D24,0x800928F0,call
0x80090C20,0x80090D44,0x80092050,call
0x80090C20,0x80090D94,0x80091FD0,call
0x80090C20,0x80090DB4,0x80092050,call
0x80090C20,0x80090DF8,0x80091FD0,call
0x80090C20,0x80090E44,0x80090B24,call
0x80090C20,0x80090E88,0x800928F0,call
0x80090C20,0x80090EB8,0x80092050,call
0x80090F70,0x80090FA8,0x80091FD0,call
0x80090F70,0x80091000,0x80092050,call
0x80090F70,0x8009101C,0x80090B24,call
0x80090F70,0x80091084,0x800928F0,call
0x800910D4,0x800910F4,0x80091FD0,call
0x800910D4,0x80091118,0x80092050,call
0x800910D4,0x80091134,0x80090B24,call
0x800910D4,0x80091160,0x80090F70,call
0x800910D4,0x8009117C,0x80090C20,call
0x800910D4,0x800911C4,0x80090C20,call
0x800910D4,0x800911F8,0x80092250,call
0x800910D4,0x80091250,0x80092050,call
0x80091280,0x8009129C,0x80091FD0,call
0x80091280,0x800912B4,0x80091FD0,call
0x80091280,0x800912DC,0x80092050,call
0x80091280,0x80091304,0x80092050,call
0x80091280,0x80091324,0x80096AD0,call
0x80091354,0x800913B8,0x80092250,call
0x80091354,0x800913D8,0x80091FD0,call
0x80091354,0x80091434,0x80090AB0,call
0x80091354,0x8009147C,0x800928F0,call
0x80091354,0x800914A4,0x800928F0,call
0x80091354,0x800914CC,0x80092050,call
0x80091354,0x80091518,0x80090AB0,call
0x80091354,0x80091558,0x80092050,call
0x80091354,0x80091574,0x80090AB0,call
0x80091354,0x800915C0,0x800928F0,call
0x80091354,0x800915F0,0x80092250,call
0x80091630,0x80091664,0x80091280,call
0x80091630,0x80091678,0x800910D4,call
0x80091630,0x80091694,0x80091B68,call
0x80091630,0x800916D8,0x80092050,call
0x80091630,0x80091790,0x80091354,call
0x80091630,0x800917C8,0x80091E34,call
0x80091630,0x80091840,0x80092850,call
0x80091630,0x80091858,0x80091FD0,call
0x80091630,0x8009188C,0x800928F0,call
0x80091630,0x800918E4,0x80092050,call
0x80091630,0x80091970,0x80091354,call
0x80091630,0x80091AD8,0x80091354,call
0x80091B68,0x80091C08,0x80091354,call
0x80091E34,0x80091F0C,0x80091354,call
0x80091FD0,0x8009201C,0x800928F0,call
0x80092050,0x80092094,0x800905F0,call
0x80092050,0x80092154,0x80093A90,call
0x80092050,0x8009216C,0x800907D0,call
0x80092050,0x8009217C,0x80087E80,call
0x80092050,0x80092188,0x800907D0,call
0x80092050,0x80092198,0x80087E80,call
0x80092050,0x800921B8,0x80093B60,call
0x80092050,0x800921D8,0x80090880,call
0x80092050,0x800921F0,0x80092250,call
0x80092050,0x80092218,0x80090634,call
0x80092560,0x80092570,0x80092850,call
0x80092560,0x80092684,0x800941E0,call
0x800926A0,0x800926F4,0x80091280,call
0x800926A0,0x80092740,0x80092050,call
0x800928F0,0x80092964,0x800905F0,call
0x800928F0,0x80092A20,0x80093A90,call
0x800928F0,0x80092A3C,0x80092250,call
0x800928F0,0x80092A48,0x800907D0,call
0x800928F0,0x80092A50,0x80093B60,call
0x800928F0,0x80092A64,0x80087E80,call
0x800928F0,0x80092A70,0x800907D0,call
0x800928F0,0x80092A80,0x80087E80,call
0x800928F0,0x80092AAC,0x80090880,call
0x800928F0,0x80092ADC,0x80090634,call
0x80092B10,0x80092D18,0x80096BF0,call
0x80092B10,0x80092E68,0x80096BF0,call
0x80092B10,0x80092FCC,0x80097400,call
0x80092B10,0x800930E4,0x80096BF0,call
0x80092B10,0x80093110,0x8008C31C,call
0x80093180,0x80093228,,jalr
0x80093180,0x80093268,0x8008C344,call
0x80093180,0x800932A0,0x8008C344,call
0x80093180,0x8009340C,0x8008C344,call
0x80093180,0x8009345C,0x80092B10,call
0x80093180,0x800934DC,,jalr
0x80093180,0x80093524,,jalr
0x80093180,0x80093588,,jalr
0x80093180,0x800935D0,,jalr
0x80093180,0x80093634,,jalr
0x80093180,0x80093680,,jalr
0x80093180,0x800936E4,,jalr
0x80093180,0x8009375C,,jalr
0x800937D0,0x800937F4,0x800880E0,call
0x800937D0,0x80093808,0x8008C930,call
0x80093820,0x80093838,0x800937D0,call
0x80093820,0x8009384C,0x80087E80,call
0x80093864,0x80093878,0x8008C930,call
0x800939D0,0x800939E4,0x80093A60,call
0x800939D0,0x80093A08,0x80088360,call
0x80093C30,0x80093C3C,0x80097950,call
0x80093C80,0x80093C8C,0x80097950,call
0x80093E3C,0x80093E6C,0x80097980,call
0x80093E3C,0x80093E80,0x8008C550,call
0x80093E3C,0x80093F10,0x80093FB4,call
0x80093E3C,0x80093F68,0x8008C930,call
0x80093E3C,0x80093F94,0x80094028,call
0x80093FB4,0x80093FC0,0x8008CA80,call
0x80093FB4,0x80093FC8,0x8008C550,call
0x80093FB4,0x80094008,0x80097980,call
0x80093FB4,0x80094010,0x8008CAA0,call
0x80094028,0x80094030,0x8008CA80,call
0x80094028,0x80094194,0x8008CAA0,call
0x800941E0,0x8009420C,0x80088360,call
0x800941E0,0x80094394,0x80088360,call
0x800941E0,0x800943DC,0x80088360,call
0x800944E0,0x80094528,0x80088360,call
0x800945C0,0x8009474C,0x80088360,call
0x800947F0,0x8009481C,0x80087E80,call
0x800947F0,0x800948F8,0x80087E80,call
0x800947F0,0x80094904,0x80097990,call
0x800947F0,0x8009492C,0x800979F0,call
0x800947F0,0x80094940,0x80087E80,call
0x800947F0,0x8009499C,0x800979F0,call
0x800947F0,0x800949B8,0x800979F0,call
0x800947F0,0x800949D0,0x80097B80,call
0x800947F0,0x80094A0C,0x800979F0,call
0x800947F0,0x80094A30,0x80097D20,call
0x800947F0,0x80094A44,0x8008C930,call
0x800947F0,0x80094A84,0x8008C930,call
0x800947F0,0x80094AA4,0x80097D70,call
0x800947F0,0x80094AF0,0x80087E80,call
0x800947F0,0x80094B10,,jalr
0x800947F0,0x80094B2C,0x80087E80,call
0x800947F0,0x80094B4C,,jalr
0x800947F0,0x80094B68,0x80087E80,call
0x800947F0,0x80094B94,,jalr
0x800947F0,0x80094BB0,0x80087E80,call
0x800947F0,0x80094BDC,,jalr
0x800947F0,0x80094BF8,0x8008C930,call
0x800947F0,0x80094C2C,0x80087E80,call
0x800947F0,0x80094C40,0x8008C930,call
0x800947F0,0x80094C54,0x8008C930,call
0x80094C80,0x80094CA4,0x800905F0,call
0x80094C80,0x80094CB0,0x800950F4,call
0x80094C80,0x80094D18,0x80090634,call
0x80094C80,0x80094D34,0x800950F4,call
0x80094C80,0x80094D4C,0x80094E44,call
0x80094C80,0x80094D5C,0x800907D0,call
0x80094C80,0x80094D6C,0x80087E80,call
0x80094C80,0x80094D7C,0x800907D0,call
0x80094C80,0x80094D98,0x80087E80,call
0x80094C80,0x80094E20,0x80090634,call
0x80094ED0,0x80094EE8,0x800905F0,call
0x80094ED0,0x80094EF8,0x800950F4,call
0x80094ED0,0x80094F60,0x80090634,call
0x80094ED0,0x80094F7C,0x800950F4,call
0x80094ED0,0x80094F98,0x80095048,call
0x80094ED0,0x80094FA8,0x800907D0,call
0x80094ED0,0x80094FB8,0x80087E80,call
0x80094ED0,0x80094FC8,0x800907D0,call
0x80094ED0,0x80094FE4,0x80087E80,call
0x80094ED0,0x80095028,0x80090634,call
0x800950F4,0x800951B4,0x800907D0,call
0x800950F4,0x800951C4,0x80087E80,call
0x800950F4,0x800951E0,0x800907D0,call
0x800950F4,0x800951F4,0x80087E80,call
0x800952A0,0x80095308,0x800958D4,call
0x800952A0,0x80095410,0x800958D4,call
0x800952A0,0x80095494,0x80095820,call
0x800952A0,0x800954BC,0x800958D4,call
0x800952A0,0x80095500,0x800945C0,call
0x800952A0,0x80095544,0x80095820,call
0x800952A0,0x8009555C,0x80095820,call
0x800952A0,0x800955D4,0x80095820,call
0x800952A0,0x80095620,0x80095820,call
0x800952A0,0x800956C8,0x800945C0,call
0x800952A0,0x8009573C,0x80095820,call
0x800952A0,0x80095758,0x800958D4,call
0x800952A0,0x80095798,0x80095820,call
0x800952A0,0x800957C0,0x800945C0,call
0x800952A0,0x800957EC,0x80095820,call
0x800952A0,0x80095804,0x80095820,call
0x80095820,0x80095894,0x800958D4,call
0x800958D4,0x80095968,0x8008D274,call
0x800958D4,0x80095978,0x8008D22C,call
0x80095990,0x800959A4,0x8008CA80,call
0x80095990,0x800959E4,0x8008CAC0,call
0x80095990,0x80095A6C,0x8008D284,call
0x80095990,0x80095A74,0x8008CAA0,call
0x80095B68,0x80095BAC,0x80088360,call
0x80095B68,0x80095BF4,0x80088360,call
0x80095C20,0x80095CC0,0x80088360,call
0x80095C20,0x80095D28,0x80088360,call
0x80095C20,0x80095D84,0x80088360,call
0x80095DA8,0x80095E48,0x80088360,call
0x80095DA8,0x80095EB0,0x80088360,call
0x80095DA8,0x80095EFC,0x80088360,call
0x80095F34,0x80095F74,0x80095AC0,call
0x80095F34,0x80096050,0x80095DA8,call
0x80095F34,0x800960DC,0x80088360,call
0x80095F34,0x80096134,0x80095DA8,call
0x80096158,0x80096398,0x8008D7D0,call
0x800963CC,0x80096414,,jalr
0x800963CC,0x80096484,0x80095C20,call
0x800963CC,0x80096520,0x80095DA8,call
0x800963CC,0x8009653C,0x80095F34,call
0x800963CC,0x80096598,0x80095C20,call
0x800963CC,0x800965E4,0x80095C20,call
0x800963CC,0x80096604,0x80095B68,call
0x800963CC,0x80096628,0x80095C20,call
0x80096790,0x800967AC,0x800905F0,call
0x80096790,0x800967B4,0x80096930,call
0x80096790,0x800967C4,0x800907D0,call
0x80096790,0x800967D8,0x80087E80,call
0x80096790,0x800967E8,0x800907D0,call
0x80096790,0x800967FC,0x80087E80,call
0x80096790,0x80096808,0x80096A00,call
0x80096790,0x80096908,0x80090634,call
0x80096BF0,0x80096D04,0x8008AB0C,call
0x80096BF0,0x80096D3C,0x8008AB48,call
0x80096BF0,0x80096D9C,0x80097E60,call
0x80096BF0,0x80096E0C,0x8008C2F0,call
0x80096E90,0x80097000,0x8008C2F0,call
0x80096E90,0x80097030,0x8008C2F0,call
0x80096E90,0x8009709C,0x8008C2F0,call
0x80096E90,0x8009711C,0x8008C2F0,call
0x80096E90,0x80097224,0x8008C2F0,call
0x80097400,0x80097568,0x8008C2F0,call
0x80097400,0x80097760,0x80097F60,call
0x80097400,0x8009791C,0x80096E90,call
0x80097990,0x8009799C,0x8008CA80,call
0x80097990,0x800979CC,0x8008CAA0,call
0x80097D20,0x80097D2C,0x8008CA80,call
0x80097D20,0x80097D50,0x8008CAA0,call
0x80097D70,0x80097D78,0x8008CA80,call
0x80097D70,0x80097D98,0x8008D12C,call
0x80097D70,0x80097DA0,0x8008CAA0,call
0x80097DC0,0x80097E10,0x80092850,call
0x80097DC0,0x80097E18,0x8008CA80,call
0x80097DC0,0x80097E3C,0x8008CAA0,call
0x80097E60,0x80097E80,0x8008ABEC,call
0x80097E60,0x80097E9C,0x8008AC48,call
