vram,name,name_source,depth,subsystem,status,test_kind,confidence,notes
0x80000400,func_80000400,ours,0,,recomp,,,indirect jr
0x80000450,func_80000450,ours,5,,recomp,,,
0x80000520,func_80000520,ours,0,,rust_verified,unit_diff,high,[0x8009A270] = a0 (game::util)
0x8000052C,func_8000052C,ours,0,,rust_verified,unit_diff,high,[0x8009A280] = 0 (game::util)
0x80000538,func_80000538,ours,0,,rust_verified,unit_diff,high,v0 = [0x8009A280] (game::util)
0x80000544,func_80000544,ours,0,,rust_verified,unit_diff,high,empty (game::util)
0x8000054C,func_8000054C,ours,0,,rust_verified,unit_diff,high,empty; spills a0 to [sp] (game::util)
0x80000554,func_80000554,ours,0,util,rust_verified,unit_diff,high,zero a1 words at a0 (game::util)
0x800005B4,func_800005B4,ours,1,,rust_verified,unit_diff,high,"point in triangle: u x v zero -> 0; edge crosses c1..c3 signs on the dominant axis, thresholds K1/K2 at 0x800A80F0/F4 (game::math)"
0x8000097C,func_8000097C,ours,0,,rust_verified,unit_diff,high,record time/pos/dir at 0x800AE8B0 unless T-E < t and d.S >= d.r (d = p-q) (game::misc)
0x80000B00,func_80000B00,ours,1,,rust_verified,unit_diff,high,"nearest of three edge points (func_80081A2C) to q, offered to func_8000097C if D <= T (game::collide)"
0x80000D80,func_80000D80,ours,2,,recomp,,,
0x80000E94,func_80000E94,ours,3,,recomp,,,
0x80001864,func_80001864,ours,4,,recomp,,,
0x80001D34,func_80001D34,ours,0,math,rust_verified,unit_diff,high,"ray/plane hit t in f0 or -1.0; |n.v| band [-1e-4,1e-4] in double; out = v*t + o (game::math)"
0x80001E80,func_80001E80,ours,2,,recomp,,,
0x800020D8,func_800020D8,ours,3,,recomp,,,
0x800026BC,func_800026BC,ours,3,,recomp,,,
0x80002BD4,func_80002BD4,ours,0,,rust_verified,unit_diff,high,"0 if 4 points all beyond one face of box C=[0x800AE908] h=[0x800AE8E0], else 1 (game::misc)"
0x80002E2C,func_80002E2C,ours,0,,rust_verified,unit_diff,high,as 80002BD4 for 3 points (game::misc)
0x80002FFC,func_80002FFC,ours,5,,recomp,,,
0x80003348,func_80003348,ours,5,,recomp,,,
0x800035BC,func_800035BC,ours,1,,recomp,,,
0x800038E8,func_800038E8,ours,1,,rust_verified,unit_diff,high,"query point and plane into model space by flags (matrix stack top, inverse) (game::collide)"
0x80003B44,func_80003B44,ours,1,,rust_verified,unit_diff,high,query result back to world space by flags; direction unless mode 2 (game::collide)
0x80003BF8,func_80003BF8,ours,2,,recomp,,,
0x80003E4C,func_80003E4C,ours,3,,recomp,,,
0x80004000,func_80004000,ours,1,,rust_verified,unit_diff,high,"collision query setup: sphere c r, plane pair, mode 3, callbacks, matrix reset (game::collide)"
0x80004160,func_80004160,ours,2,,recomp,,,
0x80004670,func_80004670,ours,4,,recomp,,,
0x80004704,func_80004704,ours,1,,rust_verified,unit_diff,high,n 28-byte records into model space by flags; word 6 untouched (game::collide)
0x800049FC,func_800049FC,ours,2,,recomp,,,
0x80004DFC,func_80004DFC,ours,3,,recomp,,,
0x80004FB0,func_80004FB0,ours,4,,recomp,,,
0x80005134,func_80005134,ours,4,,recomp,,,
0x80005240,func_80005240,ours,2,,recomp,,,
0x8000550C,func_8000550C,ours,0,matrix,rust_verified,unit_diff,high,"matrix stack reset: depth [0x8009A29C] = 0, stack[0] = identity (game::matrix)"
0x8000556C,func_8000556C,ours,0,matrix,rust_verified,unit_diff,high,"push: depth < 32 (signed): depth++, top = M * old top (sums in code order) (game::matrix)"
0x800059A8,func_800059A8,ours,0,matrix,rust_verified,unit_diff,high,copy top matrix to a0; re-reads depth per word (QUIRK) (game::matrix)
0x80005AFC,func_80005AFC,ours,0,matrix,rust_verified,unit_diff,high,decrement [0x8009A29C] if > 0 (game::matrix)
0x80005B1C,func_80005B1C,ours,0,,rust_verified,unit_diff,high,a0 == 3: [0x8009A290] = a1; a0 == 5: [0x8009A28C] = a1; 64-bit compares (game::misc)
0x80005B44,func_80005B44,ours,0,,rust_verified,unit_diff,high,"getter for func_80005B1C: 3/5 -> the word, else -1 (game::misc)"
0x80005B80,func_80005B80,ours,0,anim,rust_verified,unit_diff,high,[0x8009A2A0] = 0; zero 300 words 0x800AF4C0..0x800AF970 (game::anim)
0x80005BB8,func_80005BB8,ours,0,anim,rust_verified,unit_diff,high,"add o to 0x800AF4C0 table, start: +F0=0, +F4=+10C/+108 by bit 5, kind 8 clears target bit 3, flags |= 1<<24 (game::anim)"
0x80005C54,func_80005C54,ours,1,,rust_verified,unit_diff,high,"animation reset: zero 0x800AF970..0x800AF9E8, then the object table (game::anim)"
0x80005CAC,func_80005CAC,ours,0,anim,rust_verified,unit_diff,high,"(x - k[i]) / (k[i+1] - k[i]), k = [o+0x11C] (game::anim)"
0x80005CD4,func_80005CD4,ours,1,,rust_verified,unit_diff,high,"float track value: v[i+1] after k[i+1], v[i] at or before k[i], else t v[i+1] + (1-t) v[i] (game::anim)"
0x80005DA8,func_80005DA8,ours,1,,rust_verified,unit_diff,high,"vec3 track value: as 80005CD4, the blend through func_800155EC (game::anim)"
0x80005F54,func_80005F54,ours,3,,recomp,,,
0x80006120,func_80006120,ours,2,,recomp,,,
0x80006200,func_80006200,ours,2,,recomp,,,
0x8000630C,func_8000630C,ours,4,,recomp,,,
0x8000646C,func_8000646C,ours,1,,rust_verified,unit_diff,high,"step track: w = v[s+1] if k[s+1] < u else v[s], to [e+8] of each listed target (game::anim)"
0x8000651C,func_8000651C,ours,2,,recomp,,,
0x800066DC,func_800066DC,ours,0,,rust_verified,unit_diff,high,empty; spills a0 to [sp] (game::misc)
0x800066E4,func_800066E4,ours,0,,rust_verified,unit_diff,high,empty; spills a0 to [sp] (game::misc)
0x800066EC,func_800066EC,ours,0,,rust_verified,unit_diff,high,empty; spills a0 to [sp] (game::misc)
0x800066F4,func_800066F4,ours,0,,rust_verified,unit_diff,high,empty; spills a0 to [sp] (game::misc)
0x800066FC,func_800066FC,ours,0,,rust_verified,unit_diff,high,empty; spills a0 to [sp] (game::misc)
0x80006704,func_80006704,ours,0,anim,rust_verified,unit_diff,high,key segment of time +0x114 among n=+0x104 keys; n < 2 scans below k (QUIRK) (game::anim)
0x80006790,func_80006790,ours,1,,recomp,,,
0x80006848,func_80006848,ours,1,,recomp,,,
0x80006C00,func_80006C00,ours,5,,recomp,,,
0x80006D5C,func_80006D5C,ours,0,anim,rust_verified,unit_diff,high,"find o in table 0x800AF4C0 (first [0x8009A2A0]): flags [o+0x100] bit31 clear, &0xF == a1, [o+0x124] == a0 (64-bit); a0 == 0 -> 0; QUIRK: count unbounded (game::anim)"
0x80006DE8,func_80006DE8,ours,0,anim,rust_verified,unit_diff,high,range +F0/+F4/+F8 clamped at 0; b < a hangs (pause_self) (game::anim)
0x80006E50,func_80006E50,ours,0,anim,rust_verified,unit_diff,high,[a0+0x100] |= a1 (game::anim)
0x80006E60,func_80006E60,ours,0,anim,rust_verified,unit_diff,high,[a0+0x100] &= ~a1 (game::anim)
0x80006E74,func_80006E74,ours,1,,rust_verified,unit_diff,high,"set a track's time and segment, flags bit 24 (game::anim)"
0x80006EB4,func_80006EB4,ours,0,anim,rust_verified,unit_diff,high,[o+0x110] = f (a1) (game::anim)
0x80006EC0,func_80006EC0,ours,1,,rust_verified,unit_diff,high,"start a blend: old segment and trunc(old time) kept, flags bit 29 (game::anim)"
0x80006F28,func_80006F28,ours,0,anim,rust_verified,unit_diff,high,[o+0xDC] = f (a1) (game::anim)
0x80006F34,func_80006F34,ours,0,,rust_verified,unit_diff,high,empty; spills a0 (game::misc)
0x80006F3C,func_80006F3C,ours,0,,rust_verified,unit_diff,high,"empty; spills a0, a1; returns 0 (game::misc)"
0x80006F4C,func_80006F4C,ours,0,,rust_verified,unit_diff,high,spills f12 to [sp] (game::misc)
0x80006F60,func_80006F60,ours,6,,recomp,,,
0x80006FD4,func_80006FD4,ours,0,,rust_verified,unit_diff,high,empty (game::misc)
0x80006FDC,func_80006FDC,ours,0,,rust_verified,unit_diff,high,empty (game::misc)
0x80006FE4,func_80006FE4,ours,1,,recomp,,,
0x80007034,func_80007034,ours,5,,recomp,,,
0x80007218,func_80007218,ours,8,,recomp,,,
0x800073A4,func_800073A4,ours,13,,recomp,,,
0x80007488,func_80007488,ours,7,,recomp,,,
0x8000758C,func_8000758C,ours,0,,rust_verified,unit_diff,high,empty (game::misc)
0x80007594,func_80007594,ours,6,,recomp,,,
0x80007710,audio_dma_new,ours,0,audio,rust_verified,unit_diff,med,*a0 = 0x800AFAC0; returns 0x80007594 (the audio DMA callback): ALDMANew shape (game::misc)
0x80007728,func_80007728,ours,5,,recomp,,,
0x80007818,func_80007818,ours,3,,recomp,,,
0x8000787C,func_8000787C,ours,0,,rust_verified,unit_diff,high,if [0x8009A2B8]: [0x8009A328] = trunc.w.s(f12 * 32000) (game::misc)
0x800078B4,func_800078B4,ours,0,,rust_verified,unit_diff,high,if [0x8009A2B8]: 8 records at 0x800D2038: +0x18 = trunc(f32(+0x18)*[0x800A81C4]) unless +4 == 0x4E; clamp < 0 to 0 (game::misc)
0x80007A44,func_80007A44,ours,0,,rust_verified,unit_diff,high,if [0x8009A2B8]: zero +0x18 of 8 x 0x20-byte records at 0x800D2038 (game::misc)
0x80007A80,func_80007A80,ours,3,,recomp,,,
0x80007B10,func_80007B10,ours,7,,recomp,,,
0x80007CE4,func_80007CE4,ours,0,,rust_verified,unit_diff,high,"handle: bit15 clear -> [0x800AFA54]; k = byte 3: 0/1 -> [0x8009A32C + 4*byte2], else [0x8009A388 + 4*k]; QUIRK: unbounded indices (game::misc)"
0x80007D44,func_80007D44,ours,17,,recomp,,,
0x80007E80,func_80007E80,ours,15,,recomp,,,"only caller heap_set_level. For each nonzero word in 0x8009A32C..A388 and A388..A3A8: func_80007A80, func_80007A44, zero it; if any: [0x800B05B0] = 0 and func_80008F28 until another thread raises it to 5"
0x80007F5C,func_80007F5C,ours,1,,rust_verified,unit_diff,high,"a handle's length: f32(n) * K through the object func_80007CE4 finds, 0.0 if none (game::misc)"
0x80007FC8,func_80007FC8,ours,1,,recomp,,,
0x8000803C,func_8000803C,ours,0,,rust_verified,unit_diff,high,1 if table entry k has room ([q]+[q+4] <u [p+0x54]) (game::misc)
0x80008090,func_80008090,ours,3,,recomp,,,
0x80008530,func_80008530,ours,0,,rust_verified,unit_diff,high,empty (game::misc)
0x80008540,func_80008540,ours,0,,rust_verified,unit_diff,high,empty; spills a0 (game::misc)
0x80008548,func_80008548,ours,3,,recomp,,,
0x80008610,func_80008610,ours,9,,recomp,,,
0x80008630,func_80008630,ours,0,,rust_verified,unit_diff,high,on/off switch over the off flag 0x8009A2C4 (game::misc)
0x80008694,func_80008694,ours,0,,rust_verified,unit_diff,high,on/off switch over the off flag 0x8009A2C0 (game::misc)
0x800086F8,func_800086F8,ours,1,,rust_verified,unit_diff,high,func_80007A44 through a frame (game::misc)
0x80008718,func_80008718,ours,0,,rust_verified,unit_diff,high,1 if 0x8E <= a0 < 0x9E or a0 == 0x22 (game::misc)
0x80008750,func_80008750,ours,0,,rust_verified,unit_diff,high,spills a0; byte [0x8009A324] = a0 (game::misc)
0x80008760,func_80008760,ours,1,,rust_verified,unit_diff,high,"request a sound: slot refresh (keep) or free / lowest-priority slot, volume scaled by settings, pan forced to 0x40 unless stereo; QUIRK writes the caller's pan slot (game::misc)"
0x80008B14,func_80008B14,ours,2,,recomp,,,
0x80008B68,func_80008B68,ours,2,,recomp,,,
0x80008BC4,func_80008BC4,ours,4,,recomp,,,
0x80008C58,func_80008C58,ours,3,,recomp,,,
0x80008F28,func_80008F28,ours,14,,recomp,,,
0x80008F58,func_80008F58,ours,0,,rust_verified,unit_diff,high,"[0x8009AD08] = f12, [0x8009AD0C] = f14 (game::misc)"
0x80008F6C,func_80008F6C,ours,0,,rust_verified,unit_diff,high,(kind<<24)|(a1<<16)|table[kind][index]|0x8000 or -1; jump table on kind (game::misc)
0x80009134,func_80009134,ours,0,,rust_verified,unit_diff,high,"0.0 < F[i] (0x8009AD30) for k 0/1 (64-bit), else 0.0 < G[k] (0x8009AD10) (game::misc)"
0x800091B0,func_800091B0,ours,2,,recomp,,,
0x80009278,func_80009278,ours,0,,rust_verified,unit_diff,high,push to the 3-entry recent list 0x8009ADF4; QUIRK unbounded slot (game::misc)
0x800092B0,func_800092B0,ours,0,,rust_verified,unit_diff,high,1 if a0 is in the recent list (game::misc)
0x800092EC,func_800092EC,ours,18,,recomp,,,
0x800093B0,func_800093B0,ours,19,,recomp,,,
0x80009524,func_80009524,ours,0,,rust_verified,unit_diff,high,FLAG_WORDS[k] & bits; QUIRK unbounded k (game::misc)
0x8000953C,func_8000953C,ours,0,,rust_verified,unit_diff,high,FLAG_WORDS[k] |= bits (game::misc)
0x8000955C,func_8000955C,ours,0,,rust_verified,unit_diff,high,FLAG_WORDS[k] &= ~bits (game::misc)
0x80009580,func_80009580,ours,19,,recomp,,,
0x80009704,func_80009704,ours,19,,recomp,,,
0x80009744,func_80009744,ours,1,,rust_verified,unit_diff,high,mode 0..3 parameters at 0x8009AEE0.. (T[k%5] or 0x8F without a Test pool; -2.0) (game::misc)
0x80009820,func_80009820,ours,3,,recomp,,,
0x80009B8C,func_80009B8C,ours,1,,rust_verified,unit_diff,high,"parameter T[k%12] and a float, unless a Test pool and func_80051FF4() == 0 (game::misc)"
0x80009C0C,func_80009C0C,ours,3,,recomp,,,
0x80009F6C,func_80009F6C,ours,1,,rust_verified,unit_diff,high,"func_80007A44, [0x8009AEF0] = [0x8009ADE8] = -1 (game::misc)"
0x80009FA0,func_80009FA0,ours,3,,recomp,,,
0x8000A330,func_8000A330,ours,4,,recomp,,,
0x8000A418,func_8000A418,ours,0,,rust_verified,unit_diff,high,append to the 64-word list 0x800D3A90 (count 0x8009B774) (game::misc)
0x8000A44C,func_8000A44C,ours,0,,rust_verified,unit_diff,high,"init record id (s16, < 200; negatives pass: QUIRK) at 0x800D2190, count [0x8009B770] raised to id+1 (game::misc)"
0x8000A4D8,func_8000A4D8,ours,1,,rust_verified,unit_diff,high,"init records 0..count-1 (func_8000A44C), count = 0 (game::misc)"
0x8000A53C,func_8000A53C,ours,5,,recomp,,,
0x8000A920,func_8000A920,ours,0,,rust_verified,unit_diff,high,"on/off: globals for ids -201/-103/-104, else RECORDS[id] bit 0x20 (game::misc)"
0x8000AA04,func_8000AA04,ours,0,,rust_verified,unit_diff,high,"id -201: floats [0x8009B784/88] = x, y; id >= 0: record halfwords +0/+2 (game::misc)"
0x8000AA78,func_8000AA78,ours,0,,rust_verified,unit_diff,high,RECORDS[id] +4/+6 halfwords (game::misc)
0x8000AAC0,func_8000AAC0,ours,0,,rust_verified,unit_diff,high,record id >= 0: floats +8/+C = a1/a2 (game::misc)
0x8000AAF8,func_8000AAF8,ours,0,,rust_verified,unit_diff,high,record id >= 0: float +0x10 = a1 (game::misc)
0x8000AB24,func_8000AB24,ours,0,,rust_verified,unit_diff,high,four bytes to globals -103/-104 or RECORDS[id]+0x18 (game::misc)
0x8000ABD4,func_8000ABD4,ours,0,,rust_verified,unit_diff,high,RECORDS[id]+0x1C pointer's +8; QUIRK no id check (game::misc)
0x8000AC0C,func_8000AC0C,ours,0,,rust_verified,unit_diff,high,set RECORDS[id]+0x1C (game::misc)
0x8000AC34,func_8000AC34,ours,0,,rust_verified,unit_diff,high,RECORDS[id] flags |= bits; QUIRK no id check (game::misc)
0x8000AC60,func_8000AC60,ours,0,,rust_verified,unit_diff,high,RECORDS[id] flags &= ~bits; QUIRK no id check (game::misc)
0x8000AC90,func_8000AC90,ours,1,,rust_verified,unit_diff,high,func_8003D488(v & 0xFFFF) (game::misc)
0x8000ACC0,func_8000ACC0,ours,1,,rust_verified,unit_diff,high,"reset the 32 entries (identity, zeros) and the entry at 0x800D4B20; entry 1 flags |= 4 (game::misc)"
0x8000AEB4,func_8000AEB4,ours,0,,rust_verified,unit_diff,high,ENTRIES[k] flags (game::misc)
0x8000AED4,func_8000AED4,ours,0,,rust_verified,unit_diff,high,ENTRIES[k] flags |= bits (game::misc)
0x8000AEFC,func_8000AEFC,ours,0,,rust_verified,unit_diff,high,ENTRIES[id] +6/+4/+8 (game::misc)
0x8000AF4C,func_8000AF4C,ours,0,,rust_verified,unit_diff,high,"entry id (0x7C, [0x8009B790]): floats +0x54..+0x68 from a1..a3 and 3 stack args; pointer re-read per field (game::misc)"
0x8000AFD4,func_8000AFD4,ours,0,,rust_verified,unit_diff,high,entry id: floats +0x6C..+0x74 from a1..a3 (game::misc)
0x8000B02C,func_8000B02C,ours,0,,rust_verified,unit_diff,high,ENTRIES[id] +0xC/+0x10 (game::misc)
0x8000B06C,func_8000B06C,ours,0,,rust_verified,unit_diff,high,ENTRIES[id] +0x78 (game::misc)
0x8000B098,func_8000B098,ours,0,,rust_verified,unit_diff,high,ENTRIES[id] selected bit (game::misc)
0x8000B0E0,func_8000B0E0,ours,1,,rust_verified,unit_diff,high,"select entry id for o: clear the old entry's bit 0, set [o+4] and the selected entry's bit 0 (game::misc)"
0x8000B1B0,func_8000B1B0,ours,0,,rust_verified,unit_diff,high,select ENTRIES[id] (0x8009B798) (game::misc)
0x8000B254,func_8000B254,ours,1,,rust_verified,unit_diff,high,"node transform as 4x4 by mode, identity for non-0xD065 nodes; QUIRK type tested twice (game::misc)"
0x8000B318,func_8000B318,ours,5,,recomp,,,
0x8000B98C,func_8000B98C,ours,1,,rust_verified,unit_diff,high,"the nearer selected entry's matrix (records 1 and 2), identity if none; QUIRK only r2 selected gives identity (game::misc)"
0x8000BB78,func_8000BB78,ours,1,,rust_verified,unit_diff,high,1 if one of the 4 records has bit 0 and [r+4] == o (game::misc)
0x8000BC10,func_8000BC10,ours,6,,recomp,,,
0x8000C530,func_8000C530,ours,0,,rust_verified,unit_diff,high,empty (game::misc)
0x8000C540,func_8000C540,ours,8,,recomp,,,
0x8000C5F0,func_8000C5F0,ours,0,,rust_verified,unit_diff,high,"push current id (0x8009B800) saving its word; QUIRK unbounded, ids >= 3 alias (game::misc)"
0x8000C658,func_8000C658,ours,0,,rust_verified,unit_diff,high,pop current id; QUIRK no decrement at depth <= 0 (game::misc)
0x8000C6C8,func_8000C6C8,ours,0,,rust_verified,unit_diff,high,"*p += x*y (floats), then clamp to lo (a3), then hi (stack) (game::misc)"
0x8000C724,func_8000C724,ours,0,,rust_verified,unit_diff,high,"*p = trunc(f32(*p) + x*y), clamp lo (64-bit a3), hi (stack); returns v (game::misc)"
0x8000C77C,func_8000C77C,ours,6,,recomp,,,
0x8000CC1C,func_8000CC1C,ours,1,,rust_verified,unit_diff,high,"tuning editor: clamp-add one of 16 fields of the selected Test element and copy it, or step the selection (case 0; QUIRK wraps upward) (game::misc)"
0x8000D130,func_8000D130,ours,6,,recomp,,,
0x8000D4E8,func_8000D4E8,ours,6,,recomp,,,
0x8000D5EC,func_8000D5EC,ours,1,,rust_verified,unit_diff,high,"settings editor: int clamp, toggles, float clamp-adds by menu flags (game::misc)"
0x8000D7DC,func_8000D7DC,ours,1,,rust_verified,unit_diff,high,push id 1 on key 8 if menu flag bit 1 (game::misc)
0x8000D818,func_8000D818,ours,4,,recomp,,,
0x8000D89C,func_8000D89C,ours,7,,recomp,,,
0x8000D90C,func_8000D90C,ours,2,,recomp,,,
0x8000D960,func_8000D960,ours,5,,recomp,,,
0x8000D9A8,func_8000D9A8,ours,1,,rust_verified,unit_diff,high,reset the id stack (Jdge pool element 0's bit 12 picks id 0 or 2) (game::misc)
0x8000DA6C,func_8000DA6C,ours,0,,rust_verified,unit_diff,high,returns [0x8009B7E4] (game::misc)
0x8000DA78,func_8000DA78,ours,8,,recomp,,,
0x8000E680,func_8000E680,ours,1,,rust_verified,unit_diff,high,record +0/+2 from screen pixels (scaled to 320x240) (game::misc)
0x8000E738,func_8000E738,ours,1,,rust_verified,unit_diff,high,record +4/+6 from screen pixels (game::misc)
0x8000E7F0,func_8000E7F0,ours,8,,recomp,,,
0x8000E8C4,func_8000E8C4,ours,1,,rust_verified,unit_diff,high,node tree: first nonzero child word (recursive through the C) (game::misc)
0x8000E9BC,func_8000E9BC,ours,0,,rust_verified,unit_diff,high,"six optional bytes at [p+0xC]+0x20, negative = skip (game::misc)"
0x8000EA4C,func_8000EA4C,ours,1,,rust_verified,unit_diff,high,node tree: six bytes via func_8000E9BC (recursive through the C) (game::misc)
0x8000EBE8,func_8000EBE8,ours,1,,rust_verified,unit_diff,high,project a point to the screen through 0x80112E20 and a viewport; margins of 8 (game::misc)
0x8000EEE0,func_8000EEE0,ours,2,,recomp,,,
0x8000F0DC,func_8000F0DC,ours,3,,recomp,,,
0x8000F5A0,func_8000F5A0,ours,0,render,rust_verified,unit_diff,high,depth-buffer probes: 8x8 window counts and point samples; QUIRK: unbounded sample reads (game::render)
0x8000FA2C,func_8000FA2C,ours,4,,recomp,,,
0x8000FCA4,func_8000FCA4,ours,0,,rust_verified,unit_diff,high,byte 3 of word k at 0x8009B824; QUIRK unbounded (game::misc)
0x8000FCBC,func_8000FCBC,ours,0,,rust_verified,unit_diff,high,"0 <= i < 2 (64-bit): [0x8009B814+4i] = a1, triple 0x800D57D0+12i, -1000 at 0x800D57B0/A0/90+4i, float 0x8009B81C+4i, 4 stack-arg bytes at 0x8009B824+4i (game::misc)"
0x8000FD74,func_8000FD74,ours,0,,rust_verified,unit_diff,high,"i < 2, j < 8: [0x8009B82C+32i+4j] = a2, floats 0x800D57E8/0x800D5828 +32i+4j, 3 bytes at 0x800D5868+24i+3j (game::misc)"
0x8000FE1C,func_8000FE1C,ours,0,,rust_verified,unit_diff,high,two blocks at 0x8009B814/0x8009B82C = -1 (game::misc)
0x8000FE78,func_8000FE78,ours,0,,rust_verified,unit_diff,high,20 words at 0x800D5AA8 = -9999 (game::misc)
0x8000FEAC,func_8000FEAC,ours,0,,rust_verified,unit_diff,high,"[0x800D5AA8+4k] = a2, triple 0x800D59B8+12k (unbounded) (game::misc)"
0x8000FEF0,func_8000FEF0,ours,0,,rust_verified,unit_diff,high,"0x800D5F80/5FA8 words = -1, 0x800D5C38 bytes = 0 (game::misc)"
0x8000FF54,func_8000FF54,ours,0,,rust_verified,unit_diff,high,"k < 40 (signed; negatives pass): triple 0x800D5C60+12k, [0x800D60A0+4k] = -1000, byte 0x800D5C38+k = 1 (game::misc)"
0x8000FFB8,func_8000FFB8,ours,0,,rust_verified,unit_diff,high,k < 40 (signed): triple 0x800D5C60+12k (game::misc)
0x8000FFF8,func_8000FFF8,ours,0,,rust_verified,unit_diff,high,"byte k (< 40) at 0x800D5C38 = 0; QUIRK 64-bit compare, low-word address (game::misc)"
0x80010014,func_80010014,ours,0,,rust_verified,unit_diff,high,set word pair k (< 10); QUIRK as func_8000FFF8 (game::misc)
0x80010040,func_80010040,ours,0,,rust_verified,unit_diff,high,[0x8009B86C] = 0 (game::misc)
0x8001004C,func_8001004C,ours,0,,rust_verified,unit_diff,high,"decode handle via (shift, base) table 0x8009B888 (game::misc)"
0x80010080,func_80010080,ours,9,,recomp,,,
0x800105DC,func_800105DC,ours,2,,recomp,,,
0x80010B34,func_80010B34,ours,2,,recomp,,,
0x80010EA0,func_80010EA0,ours,3,,recomp,,,
0x800116E8,func_800116E8,ours,1,,rust_verified,unit_diff,high,"turn off the 80 listed records, clear their bytes (game::misc)"
0x80011764,func_80011764,ours,0,,rust_verified,unit_diff,high,"[0x8009B878] = f12, [0x8009B87C] = f14 (game::misc)"
0x80011778,func_80011778,ours,0,,rust_verified,unit_diff,high,four bytes at 0x8009B874 from a0-a3 (game::misc)
0x800117A4,func_800117A4,ours,2,,recomp,,,
0x800117E4,func_800117E4,ours,0,,rust_verified,unit_diff,high,[0x8009B880] = f12 (game::misc)
0x800117F0,func_800117F0,ours,2,,recomp,,,
0x80011814,func_80011814,ours,0,,rust_verified,unit_diff,high,byte [0x8009B870] = 1 (game::misc)
0x80011824,func_80011824,ours,0,,rust_verified,unit_diff,high,[0x800D6140 + 4k] = v; QUIRK unbounded (game::misc)
0x80011838,func_80011838,ours,0,,rust_verified,unit_diff,high,"0x800D6140 words = -1, 0x800D68C0 bytes = 0 (game::misc)"
0x80011888,func_80011888,ours,10,,recomp,,,
0x800118F8,func_800118F8,ours,1,,rust_verified,unit_diff,high,func_8000F5A0 thunk (game::misc)
0x80011918,func_80011918,ours,0,,rust_verified,unit_diff,high,[0x8009B810] = 1 (game::misc)
0x80011928,func_80011928,ours,0,,rust_verified,unit_diff,high,[0x8009B810] = 0 (game::misc)
0x80011940,comp_decompress,ours,0,asset,rust_verified,unit_diff,high,"Comp/Wolf LZSS (NOTES); QUIRK: window = src-0x1000, uninitialised"
0x80011B18,rom_read_dma,ours,15,asset,recomp,,med,osPiStartDma + polled osRecvMesg; one-time init func_8002E034
0x80011BDC,func_80011BDC,ours,15,,recomp,,,
0x80011CDC,rom_read,ours,16,asset,recomp,,med,rom_read_dma in 0x800-byte chunks
0x80011D60,rom_read_small,ours,16,asset,recomp,,med,as rom_read via func_80011BDC; headers/tables
0x80011DF0,func_80011DF0,ours,0,,rust_verified,unit_diff,high,pointer table 0x800D6940 = 7 fixed pointers (game::misc)
0x80011E54,func_80011E54,ours,0,,rust_verified,unit_diff,high,select pointer k clamped to 0..count (game::misc)
0x80011EA4,func_80011EA4,ours,1,,rust_verified,unit_diff,high,func_80011E54 thunk (s16 k) (game::misc)
0x80011ECC,func_80011ECC,ours,0,,rust_verified,unit_diff,high,"halfword pair 0x800A1CD0 = (x, y) (game::misc)"
0x80011EE8,func_80011EE8,ours,0,,rust_verified,unit_diff,high,"*x, *y = halfword pair (game::misc)"
0x80011F04,func_80011F04,ours,0,,rust_verified,unit_diff,high,four bytes at 0x800A1CCC; [0x800D6938] = 0 (game::misc)
0x80011F38,func_80011F38,ours,0,,rust_verified,unit_diff,high,"glyph rectangle: gSPTextureRectangle scaled to the screen, grows the text box 0x800D6914; FCR31 idiom via fpu::to_unsigned_s, flag path dead (game::render)"
0x800125E4,func_800125E4,ours,0,render,rust_verified,unit_diff,high,texture load commands by format (game::render)
0x800129B8,func_800129B8,ours,1,,rust_verified,unit_diff,high,text width in font k (game::misc)
0x800129E4,func_800129E4,ours,0,,rust_verified,unit_diff,high,"text width: sum of glyph advances (+2 of 16-byte glyphs) up to NUL or ~n; ~~ literal, ~X skipped; lowercase folded if font lacks it; chars >= 0x97 remapped via 0x800A1C86/0x800A1CD8 to an extended table; QUIRKs: first==0 overrides extended glyphs, ~ before NUL runs past the string (game::misc)"
0x80012B5C,func_80012B5C,ours,0,,rust_verified,unit_diff,high,lookup c in 16-byte records [o+0x5C] for c in [o+0x5A]..[o+0x5B]; QUIRK a miss copies uninitialised stack words (game::misc)
0x80012BF0,func_80012BF0,ours,1,,recomp,,,
0x80013DC0,func_80013DC0,ours,2,,recomp,,,
0x800141EC,func_800141EC,ours,1,,rust_verified,unit_diff,high,"set up a glyph: colour, combine, texture prologue by font format, metrics, texture load (game::render)"
0x80014568,func_80014568,ours,1,,recomp,,,
0x80014C98,func_80014C98,ours,0,render,rust_verified,unit_diff,high,"gDPPipeSync (0xE7000000, 0) onto the display list at [0x801217B0] (game::render)"
0x80014CC0,func_80014CC0,ours,1,,rust_verified,unit_diff,high,"sine and cosine in degrees (r = f32(deg*pi/180), cosf then sinf) (game::math)"
0x80014D20,func_80014D20,ours,2,,recomp,,,
0x80014D4C,func_80014D4C,ours,0,math,rust_verified,unit_diff,high,"asin(x) in degrees by the game's series (constants 0x800A8790..): +-90 beyond +-0.999999, reduction via sqrt(1-x^2) outside +-0.7071, r*180/pi in double (game::math)"
0x80014F2C,func_80014F2C,ours,1,,rust_verified,unit_diff,high,acos in degrees: 90 - asin_deg (game::math)
0x80014F54,func_80014F54,ours,0,math,rust_verified,unit_diff,high,"atan2(y=f12, x=f14) in degrees by the game's series (constants 0x800A87C0..): octant swap, t < 1e-4 -> 0, quadrant fixups at -1e-4 (game::math)"
0x8001514C,vec2_add,ours,0,math,rust_verified,unit_diff,high,out = b + a (2 floats) (game::math)
0x80015170,vec2_scale,ours,0,math,rust_verified,unit_diff,high,"out = v * s, s in a1 (game::math)"
0x80015190,func_80015190,ours,0,math,rust_verified,unit_diff,high,vec2 out = q*s + p (s in a2) (game::math)
0x800151C0,vec2_length,ours,0,math,rust_verified,unit_diff,high,sqrt(y*y + x*x) in f0 (game::math)
0x800151E0,func_800151E0,ours,1,,rust_verified,unit_diff,high,vec2 normalise if K <= length; returns the length (game::math)
0x8001523C,vec2_dist_sq,ours,0,math,rust_verified,unit_diff,high,(a-b).(a-b) in f0 (game::math)
0x80015268,func_80015268,ours,0,math,rust_verified,unit_diff,high,vec3 set from a1..a3 (z via spill) (game::math)
0x80015288,func_80015288,ours,0,math,rust_verified,unit_diff,high,vec3 copy (game::math)
0x800152A4,func_800152A4,ours,0,math,rust_verified,unit_diff,high,vec3 negate (game::math)
0x800152CC,func_800152CC,ours,0,math,rust_verified,unit_diff,high,vec3 IEEE equality -> 1/0 (game::math)
0x80015328,func_80015328,ours,0,math,rust_verified,unit_diff,high,vec3 out = b + a (game::math)
0x8001535C,func_8001535C,ours,0,math,rust_verified,unit_diff,high,vec3 out = a - b (game::math)
0x80015390,func_80015390,ours,0,math,rust_verified,unit_diff,high,vec3 dot b.z*a.z + (a.x*b.x + a.y*b.y) (game::math)
0x800153C0,func_800153C0,ours,0,math,rust_verified,unit_diff,high,vec3 length sqrt(z^2 + (x^2 + y^2)) (game::math)
0x800153EC,func_800153EC,ours,0,math,rust_verified,unit_diff,high,vec3 squared distance (dx^2+dy^2)+dz^2 (game::math)
0x80015428,func_80015428,ours,0,math,rust_verified,unit_diff,high,vec2 distance of b - a (spilled) (game::math)
0x80015470,func_80015470,ours,0,math,rust_verified,unit_diff,high,vec3 distance of b - a (spilled) (game::math)
0x800154D0,func_800154D0,ours,1,,rust_verified,unit_diff,high,vec3 normalise if K <= length; returns the length (game::math)
0x80015538,func_80015538,ours,0,math,rust_verified,unit_diff,high,vec3 cross a x b via frame (game::math)
0x800155C0,func_800155C0,ours,0,math,rust_verified,unit_diff,high,vec3 out = v*s (s in a1) (game::math)
0x800155EC,func_800155EC,ours,0,math,rust_verified,unit_diff,high,vec3 out = q*s + p (s in a2) (game::math)
0x80015630,func_80015630,ours,0,math,rust_verified,unit_diff,high,vec3 out = p*t + q*u (p on stack) (game::math)
0x80015694,func_80015694,ours,0,math,rust_verified,unit_diff,high,matrix row k (16-byte rows) = v (game::math)
0x800156B8,func_800156B8,ours,0,math,rust_verified,unit_diff,high,out = matrix row k (game::math)
0x800156DC,func_800156DC,ours,0,math,rust_verified,unit_diff,high,4x4 matrix copy (game::math)
0x80015724,func_80015724,ours,0,math,rust_verified,unit_diff,high,4x4 out = a * b from frame copies (aliasing safe) (game::math)
0x80015C30,func_80015C30,ours,0,math,rust_verified,unit_diff,high,4x4 m = n * m in place (n read in place) (game::math)
0x800160BC,func_800160BC,ours,0,math,rust_verified,unit_diff,high,"inverse of scaled rotation + translation: transpose / squared row lengths, t' = -(t . columns) (game::math)"
0x80016260,func_80016260,ours,0,math,rust_verified,unit_diff,high,"ludcmp shape (Crout LU, implicit pivoting, n = 3); QUIRKs: stale vv for a zero row, stale imax at column 0 (game::math)"
0x800167E4,func_800167E4,ours,0,math,rust_verified,unit_diff,high,"lubksb shape (LU back-substitution, n = 3) (game::math)"
0x80016A20,func_80016A20,ours,1,,rust_verified,unit_diff,high,"inverse of a 4x4 through the LU pair, translation from m's row 3 (game::math)"
0x80016BF4,func_80016BF4,ours,0,math,rust_verified,unit_diff,high,"out = v x 3x3 part (row vector), via frame (game::math)"
0x80016CAC,func_80016CAC,ours,0,math,rust_verified,unit_diff,high,"out = v x 4x4 with translation, via frame (game::math)"
0x80016D78,func_80016D78,ours,0,math,rust_verified,unit_diff,high,"vec4 set (z spill, w stack) (game::math)"
0x80016DA0,func_80016DA0,ours,0,math,rust_verified,unit_diff,high,vec4 scale (game::math)
0x80016DD8,func_80016DD8,ours,0,math,rust_verified,unit_diff,high,"out = vec4 x 4x4, via frame (game::math)"
0x80016F0C,func_80016F0C,ours,2,,recomp,,,
0x8001723C,func_8001723C,ours,2,,recomp,,,
0x8001734C,func_8001734C,ours,2,,recomp,,,
0x8001745C,func_8001745C,ours,3,,recomp,,,
0x800174B8,func_800174B8,ours,3,,recomp,,,
0x80017520,func_80017520,ours,0,math,rust_verified,unit_diff,high,"4x4 scale matrix diag(x, y, z, 1) (game::math)"
0x80017580,func_80017580,ours,0,math,rust_verified,unit_diff,high,"4x4 translation matrix, row 3 = (x, y, z, 1) (game::math)"
0x800175E0,func_800175E0,ours,2,,recomp,,,
0x80017824,func_80017824,ours,3,,recomp,,,
0x80017874,func_80017874,ours,0,math,rust_verified,unit_diff,high,4x4 identity (game::math)
0x800178C4,func_800178C4,ours,3,,recomp,,,
0x80017918,func_80017918,ours,0,math,rust_verified,unit_diff,high,"out = m (5th arg) with rows 0..2 times sx, sy, sz (game::math)"
0x800179EC,func_800179EC,ours,2,,recomp,,,
0x80017AC0,func_80017AC0,ours,2,,recomp,,,
0x80017B34,func_80017B34,ours,3,,recomp,,,
0x80017B7C,func_80017B7C,ours,0,,rust_verified,unit_diff,high,"node translation +0x40..+0x48 = (x, y, z); flags halfword +0xC |= 3 (game::misc)"
0x80017BA8,func_80017BA8,ours,0,,rust_verified,unit_diff,high,node 3x4 transform +0x1C..+0x48 = 4x4 m's first three columns; flags |= 3 (game::misc)
0x80017C18,func_80017C18,ours,0,,rust_verified,unit_diff,high,"4x4 m = node 3x4 transform with column 3 = (0,0,0,1) (game::misc)"
0x80017C98,func_80017C98,ours,0,,rust_verified,unit_diff,high,identical code to 80017C18 (game::misc)
0x80017D18,func_80017D18,ours,4,,recomp,,,
0x80017D48,func_80017D48,ours,0,,rust_verified,unit_diff,high,[o+0x1C] = v (game::misc)
0x80017D50,func_80017D50,ours,0,,rust_verified,unit_diff,high,[o+0x1C] (game::misc)
0x80017D58,func_80017D58,ours,0,,rust_verified,unit_diff,high,0 <= k < 8 (64-bit): float [n+0x1C+4k] = a2 (game::misc)
0x80017D80,func_80017D80,ours,0,,rust_verified,unit_diff,high,"0 <= k < 8: f0 = [n+0x1C+4k], else f0 unchanged (game::misc)"
0x80017DA4,func_80017DA4,ours,0,,rust_verified,unit_diff,high,[o] (game::misc)
0x80017DAC,func_80017DAC,ours,0,,rust_verified,unit_diff,high,[o+0x14] (game::misc)
0x80017DB4,func_80017DB4,ours,0,,rust_verified,unit_diff,high,o ? [o+0x18][k] : 0; QUIRK unbounded k (game::misc)
0x80017DDC,func_80017DDC,ours,0,,rust_verified,unit_diff,high,(i16)[o+0x20] (game::misc)
0x80017DE4,func_80017DE4,ours,0,,rust_verified,unit_diff,high,(i16)[o+0x22] (game::misc)
0x80017DEC,func_80017DEC,ours,0,,rust_verified,unit_diff,high,[o+0x24] (game::misc)
0x80017DF4,func_80017DF4,ours,0,,rust_verified,unit_diff,high,"*a, *b = [o+0x2C], [o+0x28] or zeros (game::misc)"
0x80017E20,func_80017E20,ours,0,,rust_verified,unit_diff,high,copy six floats n+8.. to a1 (game::misc)
0x80017E54,func_80017E54,ours,0,,rust_verified,unit_diff,high,[o+0x14] (game::misc)
0x80017E5C,func_80017E5C,ours,0,,rust_verified,unit_diff,high,[o+0x18][k]; QUIRK unbounded k (game::misc)
0x80017E70,func_80017E70,ours,0,,rust_verified,unit_diff,high,[o+8] = v if which == 2 (game::misc)
0x80017E88,func_80017E88,ours,0,,rust_verified,unit_diff,high,"-1, or flag bits 3/6 of [o] as 1|2 (game::misc)"
0x80017EDC,func_80017EDC,ours,0,,rust_verified,unit_diff,high,[o] (game::misc)
0x80017EE4,func_80017EE4,ours,0,,rust_verified,unit_diff,high,[o+4] (game::misc)
0x80017EEC,func_80017EEC,ours,0,,rust_verified,unit_diff,high,[o+4] = v (game::misc)
0x80017EF4,func_80017EF4,ours,0,,rust_verified,unit_diff,high,[o] (game::misc)
0x80017EFC,func_80017EFC,ours,0,,rust_verified,unit_diff,high,[o] |= bits (game::misc)
0x80017F0C,func_80017F0C,ours,0,,rust_verified,unit_diff,high,[o] &= ~bits (game::misc)
0x80017F20,func_80017F20,ours,0,,rust_verified,unit_diff,high,returns 4 (game::misc)
0x80017F28,func_80017F28,ours,0,,rust_verified,unit_diff,high,"0x80120DF0 + 0x170k for 0 <= k < 4, else 0 (game::misc)"
0x80017F64,func_80017F64,ours,3,,recomp,,,
0x80017FD0,func_80017FD0,ours,1,,rust_verified,unit_diff,high,"node world matrix: copy m to o+0xB0, o+0x70 = (o+0x30) * m (game::misc)"
0x80018084,func_80018084,ours,0,,rust_verified,unit_diff,high,float a2 to +0x148/+0x14C/+0x150 for k = 2/3/5 (64-bit) (game::misc)
0x800180C8,func_800180C8,ours,0,,rust_verified,unit_diff,high,"float +0x148/+0x14C/+0x150 for k = 2/3/5, else -1.0 (game::misc)"
0x80018114,func_80018114,ours,0,,rust_verified,unit_diff,high,[o+0x168] = v (game::misc)
0x8001811C,func_8001811C,ours,0,,rust_verified,unit_diff,high,set field by selector 4/3/6/5 -> +0x15C/+0x164/+0x158/+0x160 (game::misc)
0x80018164,func_80018164,ours,0,,rust_verified,unit_diff,high,"get field by selector, else -1 (game::misc)"
0x800181BC,func_800181BC,ours,1,,rust_verified,unit_diff,high,"node flag word walk by op; QUIRK children get flags & 0x10 only, v0 not preserved (game::misc)"
0x800182FC,func_800182FC,ours,0,,rust_verified,unit_diff,high,"k 0 -> [o+8], 2 -> [o+4], else 0 (game::misc)"
0x80018324,func_80018324,ours,0,,rust_verified,unit_diff,high,"init node header (type, -1 links); type & 0x4000 clears +0x14/+0x18; 0xD065 gets identity transform (game::misc)"
0x800183A8,func_800183A8,ours,0,,rust_verified,unit_diff,high,[o+4] (game::misc)
0x800183B0,func_800183B0,ours,0,,rust_verified,unit_diff,high,[o+4] = v (game::misc)
0x800183C0,func_800183C0,ours,0,,rust_verified,unit_diff,high,reset block 0x800D6960 (settings word +0x1C = 9) (game::misc)
0x80018440,func_80018440,ours,0,,rust_verified,unit_diff,high,empty (game::misc)
0x80018448,func_80018448,ours,0,,rust_verified,unit_diff,high,empty (game::misc)
0x80018450,func_80018450,ours,0,,rust_verified,unit_diff,high,empty; spills a0 a1 (game::misc)
0x80018460,func_80018460,ours,0,,rust_verified,unit_diff,high,empty (game::misc)
0x80018470,func_80018470,ours,0,,rust_verified,unit_diff,high,[0x800A21AC] = 5 (game::misc)
0x80018480,func_80018480,ours,5,,recomp,,,
0x80019B80,func_80019B80,ours,20,,recomp,,,
0x80019BB4,func_80019BB4,ours,25,,recomp,,,
0x8001A408,func_8001A408,ours,24,,recomp,,,
0x8001ADD4,func_8001ADD4,ours,25,,recomp,,,
0x8001C404,func_8001C404,ours,8,,recomp,,,
0x8001CCC4,func_8001CCC4,ours,22,,recomp,,,
0x8001D05C,func_8001D05C,ours,25,,recomp,,,
0x8001DD48,func_8001DD48,ours,26,,recomp,,,
0x8001DDA8,func_8001DDA8,ours,25,,recomp,,,
0x8001E6C0,func_8001E6C0,ours,22,,recomp,,,
0x8001F464,func_8001F464,ours,0,save,rust_verified,unit_diff,high,bit 1 of [0x80113688] (game::save)
0x8001F48C,func_8001F48C,ours,20,,recomp,,,
0x8001F5AC,func_8001F5AC,ours,26,,recomp,,,
0x80020030,func_80020030,ours,26,,recomp,,,
0x80021294,func_80021294,ours,25,,recomp,,,
0x80021F84,func_80021F84,ours,25,,recomp,,,
0x80022798,func_80022798,ours,8,,recomp,,,
0x800228C0,func_800228C0,ours,25,,recomp,,,
0x80024070,func_80024070,ours,26,,recomp,,,
0x80024704,func_80024704,ours,0,save,rust_verified,unit_diff,high,"track selection state at 0x8011A240 (circuits, unlocked tracks, clamp, left/right) (game::save)"
0x80024874,func_80024874,ours,1,,rust_verified,unit_diff,high,count the unlocked tracks before the current one into 0x8011A270 (game::save)
0x80024954,func_80024954,ours,25,,recomp,,,
0x80025148,func_80025148,ours,25,,recomp,,,
0x80026644,func_80026644,ours,25,,recomp,,,
0x80026B3C,func_80026B3C,ours,23,,recomp,,,
0x80027150,func_80027150,ours,20,,recomp,,,
0x80027A0C,func_80027A0C,ours,6,,recomp,,,
0x80027D24,func_80027D24,ours,22,,recomp,,,
0x80028070,func_80028070,ours,1,,rust_verified,unit_diff,high,"reset every profile record (12 working, 4 saved) (game::save)"
0x800280D8,func_800280D8,ours,22,,recomp,,,
0x800281F0,func_800281F0,ours,0,save,rust_verified,unit_diff,high,racer list at 0x800D6CD8 from the profile's unlock mask | 0x22E01; count to 0x8011A26C (game::save)
0x80028320,func_80028320,ours,25,,recomp,,,
0x80028498,func_80028498,ours,5,,recomp,,,
0x80028D60,func_80028D60,ours,4,,recomp,,,
0x80028E78,func_80028E78,ours,25,,recomp,,,
0x800290A4,func_800290A4,ours,1,,rust_verified,unit_diff,high,"fade-in step: alpha of colour -103 from 255 by k*dt, then off; FCR31 idiom via fpu::to_unsigned_s (game::misc)"
0x80029298,func_80029298,ours,0,,rust_verified,unit_diff,high,40 records at 0x800A4C00: [+8] (and +0x14) = x + const by kind (jump table) (game::misc)
0x8002932C,func_8002932C,ours,23,,recomp,,,
0x80029494,func_80029494,ours,2,,recomp,,,
0x8002963C,func_8002963C,ours,21,,recomp,,,
0x80029A3C,func_80029A3C,ours,0,save,rust_verified,unit_diff,high,"profile record reset, working (0x80113E60) or saved (0x80113694) copy (game::save)"
0x80029C24,func_80029C24,ours,0,,rust_verified,unit_diff,high,"A = trunc(f32(byte*word)*[0x800A9E08])+1 -> [0x800D6CC8], B likewise -> [0x800D6CCC], halfword [0x800D6CC4] = [0x80113E78]+A < B (game::misc)"
0x80029D38,func_80029D38,ours,9,,recomp,,,
0x8002A7D4,func_8002A7D4,ours,9,,recomp,,,
0x8002AD70,func_8002AD70,ours,5,,recomp,,,
0x8002AFFC,func_8002AFFC,ours,4,,recomp,,,
0x8002B3C8,func_8002B3C8,ours,2,,recomp,,,
0x8002B574,func_8002B574,ours,8,,recomp,,,
0x8002BBA4,func_8002BBA4,ours,8,,recomp,,,
0x8002C780,func_8002C780,ours,1,,rust_verified,unit_diff,high,"HUD panel: two levels += ±s*dt clamped [0,254], records AF AE B2 B1 B4 (B3 B0 if enabled); FCR31 idiom (game::misc)"
0x8002CC28,func_8002CC28,ours,1,,rust_verified,unit_diff,high,"HUD panel 2: levels 3/4, records AB AA A8 A7 AD (A9 AC if enabled); FCR31 idiom (game::misc)"
0x8002D048,func_8002D048,ours,10,,recomp,,,
0x8002D4C4,func_8002D4C4,ours,3,,recomp,,,
0x8002D598,track_name,ours,0,,rust_verified,unit_diff,high,"address of track name (25), else 0 (jump table) (game::misc)"
0x8002D6EC,func_8002D6EC,ours,3,,recomp,,,
0x8002D968,func_8002D968,ours,0,,rust_verified,unit_diff,high,"bit 14 of [0x8009B7D8] and first 3 bytes of a, b equal (game::misc)"
0x8002D9D0,func_8002D9D0,ours,0,,rust_verified,unit_diff,high,"4 if (s8)a < 3 and (u8)b < 6, else 3 (game::misc)"
0x8002DA0C,func_8002DA0C,ours,1,,rust_verified,unit_diff,high,"1 if D9D0(k,c)==3 and (table s16 >> 2c) % 4 == 0, else bit c+1 of byte clear for k<3 (game::misc)"
0x8002DAD0,func_8002DAD0,ours,0,,rust_verified,unit_diff,high,"bit (u8)bit of byte table[(s8)i], table by [p+0x6C] (game::misc)"
0x8002DB20,func_8002DB20,ours,1,,rust_verified,unit_diff,high,"index of the n-th set entry by 8002DAD0, count table at 0x800A21B4; -1 if none (game::misc)"
0x8002DBD8,func_8002DBD8,ours,1,,rust_verified,unit_diff,high,"0 iff three vec3 equalities hold (0x800A4C00 + 32*[o+0x34] vs 0x80118E50/ED0/E10), else 1 (game::misc)"
0x8002DC7C,func_8002DC7C,ours,0,,rust_verified,unit_diff,high,[p+0x6C] ? halfwords at 0x80113E6C all set : bit 5 of [0x80113688] (game::misc)
0x8002DCF4,func_8002DCF4,ours,1,,rust_verified,unit_diff,high,1 iff 8002D968 holds for four fixed pairs (game::misc)
0x8002DD7C,func_8002DD7C,ours,3,,recomp,,,
0x8002DFB0,func_8002DFB0,ours,0,,rust_verified,unit_diff,high,"empty, spills a0 a1 (debug hook?) (game::misc)"
0x8002DFBC,func_8002DFBC,ours,14,,recomp,,,
0x8002E028,func_8002E028,ours,0,,rust_verified,unit_diff,high,[0x800A268C] = 0 (game::misc)
0x8002E034,func_8002E034,ours,14,,recomp,,,"one-time: func_8002DFB0(0x3F,0); while [0x800A2690]: func_8002E2FC, func_8002E124; [0x800A2698] = 0; func_8002DFB0(0x40,0); [0x800A2690] = 1. Callers: rom_read_dma, func_80011BDC, heap_set_level (guarded by 0x800A68A0), 2 more"
0x8002E0A8,func_8002E0A8,ours,0,,rust_verified,unit_diff,high,[0x800A2690] = 0 (game::misc)
0x8002E0B4,func_8002E0B4,ours,12,,recomp,,,
0x8002E124,func_8002E124,ours,13,,recomp,,,
0x8002E2FC,func_8002E2FC,ours,5,,recomp,,,
0x8002E4B4,func_8002E4B4,ours,2,,recomp,,,
0x8002E548,func_8002E548,ours,13,,recomp,,,
0x8002E5D4,func_8002E5D4,ours,6,,recomp,,,
0x8002E644,func_8002E644,ours,6,,recomp,,,
0x8002E6E0,func_8002E6E0,ours,13,,recomp,,,
0x8002E770,func_8002E770,ours,10,,recomp,,,
0x8002E82C,func_8002E82C,ours,10,,recomp,,,
0x8002E8D4,func_8002E8D4,ours,0,,rust_verified,unit_diff,high,[0x800D7498 + 4i] (game::misc)
0x8002E8E8,func_8002E8E8,ours,11,,recomp,,,
0x8002EA28,func_8002EA28,ours,0,input,rust_verified,unit_diff,high,pads update: four OSContPads to 0x18-byte records at 0x800D74D8; QUIRK: one shared buttons halfword (game::input)
0x8002ECA0,func_8002ECA0,ours,1,,rust_verified,unit_diff,high,"button words: 14 button bits + 10 stick-threshold bits per pad, pressed/released/held, stick floats at 0x800D76F0 (game::input)"
0x8002F000,func_8002F000,ours,0,,rust_verified,unit_diff,high,"[0x800A26F4] = 0, [0x800A26F8] = 1, float [0x800D7740] = 0 (game::misc)"
0x8002F024,func_8002F024,ours,6,,recomp,,,
0x8002F054,func_8002F054,ours,0,,rust_verified,unit_diff,high,get [0x800A26F4] (game::misc)
0x8002F060,func_8002F060,ours,0,,rust_verified,unit_diff,high,f0 = [0x800D7740] (game::misc)
0x8002F06C,func_8002F06C,ours,4,,recomp,,,
0x8002F0EC,func_8002F0EC,ours,1,,rust_verified,unit_diff,high,"unless [0x800A26F8]: [0x800A26F4]=0, broadcast {Paws, -1, 8000DA6C()} to All! (game::misc)"
0x8002F144,func_8002F144,ours,3,,recomp,,,
0x8002F18C,func_8002F18C,ours,5,,recomp,,,
0x8002F1CC,func_8002F1CC,ours,0,,rust_verified,unit_diff,high,"[0x800A26F8] = 0, byte [0x800A26FC] = 1 (game::misc)"
0x8002F1E4,func_8002F1E4,ours,0,,rust_verified,unit_diff,high,empty (game::misc)
0x8002F1EC,func_8002F1EC,ours,5,,recomp,,,
0x8002F2D0,func_8002F2D0,ours,23,,recomp,,,
0x8002F440,func_8002F440,ours,0,,rust_verified,unit_diff,high,fill 0x800AE8B0..0x80149C60 with 0xDDEEDDEE (game::misc)
0x8002F480,func_8002F480,ours,0,,rust_verified,unit_diff,high,fill 0x8014D7E0..RDRAM end with 0xBBCCBBCC (game::misc)
0x8002F4D0,func_8002F4D0,ours,4,,recomp,,,
0x8002F550,func_8002F550,ours,7,,recomp,,,
0x8002F740,func_8002F740,ours,0,,rust_verified,unit_diff,high,"bare epilogue, unreferenced (game::misc)"
0x8002F750,func_8002F750,ours,24,,recomp,,,
0x8002F9C0,func_8002F9C0,ours,0,,rust_verified,unit_diff,high,"bare epilogue: ra, f20, f22, s0-s2 from frame, sp += 0x38 (game::misc)"
0x8002F9E0,func_8002F9E0,ours,0,,rust_verified,unit_diff,high,"empty, spills a0..a3 (game::misc)"
0x8002FA00,heap_set_level,ours,16,asset,recomp,,low,"level = a0; cursors[a0] = cursors[a0-1]; texture_cache_trim(that cursor); func_80007E80(1); zeroes cursors above; clears 0x800A2864. First call only: func_8002E034, then [0x800A68A0] = 1. Not portable yet: func_80007E80 and func_8002E034 cannot be doubled honestly (NOTES)"
0x8002FAC4,heap_set_cursor,ours,1,asset,rust_verified,unit_diff,high,cursors[level] = a0; heap_check(1)
0x8002FAFC,heap_cursor,ours,0,asset,rust_verified,unit_diff,high,v0 = cursors[level] (0x800D9DD8[[0x800A2868]])
0x8002FB18,func_8002FB18,ours,1,,rust_verified,unit_diff,high,1 if p < heap cursor (unsigned) (game::heap)
0x8002FB4C,heap_level_of,ours,0,,rust_verified,unit_diff,high,heap level whose region holds p (game::misc)
0x8002FB90,func_8002FB90,ours,6,,recomp,,,
0x8002FC58,heap_free,ours,1,asset,rust_verified,unit_diff,high,[0x800D9DBC] heap end - heap_cursor()
0x8002FC80,heap_check,ours,0,asset,rust_verified,unit_diff,med,stripped assert: last nonzero cursor < [0x80114538]; no stores; QUIRK: unbounded walk into texture cache
0x8002FCD8,func_8002FCD8,ours,19,,recomp,,,
0x8002FDBC,func_8002FDBC,ours,5,,recomp,,,
0x8002FDF8,func_8002FDF8,ours,1,,rust_verified,unit_diff,high,"clear the block at 0x800D6960 (six floats, +0x18, +0x20 = 2), colour -103 black, 80038DF8(0x3E4, 0x3E8, 0xFF x4) (game::misc)"
0x8002FE80,func_8002FE80,ours,0,,rust_verified,unit_diff,high,"empty, spills a0..a3 (game::misc)"
0x8002FE94,func_8002FE94,ours,0,,rust_verified,unit_diff,high,"round up to a power of two, min 16 (game::misc)"
0x8002FEE4,func_8002FEE4,ours,2,,recomp,,,
0x8002FF38,sprite_load,ours,17,asset,rust_verified,unit_diff,high,"header to the unaligned cursor, table at +0x14, palette/pages 16-aligned (NOTES Sprites); QUIRKs: no space check; CI without palette leaves the header unreserved; palette with <=0 pages reads an unloaded offset; negative count moves the cursor back"
0x80030130,sprite_load_a1,ours,18,asset,rust_verified,unit_diff,high,sprite_load(a1); a0 only spilled. No references in code or data (dead?)
0x80030154,sprite_load_thunk,ours,18,asset,rust_verified,unit_diff,high,sprite_load(a0) with a frame; ~100 call sites
0x80030174,spline_load,ours,17,asset,rust_verified,unit_diff,high,"spline block entry to the heap cursor, +0xC = first point; no space check; index = low word (game::loader)"
0x80030274,func_80030274,ours,18,,recomp,,,
0x80030298,func_80030298,ours,2,,recomp,,,
0x80030304,func_80030304,ours,1,,rust_verified,unit_diff,high,"8003FB78(id, 0, 0): empty the first pool with this id (game::pools)"
0x80030328,texture_read,ours,17,asset,rust_verified,unit_diff,high,"(hdr, &pix, &pal): pixels then palette at 64-aligned heap; *pal untouched if no palette; OOM if free < size+0x80"
0x8003043C,texture_block_init,ours,17,asset,rust_verified,unit_diff,high,count -> 0x800DB890 (rom_read_small); zeroes all 1700 cache words whatever the count; QUIRK: count >= 1701 (signed) hangs: b . = pause_self
0x800304AC,texture_get,ours,18,asset,rust_verified,unit_diff,high,cache 0x800D9E00 holds &pix of the first loader; QUIRK: later hits copy that pair (null if it OOMed); idx >= count -> null
0x80030574,texture_cache_trim,ours,0,asset,rust_verified,unit_diff,high,"zero every texture cache word w with a0 < sext(w) (sltu, 64-bit); called by heap_set_level with the new level cursor"
0x800305E8,model_load,ours,19,asset,rust_verified,unit_diff,high,"mask, Comp to heap top, relocation, tag; QUIRK: Comp header read before space check; window can overlap output (corrupt model)"
0x80030964,func_80030964,ours,1,,rust_verified,unit_diff,high,"skip to -1, optional Data chunk, start each object of an Anim chunk; heap words by the lowest entry (game::anim)"
0x80030A7C,func_80030A7C,ours,0,,rust_verified,unit_diff,high,"merge q into model-style header p: node list, skip Data/Anim, AltN pointers (game::misc)"
0x80030B68,model_load_stats,ours,0,,rust_verified,unit_diff,high,"*a/*c/*b = model bytes, texture bytes, 0 (game::misc)"
0x80030B90,mask_buffer_init,ours,2,asset,recomp,,med,[0x80114528] = align64(cursor); cursor += 0x4B000/0x25800 + 0x40
0x80030C08,func_80030C08,ours,2,,recomp,,,
0x80030C98,func_80030C98,ours,20,,recomp,,,
0x80030EA0,func_80030EA0,ours,21,,recomp,,,
0x80030FA0,func_80030FA0,ours,1,,rust_verified,unit_diff,high,"colour -103 black, 80038DF8(0x3E4, 0x3E8, 0xFF x4) (game::misc)"
0x80030FF8,heap_init,ours,22,asset,recomp,,med,"start 0x8014D7E0; end = [0x80114538] - reserve (0 if 4 MB, 0x1400 at 640 wide); clears cursors"
0x80031134,func_80031134,ours,2,,recomp,,,
0x80031324,func_80031324,ours,23,,recomp,,,
0x800313D8,memset,ours,0,,rust_verified,unit_diff,high,"byte fill, returns p (game::misc)"
0x8003140C,func_8003140C,ours,15,,recomp,,,
0x800314C0,func_800314C0,ours,0,channels,rust_verified,unit_diff,high,channel [0x800DB8A0 + 28i] (game::channels)
0x800314DC,func_800314DC,ours,0,channels,rust_verified,unit_diff,high,"set channel value (+4, +0x16), +8 from a2/a3, +6 reset (game::channels)"
0x80031560,func_80031560,ours,0,channels,rust_verified,unit_diff,high,"channel start ([+0xC]=1, [+6]=0x8000); -1 = all four (self-call) (game::channels)"
0x800315D8,func_800315D8,ours,0,channels,rust_verified,unit_diff,high,channel [+0xC]=0; -1 = all four (self-call) (game::channels)
0x80031640,func_80031640,ours,0,channels,rust_verified,unit_diff,high,channel [+8]=0; -1 = all four (self-call) (game::channels)
0x800316A8,func_800316A8,ours,11,,recomp,,,
0x80031924,func_80031924,ours,2,,recomp,,,
0x80031944,func_80031944,ours,3,,recomp,,,
0x800319CC,func_800319CC,ours,3,,recomp,,,
0x800319F4,func_800319F4,ours,1,,rust_verified,unit_diff,high,start entry k on channel i if k > CURRENT[i] (or equal and idle); QUIRK: k >= 13 hangs (game::channels)
0x80031AB0,func_80031AB0,ours,1,,rust_verified,unit_diff,high,800319F4 with a given value; QUIRK: k >= 13 hangs (game::channels)
0x80031B70,func_80031B70,ours,2,,recomp,,,
0x80031BBC,func_80031BBC,ours,1,,rust_verified,unit_diff,high,"CURRENT[i] = -1, 80031640(i); QUIRK: i = -1 stores before CURRENT (game::channels)"
0x80031BEC,func_80031BEC,ours,0,channels,rust_verified,unit_diff,high,[0x800DB910 + 4i] = 1 (game::channels)
0x80031C04,func_80031C04,ours,20,,recomp,,,
0x80031F80,func_80031F80,ours,0,,rust_verified,unit_diff,high,animation dest = [p+8] (game::misc)
0x80031F94,func_80031F94,ours,0,,rust_verified,unit_diff,high,animation dest = 0 (game::misc)
0x80031FA4,func_80031FA4,ours,0,,rust_verified,unit_diff,high,"cycle animation step of [0x800A2DD4] (timer, phases, dest[map[i]] = src[phase]); do_break unreachable (game::misc)"
0x800320E0,func_800320E0,ours,0,,rust_verified,unit_diff,high,"normalise 7 pod stats (/1000, 1-sqrt/K, (x-450)/200, 8/sqrt - K, /20), clamp [K3, 1] (game::misc)"
0x800321F0,func_800321F0,ours,0,,rust_verified,unit_diff,high,"7 float stats of a0 by a1 (sltu 7), level a2 1..5: += c*a3 or *= b + a*(1-a3), clamp hi then lo; table-driven port (STATS) with per-block registers; pod upgrades (guess) (game::misc)"
0x80032F2C,func_80032F2C,ours,1,,rust_verified,unit_diff,high,"copy 0x3C bytes of stats, then 800321F0(dst, i, levels[i], conds[i]/255.0) for i = 0..6 (game::misc)"
0x80033010,func_80033010,ours,5,,recomp,,,
0x80033140,func_80033140,ours,5,,recomp,,,
0x80033328,func_80033328,ours,0,,rust_verified,unit_diff,high,"ease *x toward target by rate*dt (double; 5x toward 0), bias-sided clamp, heading += (x+bias+add)*dt wrapped to +-180 (game::misc)"
0x800334F4,func_800334F4,ours,0,,rust_verified,unit_diff,high,"*x += (clamp(-(a/b)*s, +-80) - *x) * 5 * dt (double) (game::misc)"
0x80033590,func_80033590,ours,1,,rust_verified,unit_diff,high,"out = node a's translation, moved along its second axis by node b's y; 0 without a (game::misc)"
0x8003365C,func_8003365C,ours,1,,rust_verified,unit_diff,high,v = b's translation; a moves along its second axis by -(b.y - v.y) if outside +-lim or flag bit 30 (game::misc)
0x80033780,func_80033780,ours,4,,recomp,,,
0x80033878,func_80033878,ours,1,,rust_verified,unit_diff,high,"node a's transform with translation v, lowered along its second axis by node b's y (game::misc)"
0x80033928,func_80033928,ours,1,,rust_verified,unit_diff,high,[o+0x110] = x for each object of a list (game::anim)
0x8003398C,func_8003398C,ours,2,,recomp,,,
0x80033B14,func_80033B14,ours,0,,rust_verified,unit_diff,high,"1 if p, *p nonzero and bit 29 of [*p + 0x100] (game::misc)"
0x80033B5C,func_80033B5C,ours,0,,rust_verified,unit_diff,high,f0 = (*pp)->+0x110 or 0.0 (game::misc)
0x80033B94,func_80033B94,ours,0,,rust_verified,unit_diff,high,f0 = (*pp)->+0x114 or 0.0 (game::misc)
0x80033BCC,func_80033BCC,ours,1,,rust_verified,unit_diff,high,"atan2 in degrees of a node's (-N[1][0], N[1][1]); 0.0 for null links (game::misc)"
0x80033C70,func_80033C70,ours,0,,rust_verified,unit_diff,high,"fill table entries at 0x800A31E0/0x800A5CA0 (words, floats from 0x800AAA90) (game::misc)"
0x80033D30,func_80033D30,ours,0,,rust_verified,unit_diff,high,"as 80033C70, other entries (game::misc)"
0x80033DC4,func_80033DC4,ours,0,,rust_verified,unit_diff,high,empty (game::misc)
0x80033DD0,func_80033DD0,ours,0,,rust_verified,unit_diff,high,next of 256 x 32-byte ring at 0x800E0C50 (index 0x800A3CC0) (game::misc)
0x80033E08,func_80033E08,ours,0,,rust_verified,unit_diff,high,next of 3072 x 64-byte ring at 0x800E2C50 (index 0x800A3CC4) (game::misc)
0x80033E40,func_80033E40,ours,0,,rust_verified,unit_diff,high,copy vec3 to 0x800A3FDC and 4x4 to 0x80112E20 (game::misc)
0x80033EEC,func_80033EEC,ours,0,,rust_verified,unit_diff,high,"3x4 stack push at 0x80112EA0 (depth [0x800A3FF0] < 32), flag [0x800A3FF4] = 1 (game::misc)"
0x80033F94,func_80033F94,ours,0,,rust_verified,unit_diff,high,3x4 stack push of m * top (0x80112EA0) (game::misc)
0x8003423C,func_8003423C,ours,0,,rust_verified,unit_diff,high,copy 3x4 stack top; depth re-read per word (QUIRK) (game::misc)
0x80034374,func_80034374,ours,0,,rust_verified,unit_diff,high,"3x4 stack top as 4x4 (column 3 = 0,0,0,1) (game::misc)"
0x800344C8,func_800344C8,ours,0,,rust_verified,unit_diff,high,[0x800A3FF4] = 1; decrement [0x800A3FF0] if positive (game::misc)
0x800344F4,func_800344F4,ours,0,,rust_verified,unit_diff,high,"4x4 float -> s15.16 Mtx: clamp +-32000, |v| < 1e-6 -> 0, column 0 mirrored by settings bit 14 (game::misc)"
0x80034650,func_80034650,ours,0,,rust_verified,unit_diff,high,as 800344F4 for 4x3 (column 3 = 0/1) (game::misc)
0x800347D8,func_800347D8,ours,0,,rust_verified,unit_diff,high,4x4 copy with s16 counters (game::misc)
0x8003483C,func_8003483C,ours,1,,rust_verified,unit_diff,high,"reset the 4x3 stack (0x80112EA0, depth 0x800A3FF0) to identity (game::misc)"
0x80034948,func_80034948,ours,1,,rust_verified,unit_diff,high,4x3 at the depth and the 4x4 at 0x80112E60 to ring Mtx entries (game::misc)
0x800349C4,func_800349C4,ours,2,,recomp,,,
0x80034DA8,func_80034DA8,ours,0,render,rust_verified,unit_diff,high,clear [0x800A3FF8]; DL gSPMatrix(proj) + gSPForceMatrix from 0x801134D0/D4 (game::render)
0x80034E20,func_80034E20,ours,1,,rust_verified,unit_diff,high,"gSPMatrix(4x3 below the depth), gSPForceMatrix(its product with 0x80112E20); QUIRK: offset round trip (game::misc)"
0x8003527C,func_8003527C,ours,0,render,rust_verified,unit_diff,high,DL gSPMatrix(proj) + gSPForceMatrix from [cam+0x34]/[cam+0x38] (game::render)
0x800352E4,func_800352E4,ours,0,render,rust_verified,unit_diff,high,DL gSPMatrix(proj) + gSPForceMatrix from 0x801134D0/D4 (game::render)
0x80035354,func_80035354,ours,3,,recomp,,,
0x80035598,func_80035598,ours,3,,recomp,,,
0x80035698,func_80035698,ours,0,,rust_verified,unit_diff,high,[0x800A3D9C] = (v == 1) (game::misc)
0x800356BC,func_800356BC,ours,0,render,rust_verified,unit_diff,high,"render mode words 0x800A3DA0/A4: ZBZB and AAEN switches, Full sets both (game::render)"
0x800358A0,func_800358A0,ours,0,,rust_verified,unit_diff,high,"input mask: clear bits 16/17 by settings, clear or swap bits 9/10 (game::misc)"
0x8003594C,func_8003594C,ours,0,render,rust_verified,unit_diff,high,material render flags and combiner byte rewrite (1/2/8/9 selectors to 4 or 6) (game::render)
0x80035BF0,func_80035BF0,ours,1,,rust_verified,unit_diff,high,"material render state: othermode, combine, prim/env/fog/blend colours against the sent copy (game::render)"
0x80036094,func_80036094,ours,0,,rust_verified,unit_diff,high,"empty, spills a0 (game::misc)"
0x8003609C,func_8003609C,ours,0,render,rust_verified,unit_diff,high,render mode switches: two-bit fields to SetOtherMode_H at [0x80112C90] (game::render)
0x80036314,func_80036314,ours,1,,rust_verified,unit_diff,high,"material texture: render mode, gSPTexture, load block, TLUT, tiles (game::render)"
0x800366DC,func_800366DC,ours,2,,recomp,,,
0x80036A1C,func_80036A1C,ours,0,render,rust_verified,unit_diff,high,"box culling against the clip matrix at 0x80112E60 (0 culled, 1 visible, 2 all inside) (game::render)"
0x80036F7C,func_80036F7C,ours,0,,rust_verified,unit_diff,high,"[0x800A3D30] = 0x800DB930, [0x800A3D38] = 0 (game::misc)"
0x80036F98,func_80036F98,ours,3,,recomp,,,
0x800374C4,func_800374C4,ours,4,,recomp,,,
0x80037BF0,func_80037BF0,ours,0,,rust_verified,unit_diff,high,"empty, spills a0 (game::misc)"
0x80037BF8,func_80037BF8,ours,0,,rust_verified,unit_diff,high,"t[9+k] += p[k] - p . r column k (rotate about pivot, guess) (game::misc)"
0x80037C8C,func_80037C8C,ours,6,,recomp,,,
0x80037E9C,func_80037E9C,ours,6,,recomp,,,
0x80038294,func_80038294,ours,1,,rust_verified,unit_diff,high,"count of keys below 10.0 before -1.0, or -1 / 0 (game::misc)"
0x80038388,func_80038388,ours,6,,recomp,,,
0x800387F8,func_800387F8,ours,7,,recomp,,,
0x80038950,func_80038950,ours,2,,recomp,,,
0x80038C3C,func_80038C3C,ours,2,,recomp,,,
0x80038D5C,func_80038D5C,ours,1,,rust_verified,unit_diff,high,append gSPMatrix of the 4x4 at 0x80112E20 (game::misc)
0x80038DBC,func_80038DBC,ours,0,,rust_verified,unit_diff,high,"settings [0x800D697C] bit 6 set for 0, cleared otherwise (game::misc)"
0x80038DF8,func_80038DF8,ours,0,,rust_verified,unit_diff,high,store nonnegative args as halfwords at 0x800A3D44..50 (game::misc)
0x80038E58,func_80038E58,ours,0,render,rust_verified,unit_diff,high,"fill Lights1 at 0x800A3DB0 (ambient, light, negated dir) (game::render)"
0x80038ED0,func_80038ED0,ours,0,render,rust_verified,unit_diff,high,fill Lights2 slot i (of 12 at 0x800A3DC8): ambient + light 1 (game::render)
0x80038F68,func_80038F68,ours,0,render,rust_verified,unit_diff,high,"copy Lights1 into slot i, flag 1 (game::render)"
0x80038FE8,func_80038FE8,ours,0,render,rust_verified,unit_diff,high,slot i light 2 or flag 1; QUIRK red byte misplaced (game::render)
0x80039090,func_80039090,ours,0,,rust_verified,unit_diff,high,"empty, spills a0..a3 (game::misc)"
0x800390A4,func_800390A4,ours,0,,rust_verified,unit_diff,high,empty (game::misc)
0x800390AC,func_800390AC,ours,0,,rust_verified,unit_diff,high,empty (game::misc)
0x800390C0,crc32_table_init,ours,0,,rust_verified,unit_diff,high,MSB-first CRC-32 table (poly 0x04C11DB7) at 0x80114070 (game::misc)
0x80039178,crc32,ours,1,,rust_verified,unit_diff,high,"CRC-32 MSB first (table 0x80114070, built if entry 1 is 0), init and final xor -1 (game::save)"
0x800391F4,func_800391F4,ours,15,,recomp,,,
0x800392A4,func_800392A4,ours,5,,recomp,,,
0x800392E8,func_800392E8,ours,16,,recomp,,,
0x8003931C,func_8003931C,ours,2,,recomp,,,
0x80039340,func_80039340,ours,17,,recomp,,,
0x800393DC,func_800393DC,ours,17,,recomp,,,
0x80039478,func_80039478,ours,16,,recomp,,,
0x8003960C,func_8003960C,ours,0,save,rust_verified,unit_diff,high,copy save block 0x80113680 (0x3F0 bytes) to 0x80113A70 (game::save)
0x8003964C,func_8003964C,ours,18,,recomp,,,
0x800396E0,func_800396E0,ours,18,,recomp,,,
0x80039768,func_80039768,ours,18,,recomp,,,
0x80039828,func_80039828,ours,19,,recomp,,,
0x80039890,func_80039890,ours,19,,recomp,,,
0x800398B8,func_800398B8,ours,20,,recomp,,,
0x80039914,func_80039914,ours,0,save,rust_verified,unit_diff,high,copy save record b to current record a (0x2C bytes) (game::save)
0x80039984,func_80039984,ours,0,save,rust_verified,unit_diff,high,copy current record b to save record a (0x2C bytes) (game::save)
0x800399F0,func_800399F0,ours,21,,recomp,,,
0x80039A30,framebuffers_init,ours,0,video,rust_verified,unit_diff,high,framebuffers_init: three fb addresses from osMemSize at 0x80114530 (game::misc)
0x80039B70,func_80039B70,ours,16,,recomp,,,
0x80039CD8,func_80039CD8,ours,0,,rust_verified,unit_diff,high,save/restore three words of the block at 0x80114488 (game::misc)
0x80039D34,func_80039D34,ours,17,,recomp,,,
0x80039EC0,func_80039EC0,ours,17,,recomp,,,
0x8003A440,func_8003A440,ours,18,,recomp,,,
0x8003A478,func_8003A478,ours,18,,recomp,,,
0x8003A4A0,func_8003A4A0,ours,0,spline,rust_verified,unit_diff,high,out = position of point i ([spline+0xC] + 84i + 0x10) (game::spline)
0x8003A4E8,func_8003A4E8,ours,0,spline,rust_verified,unit_diff,high,spline point i halfword +0x40 (game::spline)
0x8003A50C,func_8003A50C,ours,0,spline,rust_verified,unit_diff,high,"first point from 'from' with +0x40 == id, else -1 (game::spline)"
0x8003A568,func_8003A568,ours,0,spline,rust_verified,unit_diff,high,"walker point index, or point halfword +0x42 by path bits (QUIRK) (game::spline)"
0x8003A5D0,func_8003A5D0,ours,1,,rust_verified,unit_diff,high,"evaluate a segment: T x basis weights, 4 control points (type 0 or point/handles), position, up, tangent, second derivative by flags (game::spline)"
0x8003ABA0,func_8003ABA0,ours,0,spline,rust_verified,unit_diff,high,"spline walker step, forward/backward, fork choice and path bits; do_break unreachable (game::spline)"
0x8003AE64,func_8003AE64,ours,2,,recomp,,,
0x8003B02C,func_8003B02C,ours,3,,recomp,,,
0x8003B184,func_8003B184,ours,4,,recomp,,,
0x8003B1F0,func_8003B1F0,ours,4,,recomp,,,
0x8003B250,func_8003B250,ours,0,spline,rust_verified,unit_diff,high,start spline walker at p (first successors) (game::spline)
0x8003B300,func_8003B300,ours,0,,rust_verified,unit_diff,high,four words at 0x80114540..4C (game::misc)
0x8003B324,func_8003B324,ours,0,render,rust_verified,unit_diff,high,"rotated screen quad: 14 F3DEX2 commands, aspect-corrected (game::render)"
0x8003B860,func_8003B860,ours,0,render,rust_verified,unit_diff,high,screen quad with one corner moved to a point (game::render)
0x8003BAB0,func_8003BAB0,ours,1,,recomp,,,
0x8003D110,func_8003D110,ours,0,render,rust_verified,unit_diff,high,render state reset commands (game::render)
0x8003D370,func_8003D370,ours,0,render,rust_verified,unit_diff,high,"DL gSPTexture, combine, othermode; optional two by [0x800A4960] (game::render)"
0x8003D444,func_8003D444,ours,1,,rust_verified,unit_diff,high,"8003D110, then 8003B300(0, W - 1, 0, H - 1) (game::render)"
0x8003D488,func_8003D488,ours,0,,rust_verified,unit_diff,high,[0x800A48D4] = v & 0xFFFF (game::misc)
0x8003D49C,func_8003D49C,ours,0,,rust_verified,unit_diff,high,"*x = h0/320, *y = h1/240 in double (0x80114470) (game::misc)"
0x8003D4F4,func_8003D4F4,ours,2,,recomp,,,
0x8003E0A0,func_8003E0A0,ours,0,,rust_verified,unit_diff,high,"scroll halfwords +4/+6 by s*size of [o+8], wrapped; [o] |= 0x8000 (game::misc)"
0x8003E18C,func_8003E18C,ours,1,,rust_verified,unit_diff,high,"8003E0A0([p], sx, sy) (game::misc)"
0x8003E1D0,func_8003E1D0,ours,0,,rust_verified,unit_diff,high,clear 0x800A4984/70/78 (game::misc)
0x8003E1EC,func_8003E1EC,ours,6,,recomp,,,
0x8003E2B0,func_8003E2B0,ours,3,,recomp,,,
0x8003E54C,func_8003E54C,ours,0,,rust_verified,unit_diff,high,"append (x, y, b) to 190-entry list (game::misc)"
0x8003E59C,func_8003E59C,ours,3,,recomp,,,
0x8003E870,func_8003E870,ours,3,,recomp,,,
0x8003E920,func_8003E920,ours,3,,recomp,,,
0x8003E9D0,func_8003E9D0,ours,4,,recomp,,,
0x8003EA24,func_8003EA24,ours,4,,recomp,,,
0x8003EA84,func_8003EA84,ours,6,,recomp,,,
0x8003EC40,func_8003EC40,ours,7,,recomp,,,
0x8003ECB0,func_8003ECB0,ours,7,,recomp,,,
0x8003ED14,func_8003ED14,ours,7,,recomp,,,
0x8003ED74,func_8003ED74,ours,7,,recomp,,,
0x8003EDD4,func_8003EDD4,ours,7,,recomp,,,
0x8003EE48,func_8003EE48,ours,7,,recomp,,,
0x8003EEB0,func_8003EEB0,ours,7,,recomp,,,
0x8003EF14,func_8003EF14,ours,7,,recomp,,,
0x8003EF78,func_8003EF78,ours,10,,recomp,,,
0x8003EFDC,func_8003EFDC,ours,9,,recomp,,,
0x8003F084,func_8003F084,ours,8,,recomp,,,
0x8003F1C0,func_8003F1C0,ours,8,,recomp,,,
0x8003F300,func_8003F300,ours,0,pools,rust_verified,unit_diff,high,"init elements of every pool with id (id, index, tag); QUIRK s16 index (game::pools)"
0x8003F388,func_8003F388,ours,15,,recomp,,,
0x8003F474,func_8003F474,ours,15,,recomp,,,
0x8003F560,func_8003F560,ours,15,,recomp,,,
0x8003F64C,func_8003F64C,ours,15,,recomp,,,
0x8003F714,func_8003F714,ours,0,pools,rust_verified,unit_diff,high,first element in pools with id: +6 bit 8 clear and +4 == tag (game::pools)
0x8003F7B8,func_8003F7B8,ours,0,pools,rust_verified,unit_diff,high,count of first pool with id (game::pools)
0x8003F800,func_8003F800,ours,0,pools,rust_verified,unit_diff,high,"pool iteration begin at i (0x800A4AA4, 0x80118D10) (game::pools)"
0x8003F890,func_8003F890,ours,0,pools,rust_verified,unit_diff,high,pool iteration next (game::pools)
0x8003F8FC,func_8003F8FC,ours,1,,rust_verified,unit_diff,high,"16-word message {a, b, src[0..14]} to the empty 80018450(0xEE06, msg) (game::pools)"
0x8003F974,func_8003F974,ours,2,,recomp,,,
0x8003F99C,func_8003F99C,ours,0,pools,rust_verified,unit_diff,high,"call the element's pool callback [pool+0x24](elem, arg) unless flagged (LOOKUP_FUNC) (game::pools)"
0x8003FA24,func_8003FA24,ours,0,pools,rust_verified,unit_diff,high,"broadcast cb(elem, arg, arg) to pools with id or All!; 2 stops (LOOKUP_FUNC) (game::pools)"
0x8003FB34,func_8003FB34,ours,1,,rust_verified,unit_diff,high,Qery message to an element; returns the answer word (game::pools)
0x8003FB78,func_8003FB78,ours,0,pools,rust_verified,unit_diff,high,set pool count and base; returns count * size (game::pools)
0x8003FBD4,func_8003FBD4,ours,1,,rust_verified,unit_diff,high,Aloc: first element with +6 bit 8 set in the first pool with the id (clears it) (game::pools)
0x8003FC94,func_8003FC94,ours,1,,rust_verified,unit_diff,high,"Free to every unflagged element of the pools with the id, then flag it (game::pools)"
0x8003FD7C,func_8003FD7C,ours,1,,rust_verified,unit_diff,high,"Free an unflagged element, then flag it (game::pools)"
0x8003FDCC,func_8003FDCC,ours,0,pools,rust_verified,unit_diff,high,"nearest pool elements, sorted by squared distance (capped) (game::pools)"
0x80040050,func_80040050,ours,3,,recomp,,,
0x800401FC,func_800401FC,ours,3,,recomp,,,
0x800408D0,func_800408D0,ours,2,,recomp,,,
0x80040CE8,func_80040CE8,ours,4,,recomp,,,
0x80041058,func_80041058,ours,4,,recomp,,,
0x800410D4,func_800410D4,ours,5,,recomp,,,
0x8004110C,func_8004110C,ours,0,,rust_verified,unit_diff,high,"copy +0x20..+0x5C to +0x224.., +0x108..+0x144 to +0x264..; [o+0x7C] = a1 (game::misc)"
0x80041214,func_80041214,ours,1,,rust_verified,unit_diff,high,"8004110C(o, v) for v = [o+0x80] in 1, 2, else [o+0x7C] = v (game::misc)"
0x80041258,func_80041258,ours,4,,recomp,,,
0x800419B4,func_800419B4,ours,5,,recomp,,,
0x800419EC,func_800419EC,ours,4,,recomp,,,
0x80041D14,func_80041D14,ours,4,,recomp,,,
0x80041F40,func_80041F40,ours,4,,recomp,,,
0x80042970,func_80042970,ours,5,,recomp,,,
0x80042BB8,func_80042BB8,ours,2,,recomp,,,
0x80042EEC,func_80042EEC,ours,3,,recomp,,,
0x80043598,func_80043598,ours,6,,recomp,,,
0x800438BC,func_800438BC,ours,8,,recomp,,,
0x80043B6C,func_80043B6C,ours,9,,recomp,,,
0x80043CD0,func_80043CD0,ours,6,,recomp,,,
0x800441E0,func_800441E0,ours,5,,recomp,,,
0x800442E4,func_800442E4,ours,5,,recomp,,,
0x80044370,func_80044370,ours,17,,recomp,,,
0x80044414,func_80044414,ours,18,,recomp,,,
0x800444B0,func_800444B0,ours,4,,recomp,,,
0x80044668,func_80044668,ours,5,,recomp,,,
0x80044A7C,func_80044A7C,ours,2,,recomp,,,
0x80044CD8,func_80044CD8,ours,2,,recomp,,,
0x80045004,func_80045004,ours,3,,recomp,,,
0x80045144,func_80045144,ours,6,,recomp,,,
0x80045314,func_80045314,ours,23,,recomp,,,
0x800454A8,func_800454A8,ours,1,,rust_verified,unit_diff,high,"largest [v+0x108] of a list to [o+0xB68]; [o+0x58] = (laps - 1) / it; entry 5, colour -103 (game::misc)"
0x80045588,func_80045588,ours,19,,recomp,,,
0x80045634,func_80045634,ours,0,,rust_verified,unit_diff,high,replace every old with new in the word list at [obj+0x18] (game::misc)
0x80045694,func_80045694,ours,20,,recomp,,,
0x80045C88,func_80045C88,ours,20,,recomp,,,
0x80045DA0,func_80045DA0,ours,1,,rust_verified,unit_diff,high,node group of 12 (type 0x5064) with 0xD065 children at o+0x1710 (game::misc)
0x80045E80,func_80045E80,ours,1,,rust_verified,unit_diff,high,node group of 18 with 0xD065 children at o+0x1094 (game::misc)
0x80045F60,func_80045F60,ours,3,,recomp,,,
0x8004611C,func_8004611C,ours,21,,recomp,,,
0x80046330,func_80046330,ours,2,,recomp,,,
0x800464E8,func_800464E8,ours,22,,recomp,,,
0x80046670,func_80046670,ours,20,,recomp,,,
0x80046764,func_80046764,ours,1,,rust_verified,unit_diff,high,"zero the scene lists 0x8011A2A8.. and 0x8011A508.., clear the object table (game::misc)"
0x800467F8,func_800467F8,ours,2,,recomp,,,
0x80046870,func_80046870,ours,1,,rust_verified,unit_diff,high,"drop each slot object's word from the root list 0x8011A2A8.., clear the slots and the object table (game::misc)"
0x80046974,func_80046974,ours,1,,rust_verified,unit_diff,high,scene root node 0x8011A288 (151 children at 0x8011A2A8) (game::misc)
0x800469B4,func_800469B4,ours,24,,recomp,,,
0x80046DC4,func_80046DC4,ours,8,,recomp,,,
0x80047920,func_80047920,ours,0,,rust_verified,unit_diff,high,"player objects: +0xE = (i != current), +0x10 |= 4 (game::misc)"
0x800479A4,func_800479A4,ours,2,,recomp,,,
0x80047A78,func_80047A78,ours,1,,rust_verified,unit_diff,high,two-record gauge (ids from 0x800A4BB8); FCR31 idiom for the colour (game::misc)
0x80047DB0,func_80047DB0,ours,9,,recomp,,,
0x8004850C,func_8004850C,ours,5,,recomp,,,
0x80048A50,func_80048A50,ours,4,,recomp,,,
0x80048F74,func_80048F74,ours,2,,recomp,,,
0x800494D0,func_800494D0,ours,5,,recomp,,,
0x80049C14,func_80049C14,ours,4,,recomp,,,
0x8004A36C,func_8004A36C,ours,5,,recomp,,,
0x8004A5B4,func_8004A5B4,ours,5,,recomp,,,
0x8004A6A4,func_8004A6A4,ours,19,,recomp,,,
0x8004A780,func_8004A780,ours,2,,recomp,,,
0x8004A7F8,func_8004A7F8,ours,2,,recomp,,,
0x8004A880,func_8004A880,ours,27,,recomp,,,
0x8004AE74,func_8004AE74,ours,10,,recomp,,,
0x8004AF60,func_8004AF60,ours,27,,recomp,,,
0x8004AFD4,func_8004AFD4,ours,19,,recomp,,,
0x8004B084,func_8004B084,ours,21,,recomp,,,
0x8004B18C,func_8004B18C,ours,21,,recomp,,,
0x8004B3FC,func_8004B3FC,ours,19,,recomp,,,
0x8004B568,func_8004B568,ours,19,,recomp,,,
0x8004B6E8,func_8004B6E8,ours,19,,recomp,,,
0x8004B868,func_8004B868,ours,19,,recomp,,,
0x8004BAC8,func_8004BAC8,ours,1,,rust_verified,unit_diff,high,track-select grid records (4 x 7); QUIRK: a medal re-init drops the colour (game::misc)
0x8004BDFC,func_8004BDFC,ours,21,,recomp,,,
0x8004BE90,func_8004BE90,ours,22,,recomp,,,
0x8004CA50,func_8004CA50,ours,23,,recomp,,,
0x8004DC0C,func_8004DC0C,ours,25,,recomp,,,
0x8004DFEC,func_8004DFEC,ours,0,,rust_verified,unit_diff,high,"mask arrays 0x800A4B94 = -1, 0x800A4BA4 = 0 (x4) (game::misc)"
0x8004E034,func_8004E034,ours,2,,recomp,,,
0x8004E0A0,func_8004E0A0,ours,1,,rust_verified,unit_diff,high,"menu input: 24 held bits into the state word, stick directions, band bits set directions (game::misc)"
0x8004E488,func_8004E488,ours,0,,rust_verified,unit_diff,high,"clear mask bits, or set them and record newly set (game::misc)"
0x8004E4F4,func_8004E4F4,ours,2,,recomp,,,
0x8004EA08,func_8004EA08,ours,20,,recomp,,,
0x8004F254,func_8004F254,ours,1,,rust_verified,unit_diff,high,NAsn messages to the cMan elements for Locl or flagged records (game::misc)
0x8004F358,func_8004F358,ours,18,,recomp,,,
0x8004F6E8,func_8004F6E8,ours,0,,rust_verified,unit_diff,high,"0x800A4B7C: 4 x -1, then word i = i for i < (s8)[p+0x70]; QUIRK unbounded (game::misc)"
0x8004F790,func_8004F790,ours,3,,recomp,,,
0x8004FE30,func_8004FE30,ours,0,,rust_verified,unit_diff,high,"choose slot: last key match (tagged AAII in mode 0), fallbacks (game::misc)"
0x8004FF7C,func_8004FF7C,ours,0,,rust_verified,unit_diff,high,0x800A4B6C..78 = -1 (game::misc)
0x8004FFA8,func_8004FFA8,ours,23,,recomp,,,
0x80050208,func_80050208,ours,0,,rust_verified,unit_diff,high,"init record (+0x64..+0x90, +0x72+i = i) (game::misc)"
0x80050290,func_80050290,ours,24,,recomp,,,
0x800503E8,func_800503E8,ours,2,,recomp,,,
0x80050450,func_80050450,ours,23,,recomp,,,
0x8005058C,func_8005058C,ours,1,,rust_verified,unit_diff,high,"camera transition start (targets, matrix saves) (game::misc)"
0x8005065C,func_8005065C,ours,1,,rust_verified,unit_diff,high,camera transition step (translations toward targets) (game::misc)
0x800509E8,func_800509E8,ours,25,,recomp,,,
0x80050C00,func_80050C00,ours,2,,recomp,,,
0x80050F88,func_80050F88,ours,5,,recomp,,,
0x800511B0,func_800511B0,ours,4,,recomp,,,
0x800513E0,func_800513E0,ours,2,,recomp,,,
0x8005163C,func_8005163C,ours,3,,recomp,,,
0x800517D8,func_800517D8,ours,21,,recomp,,,
0x80051898,func_80051898,ours,17,,recomp,,,
0x80051934,func_80051934,ours,3,,recomp,,,
0x80051994,func_80051994,ours,0,,rust_verified,unit_diff,high,swap two words of the table at 0x8011A508 (game::misc)
0x800519C0,func_800519C0,ours,2,,recomp,,,
0x80051C80,func_80051C80,ours,2,,recomp,,,
0x80051D2C,func_80051D2C,ours,8,,recomp,,,
0x80051FF4,func_80051FF4,ours,0,,rust_verified,unit_diff,high,"index of the first zero of the four words at 0x8011B1BC, or 4 (game::misc)"
0x80052060,func_80052060,ours,2,,recomp,,,
0x800520C8,func_800520C8,ours,0,,rust_verified,unit_diff,high,"index of x among the four words at 0x8011B1BC, or -1 (game::misc)"
0x80052134,func_80052134,ours,0,,rust_verified,unit_diff,high,wrapped progress figure (game::misc)
0x800521C0,func_800521C0,ours,1,,rust_verified,unit_diff,high,"progress figure, or K - [p+0x74] with bit 1 (game::misc)"
0x80052208,func_80052208,ours,2,,recomp,,,
0x80052A08,func_80052A08,ours,5,,recomp,,,
0x80052E44,func_80052E44,ours,24,,recomp,,,
0x800530CC,func_800530CC,ours,6,,recomp,,,
0x80053220,func_80053220,ours,1,,rust_verified,unit_diff,high,menu buttons pressed by the selected pad (game::misc)
0x80053300,func_80053300,ours,2,,recomp,,,
0x8005337C,func_8005337C,ours,25,,recomp,,,
0x80053AD4,func_80053AD4,ours,5,,recomp,,,
0x80053C08,func_80053C08,ours,20,,recomp,,,
0x80054048,func_80054048,ours,21,,recomp,,,
0x800547EC,func_800547EC,ours,8,,recomp,,,
0x80055AEC,func_80055AEC,ours,1,,rust_verified,unit_diff,high,texture alpha from R - B against a level threshold (game::misc)
0x80055D38,func_80055D38,ours,8,,recomp,,,
0x80056464,func_80056464,ours,1,,rust_verified,unit_diff,high,fading HUD panel; FCR31 idioms in double (game::misc)
0x80056844,func_80056844,ours,1,,rust_verified,unit_diff,high,race HUD layout; FCR31 idioms in double (game::misc)
0x800573E8,func_800573E8,ours,19,,recomp,,,
0x80057ED4,func_80057ED4,ours,1,,rust_verified,unit_diff,high,"HUD bar (record 23, a screen rectangle) (game::misc)"
0x80057F48,func_80057F48,ours,1,,rust_verified,unit_diff,high,hide one of two HUD record sets (game::misc)
0x80058058,func_80058058,ours,8,,recomp,,,
0x80059E54,func_80059E54,ours,9,,recomp,,,
0x8005B2D0,func_8005B2D0,ours,1,,rust_verified,unit_diff,high,"object active test (box, node bit 3, flags) (game::misc)"
0x8005B3F0,func_8005B3F0,ours,20,,recomp,,,
0x8005B708,func_8005B708,ours,22,,recomp,,,
0x8005B764,func_8005B764,ours,2,,recomp,,,
0x8005B810,func_8005B810,ours,3,,recomp,,,
0x8005C210,func_8005C210,ours,1,,recomp,,,
0x8005C36C,func_8005C36C,ours,21,,recomp,,,
0x8005CBD8,func_8005CBD8,ours,24,,recomp,,,
0x8005D10C,func_8005D10C,ours,1,,recomp,,,
0x8005D310,func_8005D310,ours,0,,rust_verified,unit_diff,high,"[0x800A59FC] = a, [0x800A5A00] = b (game::misc)"
0x8005D324,func_8005D324,ours,19,,recomp,,,
0x8005DBAC,func_8005DBAC,ours,20,,recomp,,,
0x8005E1A4,func_8005E1A4,ours,19,,recomp,,,
0x8005EA0C,func_8005EA0C,ours,20,,recomp,,,
0x8005EA70,func_8005EA70,ours,21,,recomp,,,
0x8005EAC0,func_8005EAC0,ours,20,,recomp,,,
0x8005EC18,func_8005EC18,ours,20,,recomp,,,
0x8005ED70,func_8005ED70,ours,20,,recomp,,,
0x8005EE18,func_8005EE18,ours,1,,recomp,,,
0x8005EEFC,func_8005EEFC,ours,0,,rust_verified,unit_diff,high,get [0x8011AC8C] (game::misc)
0x8005EF08,func_8005EF08,ours,22,,recomp,,,
0x8005F31C,func_8005F31C,ours,0,,rust_verified,unit_diff,high,"if p: [p+0x18] = v, [p+0x14]++ (game::misc)"
0x8005F33C,func_8005F33C,ours,5,,recomp,,,
0x8005F4D8,func_8005F4D8,ours,19,,recomp,,,
0x8005F948,func_8005F948,ours,5,,recomp,,,
0x8005F9CC,func_8005F9CC,ours,19,,recomp,,,
0x8005FA38,func_8005FA38,ours,5,,recomp,,,
0x80060030,func_80060030,ours,2,,recomp,,,
0x800600A0,func_800600A0,ours,20,,recomp,,,
0x80060668,func_80060668,ours,0,,rust_verified,unit_diff,high,table-driven settings pick; QUIRK: unbounded table index (game::misc)
0x80060880,func_80060880,ours,23,,recomp,,,
0x80060C6C,func_80060C6C,ours,2,,recomp,,,
0x80060D70,func_80060D70,ours,20,,recomp,,,
0x80060DE4,func_80060DE4,ours,21,,recomp,,,
0x80062270,func_80062270,ours,23,,recomp,,,
0x80062C78,func_80062C78,ours,0,,rust_verified,unit_diff,high,"empty, spills a0 (game::misc)"
0x80062C80,func_80062C80,ours,2,,recomp,,,
0x80062E14,func_80062E14,ours,2,,recomp,,,
0x80062EC8,func_80062EC8,ours,3,,recomp,,,
0x80063084,func_80063084,ours,22,,recomp,,,
0x80063344,func_80063344,ours,0,,rust_verified,unit_diff,high,float pair by [obj+8] type and [obj+0x88] index (jump table) (game::misc)
0x800636D0,func_800636D0,ours,1,,recomp,,,
0x8006373C,func_8006373C,ours,22,,recomp,,,
0x80063AA0,func_80063AA0,ours,22,,recomp,,,
0x80063AE0,func_80063AE0,ours,3,,recomp,,,
0x80063B60,func_80063B60,ours,2,,recomp,,,
0x80063D0C,func_80063D0C,ours,0,,rust_verified,unit_diff,high,point lookup in 16 entries at 0x800A5100 (game::misc)
0x80063E08,func_80063E08,ours,1,,recomp,,,
0x80063E4C,func_80063E4C,ours,22,,recomp,,,
0x80063EF4,func_80063EF4,ours,1,,recomp,,,
0x80064034,func_80064034,ours,5,,recomp,,,
0x80064A48,func_80064A48,ours,1,,recomp,,,
0x80064A88,func_80064A88,ours,0,,rust_verified,unit_diff,high,"[0x8011A240] += x * dt, clamped to 0..1 (game::misc)"
0x80064AF4,func_80064AF4,ours,0,,rust_verified,unit_diff,high,[0x8011A278] counted down by dt (game::misc)
0x80064B44,func_80064B44,ours,4,,recomp,,,
0x80064E90,func_80064E90,ours,2,,recomp,,,
0x80064F1C,func_80064F1C,ours,3,,recomp,,,
0x8006506C,func_8006506C,ours,0,,rust_verified,unit_diff,high,"empty, spills a0 (game::misc)"
0x80065074,func_80065074,ours,4,,recomp,,,
0x80065690,func_80065690,ours,2,,recomp,,,
0x80065804,func_80065804,ours,0,,rust_verified,unit_diff,high,[0x8011C840] = v (game::misc)
0x80065810,func_80065810,ours,2,,recomp,,,
0x80065C50,func_80065C50,ours,1,,recomp,,,
0x80065C74,func_80065C74,ours,1,,recomp,,,
0x80065C98,func_80065C98,ours,0,,rust_verified,unit_diff,high,[p + 0x68] = x unless p is null (game::misc)
0x80065CB0,func_80065CB0,ours,0,,rust_verified,unit_diff,high,if p: [p+0xF0] = v (game::misc)
0x80065CD0,func_80065CD0,ours,2,,recomp,,,
0x80065E18,func_80065E18,ours,0,,rust_verified,unit_diff,high,[p + 0x190] = [0x800A3080] / 4 and a vec3 copy (game::misc)
0x80065E54,func_80065E54,ours,3,,recomp,,,
0x80066144,func_80066144,ours,1,,recomp,,,
0x800665A4,func_800665A4,ours,22,,recomp,,,
0x80066A80,func_80066A80,ours,23,,recomp,,,
0x800670CC,func_800670CC,ours,5,,recomp,,,
0x800672D4,func_800672D4,ours,1,,recomp,,,
0x80067718,func_80067718,ours,3,,recomp,,,
0x800678A8,func_800678A8,ours,6,,recomp,,,
0x80067AB4,func_80067AB4,ours,4,,recomp,,,
0x80067C70,func_80067C70,ours,3,,recomp,,,
0x80068410,func_80068410,ours,1,,recomp,,,
0x800689A0,func_800689A0,ours,1,,recomp,,,
0x80068AAC,func_80068AAC,ours,4,,recomp,,,
0x80068D04,func_80068D04,ours,2,,recomp,,,
0x8006907C,func_8006907C,ours,6,,recomp,,,
0x800695D4,func_800695D4,ours,2,,recomp,,,
0x80069A64,func_80069A64,ours,2,,recomp,,,
0x80069EC0,func_80069EC0,ours,2,,recomp,,,
0x8006A3EC,func_8006A3EC,ours,4,,recomp,,,
0x8006A49C,func_8006A49C,ours,7,,recomp,,,
0x8006A9D4,func_8006A9D4,ours,7,,recomp,,,
0x8006ABD0,func_8006ABD0,ours,3,,recomp,,,
0x8006AF48,func_8006AF48,ours,5,,recomp,,,
0x8006B304,func_8006B304,ours,0,,rust_verified,unit_diff,high,grid-cell mask from thresholds at 0x8011C858 (game::misc)
0x8006B568,func_8006B568,ours,7,,recomp,,,
0x8006B9C8,func_8006B9C8,ours,1,,recomp,,,
0x8006BB50,func_8006BB50,ours,21,,recomp,,,
0x8006BC74,func_8006BC74,ours,22,,recomp,,,
0x8006C0D4,func_8006C0D4,ours,24,,recomp,,,
0x8006C6D0,func_8006C6D0,ours,0,,rust_verified,unit_diff,high,set bit 12 of [p+0x60] if bit 13 of [0x800D76F0+4i] (game::misc)
0x8006C708,func_8006C708,ours,0,,rust_verified,unit_diff,high,bit 0/1 if any of w0..2 / w3..5 at p+0x2A0 has bit 2 or 4 (game::misc)
0x8006C828,func_8006C828,ours,0,,rust_verified,unit_diff,high,balance of six flags above a threshold (game::misc)
0x8006C950,func_8006C950,ours,3,,recomp,,,
0x8006CA2C,func_8006CA2C,ours,21,,recomp,,,
0x8006D0C0,func_8006D0C0,ours,0,,rust_verified,unit_diff,high,threshold flag at [p + 0x2FC] (game::misc)
0x8006D150,func_8006D150,ours,5,,recomp,,,
0x8006D7F0,func_8006D7F0,ours,1,,recomp,,,
0x8006D9DC,func_8006D9DC,ours,0,,rust_verified,unit_diff,high,value eased toward a target by rate * dt (game::misc)
0x8006DB1C,func_8006DB1C,ours,3,,recomp,,,
0x8006E008,func_8006E008,ours,0,,rust_verified,unit_diff,high,QUIRK uninitialised frame word [sp-8] == 2 (game::misc)
0x8006E034,func_8006E034,ours,5,,recomp,,,
0x8006E1CC,func_8006E1CC,ours,6,,recomp,,,
0x8006E2FC,func_8006E2FC,ours,0,,rust_verified,unit_diff,high,gauge colours and fill by mode (game::misc)
0x8006E42C,func_8006E42C,ours,5,,recomp,,,
0x8006E6F8,func_8006E6F8,ours,22,,recomp,,,
0x8006FA08,func_8006FA08,ours,4,,recomp,,,
0x8006FB00,func_8006FB00,ours,23,,recomp,,,
0x8006FC80,func_8006FC80,ours,1,,recomp,,,
0x8006FDE4,func_8006FDE4,ours,21,,recomp,,,
0x8006FED0,func_8006FED0,ours,0,,rust_verified,unit_diff,high,get [p+0x60] (dead bit-7 branch) (game::misc)
0x8006FEE8,func_8006FEE8,ours,24,,recomp,,,
0x800703A0,func_800703A0,ours,5,,recomp,,,
0x800704A8,func_800704A8,ours,5,,recomp,,,
0x80070764,func_80070764,ours,20,,recomp,,,
0x80070BBC,func_80070BBC,ours,5,,recomp,,,
0x80070E98,func_80070E98,ours,6,,recomp,,,
0x8007134C,func_8007134C,ours,20,,recomp,,,
0x80071820,func_80071820,ours,0,,rust_verified,unit_diff,high,meter charge with a maximum (game::misc)
0x800718DC,func_800718DC,ours,20,,recomp,,,
0x80072AD0,func_80072AD0,ours,18,,recomp,,,
0x80073470,func_80073470,ours,2,,recomp,,,
0x800735B4,func_800735B4,ours,0,,rust_verified,unit_diff,high,empty (game::misc)
0x800735BC,func_800735BC,ours,2,,recomp,,,
0x80073640,func_80073640,ours,2,,recomp,,,
0x800736AC,func_800736AC,ours,0,anim,rust_verified,unit_diff,high,1 if any object in a list is not running or has reached its end (game::anim)
0x80073708,func_80073708,ours,0,,rust_verified,unit_diff,high,"spills a0, returns 0 (game::misc)"
0x80073714,func_80073714,ours,2,,recomp,,,
0x80073834,func_80073834,ours,0,,rust_verified,unit_diff,high,bump up to five slots (game::misc)
0x800738D4,func_800738D4,ours,2,,recomp,,,
0x80073C58,func_80073C58,ours,0,,rust_verified,unit_diff,high,double clamp (game::misc)
0x80073CD0,func_80073CD0,ours,5,,recomp,,,
0x80074474,func_80074474,ours,6,,recomp,,,
0x800745AC,func_800745AC,ours,4,,recomp,,,
0x800747E4,func_800747E4,ours,4,,recomp,,,
0x80074B08,func_80074B08,ours,2,,recomp,,,
0x80074CDC,func_80074CDC,ours,5,,recomp,,,
0x8007531C,func_8007531C,ours,1,,recomp,,,
0x80075490,func_80075490,ours,1,,recomp,,,
0x800755FC,func_800755FC,ours,2,,recomp,,,
0x80075648,func_80075648,ours,3,,recomp,,,
0x80075940,func_80075940,ours,2,,recomp,,,
0x80075A3C,func_80075A3C,ours,1,,recomp,,,
0x80075BA8,func_80075BA8,ours,5,,recomp,,,
0x80075FC4,func_80075FC4,ours,2,,recomp,,,
0x80076180,func_80076180,ours,4,,recomp,,,
0x80076B34,func_80076B34,ours,3,,recomp,,,
0x80077054,func_80077054,ours,6,,recomp,,,
0x80077C94,func_80077C94,ours,3,,recomp,,,
0x800784F8,func_800784F8,ours,4,,recomp,,,
0x80079714,func_80079714,ours,1,,recomp,,,
0x80079824,func_80079824,ours,4,,recomp,,,
0x8007ACEC,func_8007ACEC,ours,7,,recomp,,,
0x8007AFE0,func_8007AFE0,ours,0,,rust_verified,unit_diff,high,"empty, spills a0 (game::misc)"
0x8007AFE8,func_8007AFE8,ours,2,,recomp,,,
0x8007B06C,func_8007B06C,ours,1,,recomp,,,
0x8007B25C,func_8007B25C,ours,2,,recomp,,,
0x8007B34C,func_8007B34C,ours,2,,recomp,,,
0x8007B41C,func_8007B41C,ours,0,,rust_verified,unit_diff,high,[0x8011C8E0] = v (game::misc)
0x8007B430,func_8007B430,ours,1,,recomp,,,
0x8007B544,func_8007B544,ours,1,,recomp,,,
0x8007B6CC,func_8007B6CC,ours,2,,recomp,,,
0x8007B744,func_8007B744,ours,2,,recomp,,,
0x8007B7BC,func_8007B7BC,ours,0,anim,rust_verified,unit_diff,high,800736AC over list [0x8011C8F0 + 4i] (game::anim)
0x8007B828,func_8007B828,ours,3,,recomp,,,
0x8007B9E4,func_8007B9E4,ours,4,,recomp,,,
0x8007BA9C,func_8007BA9C,ours,0,,rust_verified,unit_diff,high,record 0x58*i at 0x8011CB20 for x in 50-entry list; QUIRK one past (game::misc)
0x8007BB28,func_8007BB28,ours,1,,recomp,,,
0x8007BBEC,func_8007BBEC,ours,3,,recomp,,,
0x8007BDF4,func_8007BDF4,ours,2,,recomp,,,
0x8007BE68,func_8007BE68,ours,4,,recomp,,,
0x8007C074,func_8007C074,ours,2,,recomp,,,
0x8007C3BC,func_8007C3BC,ours,0,,rust_verified,unit_diff,high,"empty, spills a0 (game::misc)"
0x8007C3C4,func_8007C3C4,ours,2,,recomp,,,
0x8007C4C8,func_8007C4C8,ours,2,,recomp,,,
0x8007C64C,func_8007C64C,ours,5,,recomp,,,
0x8007C818,func_8007C818,ours,5,,recomp,,,
0x8007CC48,func_8007CC48,ours,3,,recomp,,,
0x8007CD50,func_8007CD50,ours,21,,recomp,,,
0x8007D310,func_8007D310,ours,2,,recomp,,,
0x8007D3CC,func_8007D3CC,ours,3,,recomp,,,
0x8007DA20,func_8007DA20,ours,0,,rust_verified,unit_diff,high,grid setup for 8006B304; QUIRK: stale frame words for other modes (game::misc)
0x8007DBA4,func_8007DBA4,ours,2,,recomp,,,
0x8007DED8,func_8007DED8,ours,4,,recomp,,,
0x8007E0AC,func_8007E0AC,ours,1,,recomp,,,
0x8007E0EC,func_8007E0EC,ours,20,,recomp,,,
0x8007E988,func_8007E988,ours,5,,recomp,,,
0x8007EB7C,func_8007EB7C,ours,5,,recomp,,,
0x8007EE40,func_8007EE40,ours,0,,rust_verified,unit_diff,high,getter [0x800A6700] (game::misc)
0x8007EE4C,func_8007EE4C,ours,1,,recomp,,,
0x8007EE98,func_8007EE98,ours,0,spline,rust_verified,unit_diff,high,"walker placement by segment (v / 10, fork ids); QUIRK: 99999 stop (game::spline)"
0x8007F098,func_8007F098,ours,5,,recomp,,,
0x8007F22C,func_8007F22C,ours,0,,rust_verified,unit_diff,high,"*out = 0, returns 0 (game::misc)"
0x8007F23C,func_8007F23C,ours,0,,rust_verified,unit_diff,high,"*out = 0, returns 0 (game::misc)"
0x8007F24C,func_8007F24C,ours,4,,recomp,,,
0x8007F430,func_8007F430,ours,5,,recomp,,,
0x8007F560,func_8007F560,ours,15,,recomp,,,
0x8007F914,func_8007F914,ours,5,,recomp,,,
0x8007FD98,func_8007FD98,ours,6,,recomp,,,
0x8007FDC0,func_8007FDC0,ours,15,,recomp,,,
0x80080148,func_80080148,ours,0,,rust_verified,unit_diff,high,zero ten words and two floats (game::misc)
0x800801B8,func_800801B8,ours,16,,recomp,,,
0x80080350,func_80080350,ours,0,,rust_verified,unit_diff,high,0.0 and an a0 spill (game::misc)
0x8008035C,func_8008035C,ours,1,,recomp,,,
0x80080408,func_80080408,ours,1,,recomp,,,
0x80080498,func_80080498,ours,4,,recomp,,,
0x800807E0,func_800807E0,ours,5,,recomp,,,
0x800808E0,func_800808E0,ours,4,,recomp,,,
0x80080A1C,func_80080A1C,ours,2,,recomp,,,
0x80080BEC,func_80080BEC,ours,6,,recomp,,,
0x80080D08,func_80080D08,ours,0,,rust_verified,unit_diff,high,copy 16 words from 0x8011DCB8 if [0x800A6704] >= 0 (game::misc)
0x80080DB4,func_80080DB4,ours,4,,recomp,,,
0x800811C0,func_800811C0,ours,0,math,rust_verified,unit_diff,high,store the f12/f13 double at 0x800A6750 (game::math)
0x800811CC,func_800811CC,ours,0,,rust_verified,unit_diff,high,[0x800A6758] = 1 (game::misc)
0x800811DC,func_800811DC,ours,1,,recomp,,,
0x80081260,func_80081260,ours,0,,rust_verified,unit_diff,high,[0x800A675C] = 0 (game::misc)
0x8008126C,func_8008126C,ours,2,,recomp,,,
0x800812E8,func_800812E8,ours,3,,recomp,,,
0x80081360,func_80081360,ours,3,,recomp,,,
0x80081530,func_80081530,ours,0,,rust_verified,unit_diff,high,"1 if the first n bytes are equal (n <= 0 too), else 0 (game::misc)"
0x800815FC,strcmp,ours,0,,rust_verified,unit_diff,high,byte strcmp returning -1/0/1 (game::misc)
0x80081680,func_80081680,ours,0,math,rust_verified,unit_diff,high,"sign(x) * min(|x|^n * scale, max) (game::math)"
0x80081700,func_80081700,ours,0,math,rust_verified,unit_diff,high,"1 - r / (r + a), r = b / [0x800ADCB0] (game::math)"
0x80081730,func_80081730,ours,0,math,rust_verified,unit_diff,high,"point times 4x4 (w = 1), four outputs, v re-read (game::math)"
0x80081814,func_80081814,ours,1,,recomp,,,
0x80081948,func_80081948,ours,1,,recomp,,,
0x800819A4,func_800819A4,ours,0,math,rust_verified,unit_diff,high,"projection onto a plane (out = n t, then += p) (game::math)"
0x80081A2C,func_80081A2C,ours,0,math,rust_verified,unit_diff,high,closest point on a segment (game::math)
0x80081BE8,func_80081BE8,ours,1,,recomp,,,
0x80081FB0,func_80081FB0,ours,3,,recomp,,,
0x800823A4,func_800823A4,ours,0,math,rust_verified,unit_diff,high,plane value d - n.p (game::math)
0x800823DC,func_800823DC,ours,0,math,rust_verified,unit_diff,high,plane height over a point (game::math)
0x8008241C,func_8008241C,ours,0,math,rust_verified,unit_diff,high,2D cross product (game::math)
0x80082440,func_80082440,ours,2,,recomp,,,
0x80082624,func_80082624,ours,4,,recomp,,,
0x800827C0,model_error,ours,0,,recomp,,low,called by model_load on an unknown tag; not understood (test double returns)
0x800827C8,func_800827C8,ours,0,,rust_verified,unit_diff,high,deliberate crash: unaligned store to address 1 (game::misc)
0x800827E0,func_800827E0,ours,2,,recomp,,,
0x800829F4,func_800829F4,ours,2,,recomp,,,
0x80082B38,func_80082B38,ours,2,,recomp,,,
0x80082BE0,func_80082BE0,ours,2,,recomp,,,
0x80082C80,func_80082C80,ours,1,,recomp,,,
0x80082FA4,func_80082FA4,ours,1,,recomp,,,
0x80083134,func_80083134,ours,2,,recomp,,,
0x80083190,func_80083190,ours,1,,recomp,,,
0x800833B4,func_800833B4,ours,1,,recomp,,,
0x800834DC,func_800834DC,ours,0,,rust_verified,unit_diff,high,"empty, spills a0..a3 (game::misc)"
0x800834F0,func_800834F0,ours,2,,recomp,,,
0x80083D80,func_80083D80,ours,1,,recomp,,,
0x80083EFC,func_80083EFC,ours,4,,recomp,,,
0x80084148,func_80084148,ours,5,,recomp,,,
0x80084324,func_80084324,ours,6,,recomp,,,
0x800844C8,func_800844C8,ours,1,,recomp,,,
0x800845A0,func_800845A0,ours,7,,recomp,,,
0x80084A3C,func_80084A3C,ours,8,,recomp,,,
0x80084BDC,func_80084BDC,ours,2,,recomp,,,
0x80084C30,func_80084C30,ours,0,render,rust_verified,unit_diff,high,"fill the RSP graphics OSTask at [0x801488C0] (rspboot, F3DEX2 for type 5) (game::render)"
0x80084CC4,func_80084CC4,ours,2,,recomp,,,
0x80084D44,func_80084D44,ours,15,,recomp,,,
0x80084EB8,func_80084EB8,ours,2,,recomp,,,
0x8008528C,func_8008528C,ours,2,,recomp,,,
0x800857B0,func_800857B0,ours,2,,recomp,,,
0x80085AB4,func_80085AB4,ours,0,render,rust_verified,unit_diff,high,"framebuffer red/blue histograms, weighted red sum (bins 2..15) (game::render)"
0x80085D44,func_80085D44,ours,16,,recomp,,,
0x80085E20,func_80085E20,ours,15,,recomp,,,
0x80085EB0,func_80085EB0,ours,1,,recomp,,,
0x80085F78,func_80085F78,ours,0,,rust_verified,unit_diff,high,[p + 0x154] scale (game::misc)
0x80085FB0,func_80085FB0,ours,3,,recomp,,,
0x80086178,func_80086178,ours,0,render,rust_verified,unit_diff,high,"viewport from a rectangle, full-screen override (game::render)"
0x800862D8,func_800862D8,ours,4,,recomp,,,
0x8008635C,func_8008635C,ours,0,,rust_verified,unit_diff,high,"record i at 0x80120DF0 (0x170 bytes): bit 0 by v >= 0, +4 = v (game::misc)"
0x800863C8,func_800863C8,ours,4,,recomp,,,
0x800865E8,func_800865E8,ours,5,,recomp,,,
0x80086730,func_80086730,ours,1,,recomp,,,
0x8008681C,func_8008681C,ours,0,math,rust_verified,unit_diff,high,rigid transform inverse with y and z swapped (game::math)
0x80086930,func_80086930,ours,4,,recomp,,,
0x80086A20,func_80086A20,ours,1,,recomp,,,
0x80086B8C,func_80086B8C,ours,1,,recomp,,,
0x80086CA0,func_80086CA0,ours,1,,recomp,,,
0x80086CC8,func_80086CC8,ours,0,,rust_verified,unit_diff,high,three halfwords at 0x801488B8 (game::misc)
0x80086CE0,func_80086CE0,ours,8,,recomp,,,
0x80086EB4,func_80086EB4,ours,2,,recomp,,,
0x80087080,func_80087080,ours,5,,recomp,,,
0x800870D0,func_800870D0,ours,8,,recomp,,,
0x80087198,func_80087198,ours,11,,recomp,,,
0x80087754,func_80087754,ours,1,,recomp,,,
0x800877AC,func_800877AC,ours,1,,recomp,,,
0x80087814,func_80087814,ours,0,render,rust_verified,unit_diff,high,"queue a clamped, scaled screen rectangle (up to 31) (game::render)"
0x800879B8,func_800879B8,ours,0,render,rust_verified,unit_diff,high,G_FILLRECTs for the queue plus a four-rectangle border (game::render)
0x80087CB0,sqrtf,libultra,0,os,rust_verified,unit_diff,high,libultra sqrtf (sqrt.s) (game::libultra)
0x80087CC0,func_80087CC0,ours,0,,recomp,,,privileged instrs; runtime-provided
0x80087D70,osPiStartDma,libultra,5,os,recomp,,high,
0x80087E80,osRecvMesg,libultra,4,,recomp,,high,blocking wait via __osEnqueueAndYield
0x80087FC0,func_80087FC0,ours,0,,recomp,,,
0x80088020,func_80088020,ours,0,,recomp,,,
0x80088050,func_80088050,ours,0,,recomp,,,
0x80088074,func_80088074,ours,1,,recomp,,,
0x800880AC,alInit,libultra,4,,recomp,,med,"sets alGlobals 0x800A6990 once, calls 0x800887D0"
0x800880E0,osCreateMesgQueue,libultra,0,,recomp,,high,OSMesgQueue: +0 mtqueue +4 fullqueue (&__osThreadTail 0x800A7BB0) +8 validCount +0xC first +0x10 msgCount +0x14 msg
0x80088110,func_80088110,ours,0,,recomp,,,
0x80088150,func_80088150,ours,0,,recomp,,,
0x800882B0,func_800882B0,ours,2,,recomp,,,
0x80088360,func_80088360,ours,1,,recomp,,,
0x800883E0,func_800883E0,ours,0,,recomp,,,
0x800883F0,func_800883F0,ours,0,,recomp,,,
0x800883F8,func_800883F8,ours,0,,recomp,,,
0x80088450,func_80088450,ours,1,,recomp,,,
0x80088488,func_80088488,ours,1,,recomp,,,
0x800884E8,func_800884E8,ours,0,,recomp,,,
0x80088500,func_80088500,ours,0,,recomp,,,
0x80088530,func_80088530,ours,0,,recomp,,,
0x80088538,alAudioFrame,libultra,2,,recomp,,med,"walks alGlobals client list, calls handlers indirectly"
0x800887D0,func_800887D0,ours,3,,recomp,,,
0x80088AD0,func_80088AD0,ours,0,,recomp,,,privileged instrs; runtime-provided
0x80088B00,func_80088B00,ours,0,,recomp,,,
0x80088B20,func_80088B20,ours,2,,recomp,,,
0x80088B70,func_80088B70,ours,1,,recomp,,,
0x80088BEC,func_80088BEC,ours,0,,recomp,,,
0x80088BF4,func_80088BF4,ours,0,,recomp,,,
0x80088BFC,func_80088BFC,ours,3,,recomp,,,
0x80089144,func_80089144,ours,2,,recomp,,,
0x80089280,func_80089280,ours,0,,recomp,,,
0x80089288,func_80089288,ours,0,,recomp,,,
0x80089290,func_80089290,ours,0,,recomp,,,
0x8008937C,func_8008937C,ours,0,,recomp,,,
0x80089384,alBnkfNew,libultra,1,,recomp,,med,checks bank magic 0x4231 ('B1')
0x80089488,func_80089488,ours,0,,recomp,,,
0x800894D0,func_800894D0,ours,0,,recomp,,,
0x80089570,func_80089570,ours,0,,recomp,,,
0x80089590,func_80089590,ours,0,,recomp,,,
0x800895E0,func_800895E0,ours,0,,recomp,,,
0x80089610,func_80089610,ours,2,,recomp,,,
0x80089670,func_80089670,ours,2,,recomp,,,
0x800896D0,func_800896D0,ours,2,,recomp,,,
0x80089730,func_80089730,ours,2,,recomp,,,
0x80089790,func_80089790,ours,2,,recomp,,,
0x80089800,func_80089800,ours,7,,recomp,,,
0x80089870,func_80089870,ours,6,,recomp,,,
0x800899E0,func_800899E0,ours,0,,recomp,,,
0x80089AB0,func_80089AB0,ours,0,,recomp,,,
0x80089BB0,osContStartReadData,libultra,7,,recomp,,high,"SI access, pack, SI DMA, osRecvMesg"
0x80089C34,osContGetReadData,libultra,0,,recomp,,high,copies from __osContPifRam 0x80149C70
0x80089CC0,func_80089CC0,ours,0,,recomp,,,
0x80089D90,func_80089D90,ours,12,,recomp,,,
0x80089E50,func_80089E50,ours,10,,recomp,,,
0x80089F70,func_80089F70,ours,10,,recomp,,,
0x8008A150,func_8008A150,ours,10,,recomp,,,
0x8008A2F0,func_8008A2F0,ours,1,,recomp,,,
0x8008A360,func_8008A360,ours,1,,recomp,,,
0x8008A3B0,func_8008A3B0,ours,1,,recomp,,,
0x8008A420,func_8008A420,ours,11,,recomp,,,
0x8008A5F8,func_8008A5F8,ours,0,,recomp,,,
0x8008A690,func_8008A690,ours,1,,recomp,,,
0x8008A6B4,sprintf,libultra,5,,recomp,,high,_Printf (0x80093180) with proutSprintf 0x8008A690 (indirect call)
0x8008A710,func_8008A710,ours,7,,recomp,,,
0x8008A750,cosf,libultra,0,os,rust_verified,unit_diff,high,"libultra cosf, confirmed (model vs std cos within 2e-6); constants at 0x800ADDD0 (game::libultra)"
0x8008A8C0,sinf,libultra,0,os,rust_verified,unit_diff,high,"libultra sinf, confirmed (model vs std sin within 2e-6); constants at 0x800ADE20 (game::libultra)"
0x8008AAE0,__ull_rshift,libultra,0,os,rust_verified,unit_diff,high,"ll.c, shape-confirmed (game::libultra)"
0x8008AB0C,__ull_rem,libultra,0,os,rust_verified,unit_diff,high,ll.c (game::libultra)
0x8008AB48,__ull_div,libultra,0,os,rust_verified,unit_diff,high,ll.c; break 7 unreachable (host divide faults first) (game::libultra)
0x8008AB84,__ll_lshift,libultra,0,os,rust_verified,unit_diff,high,ll.c (game::libultra)
0x8008ABB0,__ll_rem,libultra,0,os,rust_verified,unit_diff,high,ll.c; unsigned remainder as in the source (game::libultra)
0x8008ABEC,__ll_div,libultra,0,os,rust_verified,unit_diff,high,ll.c; INT64_MIN/-1 reaches do_break (game::libultra)
0x8008AC48,__ll_mul,libultra,0,os,rust_verified,unit_diff,high,ll.c (game::libultra)
0x8008AC78,__ull_divremi,libultra,0,os,rust_verified,unit_diff,high,ll.c; QUIRK lh divisor (game::libultra)
0x8008ACD8,__ll_mod,libultra,0,os,rust_verified,unit_diff,high,ll.c; INT64_MIN mod -1 reaches do_break (game::libultra)
0x8008AD74,__ll_rshift,libultra,0,os,rust_verified,unit_diff,high,ll.c (game::libultra)
0x8008ADA0,osAiGetLength,libultra,0,,recomp,,high,AI_LEN_REG 0xA450000C
0x8008ADB0,func_8008ADB0,ours,1,,recomp,,,
0x8008AE30,func_8008AE30,ours,1,,recomp,,,
0x8008AEA0,func_8008AEA0,ours,2,,recomp,,,
0x8008AFBC,func_8008AFBC,ours,3,,recomp,,,
0x8008B14C,func_8008B14C,ours,1,,recomp,,,
0x8008B190,func_8008B190,ours,1,,recomp,,,
0x8008B1B0,func_8008B1B0,ours,7,,recomp,,,
0x8008B318,func_8008B318,ours,1,,recomp,,,
0x8008B424,osPfsInitPak,libultra,9,,recomp,,med,"OSPfs: +4 queue +8 channel, status +0"
0x8008B580,__osInitialize_common,libultra,2,,recomp,,high,FCR31 = 0x01000800 (FS|EV); Status |= CU1
0x8008B810,func_8008B810,ours,1,,recomp,,,
0x8008B960,func_8008B960,ours,3,,recomp,,,
0x8008BAB0,func_8008BAB0,ours,4,,recomp,,,
0x8008BC30,func_8008BC30,ours,6,,recomp,,,
0x8008BD90,func_8008BD90,ours,0,,recomp,,,
0x8008BDC0,osCreatePiManager,libultra,6,os,recomp,,high,
0x8008BF3C,func_8008BF3C,ours,0,,recomp,,,
0x8008BFB0,func_8008BFB0,ours,3,,recomp,,,
0x8008C090,func_8008C090,ours,1,,recomp,,,libultra range?
0x8008C100,func_8008C100,ours,8,,recomp,,,libultra range?
0x8008C190,func_8008C190,ours,8,,recomp,,,libultra range?
0x8008C280,func_8008C280,ours,7,,recomp,,,libultra range?
0x8008C2F0,func_8008C2F0,ours,0,,recomp,,,libultra range?
0x8008C31C,func_8008C31C,ours,0,,recomp,,,libultra range?
0x8008C344,func_8008C344,ours,0,,recomp,,,libultra range?
0x8008C390,func_8008C390,ours,1,,recomp,,,libultra range?
0x8008C550,osGetCount,libultra,0,,recomp,,high,mfc0 Count
0x8008C560,func_8008C560,ours,0,,recomp,,,libultra range?
0x8008C57C,func_8008C57C,ours,0,,recomp,,,libultra range?
0x8008C598,func_8008C598,ours,0,,recomp,,,libultra range?
0x8008C638,func_8008C638,ours,0,,recomp,,,libultra range?
0x8008C6D4,func_8008C6D4,ours,0,,recomp,,,libultra range?
0x8008C6EC,func_8008C6EC,ours,0,,recomp,,,libultra range?
0x8008C704,func_8008C704,ours,0,,recomp,,,libultra range?
0x8008C738,func_8008C738,ours,0,,recomp,,,libultra range?
0x8008C770,func_8008C770,ours,1,,recomp,,,libultra range?
0x8008C7B0,osJamMesg,libultra,4,,recomp,,high,first = (first + msgCount - 1) % msgCount
0x8008C900,osPiGetCmdQueue,libultra,0,os,recomp,,high,libultra range?
0x8008C930,osSendMesg,libultra,4,,recomp,,high,index (first + validCount) % msgCount
0x8008CA80,__osDisableInt,libultra,0,,recomp,,high,mfc0/mtc0 Status IE
0x8008CAA0,__osRestoreInt,libultra,0,,recomp,,med,
0x8008CAC0,func_8008CAC0,ours,0,,recomp,,,libultra range?
0x8008CB00,func_8008CB00,ours,0,,recomp,,,libultra range?; indirect jr
0x8008CB10,func_8008CB10,ours,2,,recomp,,,libultra range?; privileged instrs; runtime-provided
0x8008D044,func_8008D044,ours,1,,recomp,,,libultra range?; indirect jr
0x8008D12C,func_8008D12C,ours,2,,recomp,,,libultra range?
0x8008D22C,func_8008D22C,ours,0,,recomp,,,libultra range?
0x8008D274,func_8008D274,ours,0,,recomp,,,libultra range?
0x8008D284,func_8008D284,ours,1,,recomp,,,libultra range?; privileged instrs; runtime-provided
0x8008D400,func_8008D400,ours,3,,recomp,,,libultra range?; falls through into func_8008D410
0x8008D410,func_8008D410,ours,0,,recomp,,,libultra range?
0x8008D420,func_8008D420,ours,0,,recomp,,,libultra range?
0x8008D450,func_8008D450,ours,0,,recomp,,,libultra range?; privileged instrs; runtime-provided
0x8008D510,func_8008D510,ours,1,,recomp,,,libultra range?
0x8008D554,func_8008D554,ours,1,,recomp,,,libultra range?
0x8008D5A8,func_8008D5A8,ours,1,,recomp,,,libultra range?
0x8008D5FC,func_8008D5FC,ours,1,,recomp,,,libultra range?
0x8008D684,func_8008D684,ours,1,,recomp,,,libultra range?
0x8008D72C,func_8008D72C,ours,1,,recomp,,,libultra range?
0x8008D7D0,func_8008D7D0,ours,0,,recomp,,,libultra range?
0x8008D870,func_8008D870,ours,1,,recomp,,,libultra range?
0x8008DCB0,func_8008DCB0,ours,2,,recomp,,,libultra range?
0x8008DD50,func_8008DD50,ours,0,,recomp,,,libultra range?
0x8008DD80,func_8008DD80,ours,0,,recomp,,,libultra range?
0x8008DEA0,func_8008DEA0,ours,1,,recomp,,,libultra range?
0x8008E074,func_8008E074,ours,0,,recomp,,,libultra range?
0x8008E420,func_8008E420,ours,0,,recomp,,,libultra range?
0x8008E54C,func_8008E54C,ours,1,,recomp,,,libultra range?
0x8008E9F0,func_8008E9F0,ours,0,,recomp,,,libultra range?
0x8008EADC,func_8008EADC,ours,2,,recomp,,,libultra range?
0x8008ECF0,func_8008ECF0,ours,0,,recomp,,,libultra range?
0x8008ED18,func_8008ED18,ours,0,,recomp,,,libultra range?
0x8008EE04,func_8008EE04,ours,0,,recomp,,,libultra range?
0x8008EEE4,func_8008EEE4,ours,1,,recomp,,,libultra range?
0x8008F0B4,func_8008F0B4,ours,2,,recomp,,,libultra range?
0x8008F34C,func_8008F34C,ours,0,,recomp,,,libultra range?
0x8008F3FC,func_8008F3FC,ours,3,,recomp,,,libultra range?
0x8008F950,func_8008F950,ours,0,,recomp,,,libultra range?
0x8008F980,func_8008F980,ours,0,,recomp,,,libultra range?
0x8008FA60,func_8008FA60,ours,0,,recomp,,,libultra range?
0x8008FA94,func_8008FA94,ours,0,,recomp,,,libultra range?
0x8008FB20,func_8008FB20,ours,1,,recomp,,,libultra range?
0x8008FBCC,func_8008FBCC,ours,1,,recomp,,,libultra range?
0x8008FC3C,func_8008FC3C,ours,1,,recomp,,,libultra range?
0x8008FD60,func_8008FD60,ours,1,,recomp,,,libultra range?
0x8008FDEC,func_8008FDEC,ours,1,,recomp,,,libultra range?
0x8008FE60,func_8008FE60,ours,1,,recomp,,,libultra range?
0x8008FEB0,func_8008FEB0,ours,1,,recomp,,,libultra range?
0x8008FF98,func_8008FF98,ours,2,,recomp,,,libultra range?
0x800900E0,func_800900E0,ours,1,,recomp,,,libultra range?
0x80090170,func_80090170,ours,1,,recomp,,,libultra range?
0x80090200,func_80090200,ours,1,,recomp,,,libultra range?
0x800902A0,func_800902A0,ours,1,,recomp,,,libultra range?
0x80090330,func_80090330,ours,1,,recomp,,,libultra range?
0x800903D0,func_800903D0,ours,1,,recomp,,,libultra range?
0x80090450,func_80090450,ours,2,,recomp,,,libultra range?
0x80090500,func_80090500,ours,0,,recomp,,,libultra range?
0x800905A0,func_800905A0,ours,5,,recomp,,,libultra range?
0x800905F0,func_800905F0,ours,6,,recomp,,,libultra range?
0x80090634,func_80090634,ours,5,,recomp,,,libultra range?
0x80090660,func_80090660,ours,1,,recomp,,,libultra range?
0x800906F0,func_800906F0,ours,2,,recomp,,,libultra range?
0x800907D0,func_800907D0,ours,2,,recomp,,,libultra range?
0x80090880,func_80090880,ours,5,,recomp,,,libultra range?
0x8009094C,func_8009094C,ours,0,,recomp,,,libultra range?
0x80090A0C,func_80090A0C,ours,0,,recomp,,,libultra range?
0x80090AB0,func_80090AB0,ours,0,,recomp,,,libultra range?
0x80090B24,func_80090B24,ours,0,,recomp,,,libultra range?
0x80090C20,func_80090C20,ours,9,,recomp,,,libultra range?
0x80090F70,func_80090F70,ours,9,,recomp,,,libultra range?
0x800910D4,func_800910D4,ours,10,,recomp,,,libultra range?
0x80091280,func_80091280,ours,9,,recomp,,,libultra range?
0x80091354,func_80091354,ours,9,,recomp,,,libultra range?
0x80091630,func_80091630,ours,11,,recomp,,,libultra range?
0x80091B68,func_80091B68,ours,10,,recomp,,,libultra range?
0x80091E34,func_80091E34,ours,10,,recomp,,,libultra range?
0x80091FD0,func_80091FD0,ours,8,,recomp,,,libultra range?
0x80092050,func_80092050,ours,7,,recomp,,,libultra range?
0x80092250,func_80092250,ours,0,,recomp,,,libultra range?
0x80092560,func_80092560,ours,3,,recomp,,,libultra range?
0x800926A0,func_800926A0,ours,10,,recomp,,,libultra range?
0x80092850,func_80092850,ours,0,,recomp,,,libultra range?
0x800928F0,func_800928F0,ours,7,,recomp,,,libultra range?
0x80092B10,func_80092B10,ours,3,,recomp,,,libultra range?
0x80093180,func_80093180,ours,4,,recomp,,,libultra range?
0x800937D0,func_800937D0,ours,5,,recomp,,,libultra range?
0x80093820,func_80093820,ours,6,,recomp,,,libultra range?
0x80093864,func_80093864,ours,5,,recomp,,,libultra range?
0x80093890,func_80093890,ours,0,,recomp,,,libultra range?
0x800938F0,func_800938F0,ours,0,,recomp,,,libultra range?
0x80093900,func_80093900,ours,0,,recomp,,,libultra range?; privileged instrs; runtime-provided
0x80093980,func_80093980,ours,0,,recomp,,,libultra range?
0x80093990,func_80093990,ours,0,,recomp,,,libultra range?
0x800939D0,func_800939D0,ours,2,,recomp,,,libultra range?
0x80093A60,func_80093A60,ours,0,,recomp,,,libultra range?
0x80093A90,func_80093A90,ours,0,,recomp,,,libultra range?
0x80093B60,func_80093B60,ours,0,,recomp,,,libultra range?
0x80093C00,func_80093C00,ours,0,,recomp,,,libultra range?
0x80093C10,func_80093C10,ours,0,,recomp,,,libultra range?
0x80093C20,__osSetFpcCsr,libultra,0,,recomp,,high,cfc1 v0; ctc1 a0
0x80093C30,func_80093C30,ours,1,,recomp,,,libultra range?
0x80093C80,func_80093C80,ours,1,,recomp,,,libultra range?
0x80093CD0,func_80093CD0,ours,0,,recomp,,,libultra range?; privileged instrs; runtime-provided
0x80093D50,func_80093D50,ours,0,,recomp,,,libultra range?; privileged instrs; runtime-provided
0x80093DB0,func_80093DB0,ours,0,,recomp,,,libultra range?
0x80093E3C,func_80093E3C,ours,5,,recomp,,,libultra range?
0x80093FB4,func_80093FB4,ours,1,,recomp,,,libultra range?
0x80094028,func_80094028,ours,1,,recomp,,,libultra range?
0x800941B0,func_800941B0,ours,0,,recomp,,,libultra range?
0x800941D0,func_800941D0,ours,0,,recomp,,,libultra range?
0x800941E0,func_800941E0,ours,2,,recomp,,,libultra range?
0x800944E0,__osPiRawStartDma,libultra,2,os,recomp,,high,libultra range?
0x800945C0,__osEPiRawStartDma,libultra,2,os,recomp,,high,libultra range?
0x800947F0,func_800947F0,ours,5,,recomp,,,libultra range?
0x80094C70,func_80094C70,ours,0,,recomp,,,libultra range?
0x80094C80,func_80094C80,ours,7,,recomp,,,libultra range?
0x80094E44,func_80094E44,ours,0,,recomp,,,libultra range?
0x80094ED0,func_80094ED0,ours,7,,recomp,,,libultra range?
0x80095048,func_80095048,ours,0,,recomp,,,libultra range?
0x800950F4,func_800950F4,ours,5,,recomp,,,libultra range?
0x800952A0,func_800952A0,ours,3,,recomp,,,libultra range?
0x80095820,func_80095820,ours,2,,recomp,,,libultra range?
0x800958D4,func_800958D4,ours,1,,recomp,,,libultra range?
0x80095990,func_80095990,ours,2,,recomp,,,libultra range?
0x80095AA0,func_80095AA0,ours,0,,recomp,,,libultra range?
0x80095AC0,func_80095AC0,ours,0,,recomp,,,libultra range?
0x80095B68,func_80095B68,ours,2,,recomp,,,libultra range?
0x80095C20,func_80095C20,ours,2,,recomp,,,libultra range?
0x80095DA8,func_80095DA8,ours,2,,recomp,,,libultra range?
0x80095F34,func_80095F34,ours,3,,recomp,,,libultra range?
0x80096158,func_80096158,ours,1,,recomp,,,libultra range?
0x800963B4,func_800963B4,ours,0,,recomp,,,libultra range?
0x800963CC,func_800963CC,ours,4,,recomp,,,libultra range?
0x80096710,func_80096710,ours,0,,recomp,,,libultra range?
0x80096790,func_80096790,ours,7,,recomp,,,libultra range?
0x80096930,func_80096930,ours,0,,recomp,,,libultra range?
0x80096A00,func_80096A00,ours,0,,recomp,,,libultra range?
0x80096AD0,func_80096AD0,ours,0,,recomp,,,libultra range?
0x80096BF0,func_80096BF0,ours,2,,recomp,,,libultra range?
0x80096E90,func_80096E90,ours,1,,recomp,,,libultra range?
0x800973F8,func_800973F8,ours,0,,recomp,,,libultra range?
0x80097400,func_80097400,ours,2,,recomp,,,libultra range?
0x80097950,func_80097950,ours,0,,recomp,,,libultra range?
0x80097980,func_80097980,ours,0,,recomp,,,libultra range?; privileged instrs; runtime-provided
0x80097990,func_80097990,ours,1,,recomp,,,libultra range?
0x800979F0,func_800979F0,ours,0,,recomp,,,libultra range?
0x80097B80,func_80097B80,ours,0,,recomp,,,libultra range?
0x80097D20,func_80097D20,ours,1,,recomp,,,libultra range?
0x80097D70,func_80097D70,ours,3,,recomp,,,libultra range?
0x80097DC0,func_80097DC0,ours,1,,recomp,,,libultra range?
0x80097E60,func_80097E60,ours,1,,recomp,,,libultra range?
0x80097F60,func_80097F60,ours,0,,recomp,,,libultra range?
